,protein_id,namespace,phage_id,description,isPhage,struc_cluster_id,struc_cluster_size
6092,AYD82627.1,biological_process,MH751506.1,DNA adenine methyltransferase,True,45,4
6090,NP_049647.1,biological_process,NC_000866.4,Dam family site-specific DNA-(adenine-N6)-methyltransferase,True,45,4
8814,QXV82123.1,molecular_function,MZ501089,Dam-like N6-adenine methyltransferase,True,45,4
6091,NP_417846.1,biological_process,NC_000913.3,DNA adenine methyltransferase,False,45,4
6148,AYD82627.1,biological_process,MH751506.1,DNA adenine methyltransferase,True,45,4
6093,QXV82123.1,biological_process,MZ501089,Dam-like N6-adenine methyltransferase,True,45,4
1636,AYD82627.1,biological_process,MH751506.1,DNA adenine methyltransferase,True,45,4
1627,NP_417846.1,biological_process,NC_000913.3,DNA adenine methyltransferase,False,45,4
8810,NP_049647.1,molecular_function,NC_000866.4,Dam family site-specific DNA-(adenine-N6)-methyltransferase,True,45,4
1638,QXV82123.1,biological_process,MZ501089,Dam-like N6-adenine methyltransferase,True,45,4
8812,NP_417846.1,molecular_function,NC_000913.3,DNA adenine methyltransferase,False,45,4
6147,NP_417846.1,biological_process,NC_000913.3,DNA adenine methyltransferase,False,45,4
8813,AYD82627.1,molecular_function,MH751506.1,DNA adenine methyltransferase,True,45,4
1605,NP_049647.1,biological_process,NC_000866.4,Dam family site-specific DNA-(adenine-N6)-methyltransferase,True,45,4
6145,NP_049647.1,biological_process,NC_000866.4,Dam family site-specific DNA-(adenine-N6)-methyltransferase,True,45,4
6149,QXV82123.1,biological_process,MZ501089,Dam-like N6-adenine methyltransferase,True,45,4
3559,NP_416065.1,molecular_function,NC_000913.3,putative prophage side tail fiber protein StfQ,False,96,2
3558,NP_040604.1,molecular_function,NC_001416,tail fiber protein,True,96,2
4689,YP_006536.1,biological_process,NC_005856.1,exonuclease recombination-associated,True,106,8
4694,QXV83968.1,biological_process,MZ501100,putative recombination protein,True,106,8
4695,QXV81574.1,biological_process,MZ501084,putative recombination protein,True,106,8
4690,XPK41815.1,biological_process,PQ850612,exonuclease recombination-associated protein,True,106,8
4691,QXV78363.1,biological_process,MZ501063,putative recombination protein,True,106,8
4692,XPK41311.1,biological_process,PQ850607,exonuclease recombination-associated protein,True,106,8
4693,NP_414927.1,biological_process,NC_000913.3,nucleoid-associated protein RdgC,False,106,8
724,NP_415324.1,molecular_function,NC_000913.3,zinc finger domain-containing protein YbiI,False,156,2
723,NP_046793.1,molecular_function,NC_001895.1,DksA-like zinc-finger protein,True,156,2
6089,QXV81722.1,biological_process,MZ501086,dihydrofolate reductase,True,244,2
6087,NP_414590.1,biological_process,NC_000913.3,dihydrofolate reductase,False,244,2
1426,QXV81722.1,biological_process,MZ501086,dihydrofolate reductase,True,244,2
1414,NP_414590.1,biological_process,NC_000913.3,dihydrofolate reductase,False,244,2
7725,NP_414590.1,molecular_function,NC_000913.3,dihydrofolate reductase,False,244,2
3242,NP_416953.1,molecular_function,NC_000913.3,phosphate acetyltransferase EutD,False,258,63
10324,YP_026185.1,biological_process,NC_000913.3,putative carbamoyltransferase YgeW,False,258,63
3629,NP_414594.1,molecular_function,NC_000913.3,4-hydroxythreonine-4-phosphate dehydrogenase,False,258,63
10323,NP_414807.1,biological_process,NC_000913.3,ornithine carbamoyltransferase ArgF,False,258,63
6824,NP_417101.1,biological_process,NC_000913.3,signal recognition particle protein component,False,258,63
5976,NP_418076.1,biological_process,NC_000913.3,ADP-L-glycero-D-mannoheptose 6-epimerase,False,258,63
10322,NP_418666.1,biological_process,NC_000913.3,aspartate carbamoyltransferase catalytic subunit,False,258,63
2533,NP_415271.1,biological_process,NC_000913.3,quinolinate synthase,False,258,63
3394,NP_417101.1,biological_process,NC_000913.3,signal recognition particle protein component,False,258,63
10880,QXV84791.1,molecular_function,MZ501106,polynucleotide kinase,True,258,63
2849,NP_414715.1,biological_process,NC_000913.3,1-deoxy-D-xylulose 5-phosphate reductoisomerase,False,258,63
4651,NP_414632.1,molecular_function,NC_000913.3,N-acetylglucosaminyl transferase,False,258,63
2704,NP_415608.2,biological_process,NC_000913.3,putative phosphate acyltransferase,False,258,63
10490,NP_414594.1,biological_process,NC_000913.3,4-hydroxythreonine-4-phosphate dehydrogenase,False,258,63
2991,NP_417101.1,biological_process,NC_000913.3,signal recognition particle protein component,False,258,63
10672,NP_418090.1,molecular_function,NC_000913.3,KDO transferase,False,258,63
3888,QXV83948.1,biological_process,MZ501100,"putative dTDP-D-glucose 4,6-dehydratase",True,258,63
3887,YP_026255.1,biological_process,NC_000913.3,"dTDP-glucose 4,6-dehydratase 2",False,258,63
10866,QXV76898.1,molecular_function,MZ501056,polynucleotide kinase,True,258,63
10867,QXV75059.1,molecular_function,MZ501047,polynucleotide kinase,True,258,63
10868,QXV75331.1,molecular_function,MZ501046,polynucleotide kinase,True,258,63
10869,QXV75909.1,molecular_function,MZ501050,polynucleotide kinase,True,258,63
10870,AXN58254.1,molecular_function,MH550421.1,polynucleotide kinase,True,258,63
2080,NP_416953.1,molecular_function,NC_000913.3,phosphate acetyltransferase EutD,False,258,63
5890,NP_416314.1,molecular_function,NC_000913.3,D-malate/3-isopropylmalate dehydrogenase (decarboxylating),False,258,63
10871,QXV83086.1,molecular_function,MZ501096,polynucleotide kinase,True,258,63
10872,QXV85892.1,molecular_function,MZ501113,polynucleotide kinase,True,258,63
10873,QXV83422.1,molecular_function,MZ501098,polynucleotide kinase,True,258,63
10874,QXV79044.1,molecular_function,MZ501067,polynucleotide kinase,True,258,63
10875,AYD82811.1,molecular_function,MH751506.1,polynucleotide kinase,True,258,63
10876,QXV76266.1,molecular_function,MZ501052,polynucleotide kinase,True,258,63
10877,QXV78765.1,molecular_function,MZ501066,polynucleotide kinase,True,258,63
10878,QXV78496.1,molecular_function,MZ501065,polynucleotide kinase,True,258,63
10879,NP_049834.1,molecular_function,NC_000866.4,polynucleotide kinase,True,258,63
10881,QXV82036.1,molecular_function,MZ501089,polynucleotide kinase,True,258,63
3885,QXV81554.1,biological_process,MZ501084,"putative dTDP-D-glucose 4,6-dehydratase",True,258,63
3884,NP_416545.1,biological_process,NC_000913.3,"dTDP-glucose 4,6-dehydratase 1",False,258,63
3886,QXV78343.1,biological_process,MZ501063,"putative dTDP-D-glucose 4,6-dehydratase",True,258,63
9787,NP_415271.1,biological_process,NC_000913.3,quinolinate synthase,False,258,63
7085,NP_049658.1,biological_process,NC_000866.4,beta-glucosyltransferase,True,258,63
9283,NP_416556.1,biological_process,NC_000913.3,GDP-L-fucose synthase,False,258,63
4081,NP_414807.1,biological_process,NC_000913.3,ornithine carbamoyltransferase ArgF,False,258,63
4080,NP_418666.1,biological_process,NC_000913.3,aspartate carbamoyltransferase catalytic subunit,False,258,63
4079,NP_418675.1,biological_process,NC_000913.3,ornithine carbamoyltransferase ArgI,False,258,63
4078,YP_026185.1,biological_process,NC_000913.3,putative carbamoyltransferase YgeW,False,258,63
4077,NP_414807.1,biological_process,NC_000913.3,ornithine carbamoyltransferase ArgF,False,258,63
4076,NP_418666.1,biological_process,NC_000913.3,aspartate carbamoyltransferase catalytic subunit,False,258,63
4075,NP_418675.1,biological_process,NC_000913.3,ornithine carbamoyltransferase ArgI,False,258,63
8167,NP_414615.4,molecular_function,NC_000913.3,3-isopropylmalate dehydrogenase,False,258,63
3062,NP_414632.1,biological_process,NC_000913.3,N-acetylglucosaminyl transferase,False,258,63
1664,NP_418666.1,biological_process,NC_000913.3,aspartate carbamoyltransferase catalytic subunit,False,258,63
9152,NP_414807.1,biological_process,NC_000913.3,ornithine carbamoyltransferase ArgF,False,258,63
9151,NP_418675.1,biological_process,NC_000913.3,ornithine carbamoyltransferase ArgI,False,258,63
711,NP_417101.1,biological_process,NC_000913.3,signal recognition particle protein component,False,258,63
8955,NP_415271.1,molecular_function,NC_000913.3,quinolinate synthase,False,258,63
8166,NP_415654.1,molecular_function,NC_000913.3,isocitrate dehydrogenase,False,258,63
8165,NP_416314.1,molecular_function,NC_000913.3,D-malate/3-isopropylmalate dehydrogenase (decarboxylating),False,258,63
10316,NP_417101.1,biological_process,NC_000913.3,signal recognition particle protein component,False,258,63
10321,NP_418675.1,biological_process,NC_000913.3,ornithine carbamoyltransferase ArgI,False,258,63
3141,NP_414615.4,biological_process,NC_000913.3,3-isopropylmalate dehydrogenase,False,258,63
3147,NP_415654.1,biological_process,NC_000913.3,isocitrate dehydrogenase,False,258,63
5209,YP_026257.1,biological_process,NC_000913.3,TDP-N-acetylfucosamine:lipid II N-acetylfucosaminyltransferase,False,258,63
1900,NP_418675.1,molecular_function,NC_000913.3,ornithine carbamoyltransferase ArgI,False,258,63
1901,NP_414807.1,molecular_function,NC_000913.3,ornithine carbamoyltransferase ArgF,False,258,63
4082,YP_026185.1,biological_process,NC_000913.3,putative carbamoyltransferase YgeW,False,258,63
7812,NP_418026.1,biological_process,NC_000913.3,DNA-binding transcriptional dual regulator XylR,False,258,63
4304,NP_416557.1,biological_process,NC_000913.3,"GDP-mannose 4,6-dehydratase",False,258,63
7835,NP_418026.1,biological_process,NC_000913.3,DNA-binding transcriptional dual regulator XylR,False,258,63
6096,NP_415608.2,biological_process,NC_000913.3,putative phosphate acyltransferase,False,258,63
1103,NP_416554.1,molecular_function,NC_000913.3,colanic acid biosynthesis fucosyltransferase WcaI,False,258,63
1102,NP_416536.1,molecular_function,NC_000913.3,putative glycosyltransferase WbbK,False,258,63
1100,NP_418090.1,molecular_function,NC_000913.3,KDO transferase,False,258,63
1098,NP_418088.1,molecular_function,NC_000913.3,lipopolysaccharide glucosyltransferase I,False,258,63
6066,NP_416953.1,molecular_function,NC_000913.3,phosphate acetyltransferase EutD,False,258,63
3939,NP_414632.1,molecular_function,NC_000913.3,N-acetylglucosaminyl transferase,False,258,63
8765,NP_417101.1,biological_process,NC_000913.3,signal recognition particle protein component,False,258,63
4085,NP_414807.1,biological_process,NC_000913.3,ornithine carbamoyltransferase ArgF,False,258,63
4086,YP_026185.1,biological_process,NC_000913.3,putative carbamoyltransferase YgeW,False,258,63
4083,NP_418675.1,biological_process,NC_000913.3,ornithine carbamoyltransferase ArgI,False,258,63
6654,NP_414715.1,molecular_function,NC_000913.3,1-deoxy-D-xylulose 5-phosphate reductoisomerase,False,258,63
6626,NP_414715.1,molecular_function,NC_000913.3,1-deoxy-D-xylulose 5-phosphate reductoisomerase,False,258,63
9428,YP_026253.1,biological_process,NC_000913.3,UDP-N-acetylglucosamine 2-epimerase,False,258,63
4084,NP_418666.1,biological_process,NC_000913.3,aspartate carbamoyltransferase catalytic subunit,False,258,63
3184,NP_414757.1,molecular_function,NC_000913.3,D-sedoheptulose 7-phosphate isomerase,False,319,4
1135,NP_414757.1,biological_process,NC_000913.3,D-sedoheptulose 7-phosphate isomerase,False,319,4
1134,NP_417618.1,biological_process,NC_000913.3,DnaA initiator-associating protein DiaA,False,319,4
1129,QXV76992.1,biological_process,MZ501056,putative phosphosugar isomerase,True,319,4
1128,QXV75158.1,biological_process,MZ501047,putative phosphosugar isomerase,True,319,4
10982,QXV75158.1,biological_process,MZ501047,putative phosphosugar isomerase,True,319,4
10983,QXV76992.1,biological_process,MZ501056,putative phosphosugar isomerase,True,319,4
10988,NP_417618.1,biological_process,NC_000913.3,DnaA initiator-associating protein DiaA,False,319,4
10989,NP_414757.1,biological_process,NC_000913.3,D-sedoheptulose 7-phosphate isomerase,False,319,4
4052,NP_415892.1,biological_process,NC_000913.3,putative site-specific recombinase,False,373,5
4051,NP_415676.1,biological_process,NC_000913.3,site-specific DNA recombinase,False,373,5
4053,NP_416063.1,biological_process,NC_000913.3,putative recombinase PinQ,False,373,5
4062,YP_006499.1,biological_process,NC_005856.1,DNA invertase,True,373,5
9916,YP_006499.1,biological_process,NC_005856.1,DNA invertase,True,373,5
9913,NP_416063.1,biological_process,NC_000913.3,putative recombinase PinQ,False,373,5
9910,NP_415892.1,biological_process,NC_000913.3,putative site-specific recombinase,False,373,5
9908,NP_415676.1,biological_process,NC_000913.3,site-specific DNA recombinase,False,373,5
4054,YP_006499.1,biological_process,NC_005856.1,DNA invertase,True,373,5
4055,NP_415676.1,biological_process,NC_000913.3,site-specific DNA recombinase,False,373,5
4056,NP_415892.1,biological_process,NC_000913.3,putative site-specific recombinase,False,373,5
4059,NP_416063.1,biological_process,NC_000913.3,putative recombinase PinQ,False,373,5
4066,YP_006499.1,biological_process,NC_005856.1,DNA invertase,True,373,5
4065,NP_416063.1,biological_process,NC_000913.3,putative recombinase PinQ,False,373,5
4063,NP_415676.1,biological_process,NC_000913.3,site-specific DNA recombinase,False,373,5
4064,NP_415892.1,biological_process,NC_000913.3,putative site-specific recombinase,False,373,5
1040,QXV83145.1,biological_process,MZ501096,type II topoisomerase large subunit,True,412,17
8076,NP_417502.1,biological_process,NC_000913.3,DNA topoisomerase IV subunit B,False,412,17
1041,AYD82600.1,biological_process,MH751506.1,DNA topoisomerase II large subunit,True,412,17
8075,QXV76948.1,biological_process,MZ501056,type II topoisomerase large subunit,True,412,17
8073,QXV79103.1,biological_process,MZ501067,type II topoisomerase large subunit,True,412,17
8074,QXV85951.1,biological_process,MZ501113,type II topoisomerase large subunit,True,412,17
1039,QXV78825.1,biological_process,MZ501066,type II topoisomerase large subunit,True,412,17
8072,QXV83479.1,biological_process,MZ501098,type II topoisomerase large subunit,True,412,17
8069,QXV75111.1,biological_process,MZ501047,type II topoisomerase large subunit,True,412,17
8068,QXV78554.1,biological_process,MZ501065,type II topoisomerase large subunit,True,412,17
1042,QXV78554.1,biological_process,MZ501065,type II topoisomerase large subunit,True,412,17
1038,QXV82095.1,biological_process,MZ501089,type II topoisomerase large subunit,True,412,17
1034,QXV75390.1,biological_process,MZ501046,type II topoisomerase large subunit,True,412,17
8157,NP_415006.1,biological_process,NC_000913.3,chaperone protein HtpG,False,412,17
1037,QXV84852.1,biological_process,MZ501106,type II topoisomerase large subunit,True,412,17
1036,QXV75966.1,biological_process,MZ501050,type II topoisomerase large subunit,True,412,17
1035,QXV76326.1,biological_process,MZ501052,type II topoisomerase large subunit,True,412,17
8067,AYD82600.1,biological_process,MH751506.1,DNA topoisomerase II large subunit,True,412,17
1047,QXV79103.1,biological_process,MZ501067,type II topoisomerase large subunit,True,412,17
1048,QXV85951.1,biological_process,MZ501113,type II topoisomerase large subunit,True,412,17
1049,QXV76948.1,biological_process,MZ501056,type II topoisomerase large subunit,True,412,17
1050,NP_417502.1,biological_process,NC_000913.3,DNA topoisomerase IV subunit B,False,412,17
1051,AXN58044.1,biological_process,MH550421.1,DNA topoisomerase II large subunit,True,412,17
1153,NP_415006.1,biological_process,NC_000913.3,chaperone protein HtpG,False,412,17
8077,AXN58044.1,biological_process,MH550421.1,DNA topoisomerase II large subunit,True,412,17
8066,QXV83145.1,biological_process,MZ501096,type II topoisomerase large subunit,True,412,17
1046,QXV83479.1,biological_process,MZ501098,type II topoisomerase large subunit,True,412,17
8064,QXV82095.1,biological_process,MZ501089,type II topoisomerase large subunit,True,412,17
6711,AYD82600.1,biological_process,MH751506.1,DNA topoisomerase II large subunit,True,412,17
6712,QXV78554.1,biological_process,MZ501065,type II topoisomerase large subunit,True,412,17
6713,QXV75111.1,biological_process,MZ501047,type II topoisomerase large subunit,True,412,17
6716,QXV83479.1,biological_process,MZ501098,type II topoisomerase large subunit,True,412,17
6717,QXV79103.1,biological_process,MZ501067,type II topoisomerase large subunit,True,412,17
6718,QXV85951.1,biological_process,MZ501113,type II topoisomerase large subunit,True,412,17
6719,QXV76948.1,biological_process,MZ501056,type II topoisomerase large subunit,True,412,17
6720,NP_417502.1,biological_process,NC_000913.3,DNA topoisomerase IV subunit B,False,412,17
6721,AXN58044.1,biological_process,MH550421.1,DNA topoisomerase II large subunit,True,412,17
8065,QXV78825.1,biological_process,MZ501066,type II topoisomerase large subunit,True,412,17
6725,QXV76326.1,molecular_function,MZ501052,type II topoisomerase large subunit,True,412,17
6726,QXV75966.1,molecular_function,MZ501050,type II topoisomerase large subunit,True,412,17
6727,QXV84852.1,molecular_function,MZ501106,type II topoisomerase large subunit,True,412,17
6728,QXV82095.1,molecular_function,MZ501089,type II topoisomerase large subunit,True,412,17
6729,QXV78825.1,molecular_function,MZ501066,type II topoisomerase large subunit,True,412,17
6730,QXV83145.1,molecular_function,MZ501096,type II topoisomerase large subunit,True,412,17
6736,AYD82600.1,molecular_function,MH751506.1,DNA topoisomerase II large subunit,True,412,17
6737,QXV78554.1,molecular_function,MZ501065,type II topoisomerase large subunit,True,412,17
6739,QXV75111.1,molecular_function,MZ501047,type II topoisomerase large subunit,True,412,17
6710,QXV83145.1,biological_process,MZ501096,type II topoisomerase large subunit,True,412,17
6709,QXV78825.1,biological_process,MZ501066,type II topoisomerase large subunit,True,412,17
6708,QXV82095.1,biological_process,MZ501089,type II topoisomerase large subunit,True,412,17
6707,QXV84852.1,biological_process,MZ501106,type II topoisomerase large subunit,True,412,17
1899,NP_417502.1,biological_process,NC_000913.3,DNA topoisomerase IV subunit B,False,412,17
6563,QXV75390.1,biological_process,MZ501046,type II topoisomerase large subunit,True,412,17
6564,QXV76326.1,biological_process,MZ501052,type II topoisomerase large subunit,True,412,17
6565,QXV75966.1,biological_process,MZ501050,type II topoisomerase large subunit,True,412,17
6566,QXV84852.1,biological_process,MZ501106,type II topoisomerase large subunit,True,412,17
6567,QXV82095.1,biological_process,MZ501089,type II topoisomerase large subunit,True,412,17
6568,QXV78825.1,biological_process,MZ501066,type II topoisomerase large subunit,True,412,17
6569,QXV83145.1,biological_process,MZ501096,type II topoisomerase large subunit,True,412,17
6570,AYD82600.1,biological_process,MH751506.1,DNA topoisomerase II large subunit,True,412,17
6742,QXV83479.1,molecular_function,MZ501098,type II topoisomerase large subunit,True,412,17
6571,QXV78554.1,biological_process,MZ501065,type II topoisomerase large subunit,True,412,17
6575,QXV83479.1,biological_process,MZ501098,type II topoisomerase large subunit,True,412,17
6576,QXV79103.1,biological_process,MZ501067,type II topoisomerase large subunit,True,412,17
6577,QXV85951.1,biological_process,MZ501113,type II topoisomerase large subunit,True,412,17
6578,QXV76948.1,biological_process,MZ501056,type II topoisomerase large subunit,True,412,17
6579,NP_417502.1,biological_process,NC_000913.3,DNA topoisomerase IV subunit B,False,412,17
6580,AXN58044.1,biological_process,MH550421.1,DNA topoisomerase II large subunit,True,412,17
6704,QXV75390.1,biological_process,MZ501046,type II topoisomerase large subunit,True,412,17
6705,QXV76326.1,biological_process,MZ501052,type II topoisomerase large subunit,True,412,17
6706,QXV75966.1,biological_process,MZ501050,type II topoisomerase large subunit,True,412,17
6572,QXV75111.1,biological_process,MZ501047,type II topoisomerase large subunit,True,412,17
6743,QXV79103.1,molecular_function,MZ501067,type II topoisomerase large subunit,True,412,17
6724,QXV75390.1,molecular_function,MZ501046,type II topoisomerase large subunit,True,412,17
6746,QXV76948.1,molecular_function,MZ501056,type II topoisomerase large subunit,True,412,17
6744,QXV85951.1,molecular_function,MZ501113,type II topoisomerase large subunit,True,412,17
1043,QXV75111.1,biological_process,MZ501047,type II topoisomerase large subunit,True,412,17
8060,QXV75390.1,biological_process,MZ501046,type II topoisomerase large subunit,True,412,17
8062,QXV75966.1,biological_process,MZ501050,type II topoisomerase large subunit,True,412,17
3747,NP_417502.1,biological_process,NC_000913.3,DNA topoisomerase IV subunit B,False,412,17
8061,QXV76326.1,biological_process,MZ501052,type II topoisomerase large subunit,True,412,17
8063,QXV84852.1,biological_process,MZ501106,type II topoisomerase large subunit,True,412,17
6754,NP_417502.1,molecular_function,NC_000913.3,DNA topoisomerase IV subunit B,False,412,17
6756,AXN58044.1,molecular_function,MH550421.1,DNA topoisomerase II large subunit,True,412,17
1861,NP_418304.1,molecular_function,NC_000913.3,DNA-binding transcriptional dual regulator NtrC,False,527,17
4399,NP_415356.1,molecular_function,NC_000913.3,ribosomal protein S12 methylthiotransferase RimO,False,527,17
1658,NP_418304.1,biological_process,NC_000913.3,DNA-binding transcriptional dual regulator NtrC,False,527,17
1656,NP_417049.1,biological_process,NC_000913.3,DNA-binding transcriptional activator GlrR,False,527,17
1655,NP_414864.1,biological_process,NC_000913.3,DNA-binding transcriptional dual regulator PrpR,False,527,17
1654,NP_418432.1,biological_process,NC_000913.3,DNA-binding transcriptional activator ZraR,False,527,17
1651,NP_417880.1,biological_process,NC_000913.3,DNA-binding transcriptional activator RtcR,False,527,17
1626,NP_418788.1,biological_process,NC_000913.3,16S rRNA m(2)G1207 methyltransferase,False,527,17
1620,NP_417555.4,biological_process,NC_000913.3,23S rRNA m(2)G1835 methyltransferase,False,527,17
5256,NP_418304.1,biological_process,NC_000913.3,DNA-binding transcriptional dual regulator NtrC,False,527,17
5334,NP_414864.1,biological_process,NC_000913.3,DNA-binding transcriptional dual regulator PrpR,False,527,17
4335,NP_415194.1,biological_process,NC_000913.3,isopentenyl-adenosine A37 tRNA methylthiolase,False,527,17
11142,NP_418788.1,molecular_function,NC_000913.3,16S rRNA m(2)G1207 methyltransferase,False,527,17
6660,NP_418788.1,biological_process,NC_000913.3,16S rRNA m(2)G1207 methyltransferase,False,527,17
11141,NP_417555.4,molecular_function,NC_000913.3,23S rRNA m(2)G1835 methyltransferase,False,527,17
9171,NP_417002.1,molecular_function,NC_000913.3,GMP synthetase,False,527,17
8964,NP_418788.1,molecular_function,NC_000913.3,16S rRNA m(2)G1207 methyltransferase,False,527,17
6288,NP_414864.1,biological_process,NC_000913.3,DNA-binding transcriptional dual regulator PrpR,False,527,17
1857,NP_418432.1,molecular_function,NC_000913.3,DNA-binding transcriptional activator ZraR,False,527,17
1858,NP_414864.1,molecular_function,NC_000913.3,DNA-binding transcriptional dual regulator PrpR,False,527,17
1864,NP_416724.1,molecular_function,NC_000913.3,DNA-binding transcriptional activator/ornithine decarboxylase inhibitor AtoC,False,527,17
4495,XPK41786.1,molecular_function,PQ850612,DNA helicase,True,527,17
1663,NP_416724.1,biological_process,NC_000913.3,DNA-binding transcriptional activator/ornithine decarboxylase inhibitor AtoC,False,527,17
4815,NP_417555.4,molecular_function,NC_000913.3,23S rRNA m(2)G1835 methyltransferase,False,527,17
6851,NP_415194.1,molecular_function,NC_000913.3,isopentenyl-adenosine A37 tRNA methylthiolase,False,527,17
3632,NP_418448.1,biological_process,NC_000913.3,aspartate kinase III,False,527,17
6852,NP_415356.1,molecular_function,NC_000913.3,ribosomal protein S12 methylthiotransferase RimO,False,527,17
8398,NP_415356.1,molecular_function,NC_000913.3,ribosomal protein S12 methylthiotransferase RimO,False,527,17
8397,NP_415194.1,molecular_function,NC_000913.3,isopentenyl-adenosine A37 tRNA methylthiolase,False,527,17
1323,NP_417002.1,biological_process,NC_000913.3,GMP synthetase,False,527,17
3845,NP_415194.1,biological_process,NC_000913.3,isopentenyl-adenosine A37 tRNA methylthiolase,False,527,17
3846,NP_415356.1,biological_process,NC_000913.3,ribosomal protein S12 methylthiotransferase RimO,False,527,17
4816,NP_418788.1,molecular_function,NC_000913.3,16S rRNA m(2)G1207 methyltransferase,False,527,17
1115,NP_418448.1,biological_process,NC_000913.3,aspartate kinase III,False,527,17
4120,NP_417388.1,molecular_function,NC_000913.3,phosphoglycerate dehydrogenase,False,527,17
4115,NP_417388.1,molecular_function,NC_000913.3,phosphoglycerate dehydrogenase,False,527,17
3847,NP_415356.1,biological_process,NC_000913.3,ribosomal protein S12 methylthiotransferase RimO,False,527,17
4396,NP_415194.1,molecular_function,NC_000913.3,isopentenyl-adenosine A37 tRNA methylthiolase,False,527,17
1381,NP_418432.1,biological_process,NC_000913.3,DNA-binding transcriptional activator ZraR,False,527,17
1384,NP_417049.1,biological_process,NC_000913.3,DNA-binding transcriptional activator GlrR,False,527,17
1391,NP_418304.1,biological_process,NC_000913.3,DNA-binding transcriptional dual regulator NtrC,False,527,17
7780,NP_418448.1,biological_process,NC_000913.3,aspartate kinase III,False,527,17
1406,NP_416724.1,biological_process,NC_000913.3,DNA-binding transcriptional activator/ornithine decarboxylase inhibitor AtoC,False,527,17
4523,XPK41256.1,molecular_function,PQ850606,DNA helicase,True,527,17
8768,NP_417002.1,biological_process,NC_000913.3,GMP synthetase,False,527,17
7579,NP_417880.1,biological_process,NC_000913.3,DNA-binding transcriptional activator RtcR,False,527,17
4620,NP_415194.1,molecular_function,NC_000913.3,isopentenyl-adenosine A37 tRNA methylthiolase,False,527,17
422,NP_418214.2,molecular_function,NC_000913.3,putative magnesium chelatase YifB,False,527,17
4637,NP_415356.1,molecular_function,NC_000913.3,ribosomal protein S12 methylthiotransferase RimO,False,527,17
3358,NP_417002.1,biological_process,NC_000913.3,GMP synthetase,False,527,17
7581,NP_417555.4,biological_process,NC_000913.3,23S rRNA m(2)G1835 methyltransferase,False,527,17
4769,QXV83516.1,biological_process,MZ501098,replicative helicase,True,704,53
4731,YP_006543.1,biological_process,NC_005856.1,DnaB-like replicative helicase,True,704,53
6489,QXV78418.1,molecular_function,MZ501064,DNA primase/helicase,True,704,53
6492,XPK40927.1,molecular_function,PQ850602,DNA primase/helicase,True,704,53
6493,XPK40416.1,molecular_function,PQ850595,DNA primase/helicase,True,704,53
6494,QXV80876.1,molecular_function,MZ501081,DNA primase/helicase,True,704,53
6495,XPK42550.1,molecular_function,PQ850620,DNA primase/helicase,True,704,53
6497,XPK40877.1,molecular_function,PQ850601,DNA primase/helicase,True,704,53
6501,QXV80652.1,molecular_function,MZ501078,DNA primase/helicase,True,704,53
6482,QXV76821.1,molecular_function,MZ501055,DNA primase/helicase,True,704,53
6500,NP_041975.1,molecular_function,NC_001604,DNA primase/helicase,True,704,53
4768,QXV76362.1,biological_process,MZ501052,replicative helicase,True,704,53
4756,XPK40877.1,biological_process,PQ850601,DNA primase/helicase,True,704,53
4766,NP_041975.1,biological_process,NC_001604,DNA primase/helicase,True,704,53
4767,QXV75427.1,biological_process,MZ501046,replicative helicase,True,704,53
4798,QXV80217.1,biological_process,MZ501075,DNA helicase,True,704,53
9922,NP_418476.1,biological_process,NC_000913.3,replicative DNA helicase,False,704,53
9921,YP_006543.1,biological_process,NC_005856.1,DnaB-like replicative helicase,True,704,53
2349,NP_415766.1,biological_process,NC_000913.3,K(+) channel Kch,False,704,53
4796,NP_041977.1,biological_process,NC_001604,DNA primase/helicase,True,704,53
4795,QXV85105.1,biological_process,MZ501108,DNA helicase,True,704,53
4794,QXV79642.1,biological_process,MZ501072,DNA helicase,True,704,53
4792,QXV79142.1,biological_process,MZ501067,replicative helicase,True,704,53
4790,QXV84890.1,biological_process,MZ501106,replicative helicase,True,704,53
4789,QXV76003.1,biological_process,MZ501050,replicative helicase,True,704,53
4788,QXV80389.1,biological_process,MZ501076,DNA helicase,True,704,53
9920,YP_007112588.1,biological_process,NC_019723,DnaB-like replicative helicase,True,704,53
4779,QXV78863.1,biological_process,MZ501066,replicative helicase,True,704,53
4777,QXV80049.1,biological_process,MZ501074,DNA helicase,True,704,53
4776,AXN58080.1,biological_process,MH550421.1,helicase,True,704,53
4764,YP_006543.1,biological_process,NC_005856.1,DnaB-like replicative helicase,True,704,53
4775,QXV84591.1,biological_process,MZ501105,DNA helicase,True,704,53
4762,QXV75147.1,biological_process,MZ501047,replicative helicase,True,704,53
4733,YP_007112588.1,biological_process,NC_019723,DnaB-like replicative helicase,True,704,53
4737,QXV77242.1,biological_process,MZ501058,DNA helicase,True,704,53
4739,QXV84340.1,biological_process,MZ501103,DNA helicase,True,704,53
4740,QXV82132.1,biological_process,MZ501089,replicative helicase,True,704,53
4742,QXV85276.1,biological_process,MZ501109,DNA helicase,True,704,53
4744,NP_049654.1,biological_process,NC_000866.4,AAA family ATPase,True,704,53
4745,AYD82636.1,biological_process,MH751506.1,helicase,True,704,53
4748,YP_007112588.1,biological_process,NC_019723,DnaB-like replicative helicase,True,704,53
4751,QXV78418.1,biological_process,MZ501064,DNA primase/helicase,True,704,53
4752,XPK40927.1,biological_process,PQ850602,DNA primase/helicase,True,704,53
4753,XPK40416.1,biological_process,PQ850595,DNA primase/helicase,True,704,53
4754,QXV80876.1,biological_process,MZ501081,DNA primase/helicase,True,704,53
4755,XPK42550.1,biological_process,PQ850620,DNA primase/helicase,True,704,53
4758,QXV83181.1,biological_process,MZ501096,replicative helicase,True,704,53
4759,QXV85988.1,biological_process,MZ501113,replicative helicase,True,704,53
4735,NP_418476.1,biological_process,NC_000913.3,replicative DNA helicase,False,704,53
4734,YP_006543.1,biological_process,NC_005856.1,DnaB-like replicative helicase,True,704,53
4761,QXV76981.1,biological_process,MZ501056,replicative helicase,True,704,53
4732,NP_418476.1,biological_process,NC_000913.3,replicative DNA helicase,False,704,53
4773,NP_418476.1,biological_process,NC_000913.3,replicative DNA helicase,False,704,53
4736,QXV76821.1,biological_process,MZ501055,DNA primase/helicase,True,704,53
4770,QXV78591.1,biological_process,MZ501065,replicative helicase,True,704,53
11098,QXV84890.1,biological_process,MZ501106,replicative helicase,True,704,53
11099,QXV79142.1,biological_process,MZ501067,replicative helicase,True,704,53
11100,QXV76821.1,molecular_function,MZ501055,DNA primase/helicase,True,704,53
4771,QXV80652.1,biological_process,MZ501078,DNA primase/helicase,True,704,53
11102,XPK40927.1,molecular_function,PQ850602,DNA primase/helicase,True,704,53
11103,XPK40416.1,molecular_function,PQ850595,DNA primase/helicase,True,704,53
11104,QXV80876.1,molecular_function,MZ501081,DNA primase/helicase,True,704,53
11105,XPK42550.1,molecular_function,PQ850620,DNA primase/helicase,True,704,53
11106,XPK40877.1,molecular_function,PQ850601,DNA primase/helicase,True,704,53
11107,NP_041975.1,molecular_function,NC_001604,DNA primase/helicase,True,704,53
11097,QXV76003.1,biological_process,MZ501050,replicative helicase,True,704,53
11108,QXV80652.1,molecular_function,MZ501078,DNA primase/helicase,True,704,53
9218,QXV80652.1,molecular_function,MZ501078,DNA primase/helicase,True,704,53
9217,NP_041975.1,molecular_function,NC_001604,DNA primase/helicase,True,704,53
9214,XPK40877.1,molecular_function,PQ850601,DNA primase/helicase,True,704,53
9213,XPK42550.1,molecular_function,PQ850620,DNA primase/helicase,True,704,53
9212,QXV80876.1,molecular_function,MZ501081,DNA primase/helicase,True,704,53
9211,XPK40416.1,molecular_function,PQ850595,DNA primase/helicase,True,704,53
9210,XPK40927.1,molecular_function,PQ850602,DNA primase/helicase,True,704,53
9209,QXV78418.1,molecular_function,MZ501064,DNA primase/helicase,True,704,53
9203,QXV76821.1,molecular_function,MZ501055,DNA primase/helicase,True,704,53
11109,NP_041977.1,molecular_function,NC_001604,DNA primase/helicase,True,704,53
9227,NP_041977.1,molecular_function,NC_001604,DNA primase/helicase,True,704,53
11096,QXV78863.1,biological_process,MZ501066,replicative helicase,True,704,53
11101,QXV78418.1,molecular_function,MZ501064,DNA primase/helicase,True,704,53
11089,QXV76981.1,biological_process,MZ501056,replicative helicase,True,704,53
11087,QXV83181.1,biological_process,MZ501096,replicative helicase,True,704,53
11086,AYD82636.1,biological_process,MH751506.1,helicase,True,704,53
11095,AXN58080.1,biological_process,MH550421.1,helicase,True,704,53
11094,QXV78591.1,biological_process,MZ501065,replicative helicase,True,704,53
11093,QXV83516.1,biological_process,MZ501098,replicative helicase,True,704,53
11092,QXV76362.1,biological_process,MZ501052,replicative helicase,True,704,53
11091,QXV75427.1,biological_process,MZ501046,replicative helicase,True,704,53
11090,QXV75147.1,biological_process,MZ501047,replicative helicase,True,704,53
11085,NP_049654.1,biological_process,NC_000866.4,AAA family ATPase,True,704,53
11084,QXV82132.1,biological_process,MZ501089,replicative helicase,True,704,53
11088,QXV85988.1,biological_process,MZ501113,replicative helicase,True,704,53
3230,NP_415478.1,biological_process,NC_000913.3,cell division inhibitor SulA,False,711,5
2800,NP_415786.1,biological_process,NC_000913.3,cobinamide/cobalamin adenosyltransferase,False,711,5
2168,XPK40753.1,molecular_function,PQ850599,DnaC-like helicase loader,True,711,5
2169,NP_418781.1,molecular_function,NC_000913.3,DNA replication protein DnaC,False,711,5
2167,NP_415878.1,molecular_function,NC_000913.3,putative ATP-binding protein YdaV,False,711,5
5450,NP_418807.4,molecular_function,NC_000913.3,DNA-binding transcriptional repressor/NMN adenylyltransferase NadR,False,734,9
8148,NP_415008.1,biological_process,NC_000913.3,ferrochelatase,False,734,9
7537,NP_418807.4,biological_process,NC_000913.3,DNA-binding transcriptional repressor/NMN adenylyltransferase NadR,False,734,9
7538,QXV85325.1,biological_process,MZ501109,putative nicotinamide-nucleotide adenylyltransferase,True,734,9
3429,QXV79692.1,biological_process,MZ501072,putative nicotinamide-nucleotide adenylyltransferase,True,734,9
3425,QXV85325.1,biological_process,MZ501109,putative nicotinamide-nucleotide adenylyltransferase,True,734,9
3424,NP_418807.4,biological_process,NC_000913.3,DNA-binding transcriptional repressor/NMN adenylyltransferase NadR,False,734,9
731,NP_415008.1,biological_process,NC_000913.3,ferrochelatase,False,734,9
3432,QXV84639.1,biological_process,MZ501105,putative nicotinamide-nucleotide adenylyltransferase,True,734,9
7542,QXV84639.1,biological_process,MZ501105,putative nicotinamide-nucleotide adenylyltransferase,True,734,9
3430,QXV80442.1,biological_process,MZ501076,putative nicotinamide-nucleotide adenylyltransferase,True,734,9
3431,QXV85161.1,biological_process,MZ501108,putative nicotinamide-nucleotide adenylyltransferase,True,734,9
4318,NP_418807.4,biological_process,NC_000913.3,DNA-binding transcriptional repressor/NMN adenylyltransferase NadR,False,734,9
7539,QXV79692.1,biological_process,MZ501072,putative nicotinamide-nucleotide adenylyltransferase,True,734,9
7541,QXV85161.1,biological_process,MZ501108,putative nicotinamide-nucleotide adenylyltransferase,True,734,9
7540,QXV80442.1,biological_process,MZ501076,putative nicotinamide-nucleotide adenylyltransferase,True,734,9
3560,NP_415890.2,molecular_function,NC_000913.3,putative prophage side tail fiber protein StfR,False,751,7
3577,YP_006502.1,biological_process,NC_005856.1,tail fiber protein,True,751,7
5384,QXV81312.1,biological_process,MZ501083,hypothetical protein,True,752,38
5381,QXV79977.1,biological_process,MZ501073,hypothetical protein,True,752,38
5382,QXV85706.1,biological_process,MZ501111,hypothetical protein,True,752,38
5383,QXV81089.1,biological_process,MZ501082,hypothetical protein,True,752,38
5993,NP_418791.1,molecular_function,NC_000913.3,pyrimidine 5'-nucleotidase YjjG,False,752,38
5386,QXV75739.1,biological_process,MZ501048,hypothetical protein,True,752,38
5387,QXV76760.1,biological_process,MZ501054,hypothetical protein,True,752,38
5385,QXV77659.1,biological_process,MZ501060,hypothetical protein,True,752,38
5388,QXV82933.1,biological_process,MZ501094,hypothetical protein,True,752,38
5389,QXV77867.1,biological_process,MZ501061,hypothetical protein,True,752,38
5390,QXV82707.1,biological_process,MZ501093,hypothetical protein,True,752,38
5391,QXV84269.1,biological_process,MZ501102,hypothetical protein,True,752,38
5392,QXV78096.1,biological_process,MZ501062,hypothetical protein,True,752,38
238,QXV79052.1,biological_process,MZ501067,aerobic NDP reductase B subunit,True,760,46
237,NP_049841.1,biological_process,NC_000866.4,ribonucleotide reductase class Ia beta subunit,True,760,46
236,AXN58262.1,biological_process,MH550421.1,ribonucleotide reductase B subunit,True,760,46
235,QXV83430.1,biological_process,MZ501098,aerobic NDP reductase B subunit,True,760,46
234,YP_006922.1,biological_process,NC_005859.1,"putative aerobic ribonucleoside diphosphate reductase, small subunit",True,760,46
233,NP_416738.1,biological_process,NC_000913.3,ribonucleoside-diphosphate reductase 1 subunit beta,False,760,46
9509,QXV80075.1,biological_process,MZ501074,ribonucleoside diphosphate reductase beta subunit,True,760,46
9511,QXV85900.1,biological_process,MZ501113,aerobic NDP reductase B subunit,True,760,46
9510,QXV78504.1,biological_process,MZ501065,aerobic NDP reductase B subunit,True,760,46
239,QXV85700.1,biological_process,MZ501111,class I NTP reductase beta subunit,True,760,46
9508,QXV78773.1,biological_process,MZ501066,aerobic NDP reductase B subunit,True,760,46
9507,QXV85131.1,biological_process,MZ501108,ribonucleoside diphosphate reductase beta subunit,True,760,46
232,QXV84799.1,biological_process,MZ501106,aerobic NDP reductase B subunit,True,760,46
240,QXV77861.1,biological_process,MZ501061,class I NTP reductase beta subunit,True,760,46
244,QXV85303.1,biological_process,MZ501109,ribonucleoside diphosphate reductase beta subunit,True,760,46
242,QXV81083.1,biological_process,MZ501082,class I NTP reductase beta subunit,True,760,46
243,QXV79971.1,biological_process,MZ501073,class I NTP reductase beta subunit,True,760,46
9506,QXV81755.1,biological_process,MZ501086,ribonucleotide reductase beta subunit,True,760,46
245,QXV76907.1,biological_process,MZ501056,aerobic NDP reductase B subunit,True,760,46
246,QXV75339.1,biological_process,MZ501046,aerobic NDP reductase B subunit,True,760,46
247,QXV82044.1,biological_process,MZ501089,aerobic NDP reductase B subunit,True,760,46
248,QXV79667.1,biological_process,MZ501072,ribonucleoside diphosphate reductase beta subunit,True,760,46
249,QXV84364.1,biological_process,MZ501103,ribonucleoside diphosphate reductase beta subunit,True,760,46
250,QXV84617.1,biological_process,MZ501105,ribonucleoside diphosphate reductase beta subunit,True,760,46
251,QXV81755.1,biological_process,MZ501086,ribonucleotide reductase beta subunit,True,760,46
252,QXV85131.1,biological_process,MZ501108,ribonucleoside diphosphate reductase beta subunit,True,760,46
253,QXV78773.1,biological_process,MZ501066,aerobic NDP reductase B subunit,True,760,46
254,QXV80075.1,biological_process,MZ501074,ribonucleoside diphosphate reductase beta subunit,True,760,46
255,QXV78504.1,biological_process,MZ501065,aerobic NDP reductase B subunit,True,760,46
241,QXV78090.1,biological_process,MZ501062,class I NTP reductase beta subunit,True,760,46
9505,QXV84617.1,biological_process,MZ501105,ribonucleoside diphosphate reductase beta subunit,True,760,46
9501,QXV75339.1,biological_process,MZ501046,aerobic NDP reductase B subunit,True,760,46
9503,QXV79667.1,biological_process,MZ501072,ribonucleoside diphosphate reductase beta subunit,True,760,46
6198,QXV81306.1,molecular_function,MZ501083,class I NTP reductase beta subunit,True,760,46
6199,QXV82701.1,molecular_function,MZ501093,class I NTP reductase beta subunit,True,760,46
6200,QXV82927.1,molecular_function,MZ501094,class I NTP reductase beta subunit,True,760,46
6201,QXV85900.1,molecular_function,MZ501113,aerobic NDP reductase B subunit,True,760,46
6202,QXV77653.1,molecular_function,MZ501060,class I NTP reductase beta subunit,True,760,46
6203,QXV75917.1,molecular_function,MZ501050,aerobic NDP reductase B subunit,True,760,46
6204,NP_417162.1,molecular_function,NC_000913.3,ribonucleoside-diphosphate reductase 2 subunit beta,False,760,46
6205,AYD82819.1,molecular_function,MH751506.1,ribonucleotide reductase B subunit,True,760,46
6206,QXV78349.1,molecular_function,MZ501063,class I NTP reductase beta subunit,True,760,46
6207,QXV81560.1,molecular_function,MZ501084,class I NTP reductase beta subunit,True,760,46
6208,QXV83094.1,molecular_function,MZ501096,aerobic NDP reductase B subunit,True,760,46
6209,QXV75068.1,molecular_function,MZ501047,aerobic NDP reductase B subunit,True,760,46
6210,QXV84263.1,molecular_function,MZ501102,class I NTP reductase beta subunit,True,760,46
6211,QXV83954.1,molecular_function,MZ501100,class I NTP reductase beta subunit,True,760,46
6212,QXV80415.1,molecular_function,MZ501076,ribonucleoside diphosphate reductase beta subunit,True,760,46
6213,QXV77270.1,molecular_function,MZ501058,ribonucleoside diphosphate reductase beta subunit,True,760,46
9195,NP_417162.1,biological_process,NC_000913.3,ribonucleoside-diphosphate reductase 2 subunit beta,False,760,46
9502,QXV82044.1,biological_process,MZ501089,aerobic NDP reductase B subunit,True,760,46
256,QXV75733.1,biological_process,MZ501048,class I NTP reductase beta subunit,True,760,46
9500,QXV76907.1,biological_process,MZ501056,aerobic NDP reductase B subunit,True,760,46
9499,QXV85303.1,biological_process,MZ501109,ribonucleoside diphosphate reductase beta subunit,True,760,46
6216,QXV76274.1,molecular_function,MZ501052,aerobic NDP reductase B subunit,True,760,46
6215,QXV76754.1,molecular_function,MZ501054,class I NTP reductase beta subunit,True,760,46
9504,QXV84364.1,biological_process,MZ501103,ribonucleoside diphosphate reductase beta subunit,True,760,46
6214,QXV80242.1,molecular_function,MZ501075,ribonucleoside diphosphate reductase beta subunit,True,760,46
9497,NP_049841.1,biological_process,NC_000866.4,ribonucleotide reductase class Ia beta subunit,True,760,46
9496,AXN58262.1,biological_process,MH550421.1,ribonucleotide reductase B subunit,True,760,46
9495,QXV83430.1,biological_process,MZ501098,aerobic NDP reductase B subunit,True,760,46
9494,YP_006922.1,biological_process,NC_005859.1,"putative aerobic ribonucleoside diphosphate reductase, small subunit",True,760,46
9493,NP_416738.1,biological_process,NC_000913.3,ribonucleoside-diphosphate reductase 1 subunit beta,False,760,46
9492,QXV84799.1,biological_process,MZ501106,aerobic NDP reductase B subunit,True,760,46
9498,QXV79052.1,biological_process,MZ501067,aerobic NDP reductase B subunit,True,760,46
257,QXV81306.1,biological_process,MZ501083,class I NTP reductase beta subunit,True,760,46
261,QXV77653.1,biological_process,MZ501060,class I NTP reductase beta subunit,True,760,46
259,QXV82927.1,biological_process,MZ501094,class I NTP reductase beta subunit,True,760,46
6174,NP_416738.1,molecular_function,NC_000913.3,ribonucleoside-diphosphate reductase 1 subunit beta,False,760,46
258,QXV82701.1,biological_process,MZ501093,class I NTP reductase beta subunit,True,760,46
6176,QXV83430.1,molecular_function,MZ501098,aerobic NDP reductase B subunit,True,760,46
6177,AXN58262.1,molecular_function,MH550421.1,ribonucleotide reductase B subunit,True,760,46
6178,NP_049841.1,molecular_function,NC_000866.4,ribonucleotide reductase class Ia beta subunit,True,760,46
6179,QXV79052.1,molecular_function,MZ501067,aerobic NDP reductase B subunit,True,760,46
6180,QXV85700.1,molecular_function,MZ501111,class I NTP reductase beta subunit,True,760,46
6181,QXV77861.1,molecular_function,MZ501061,class I NTP reductase beta subunit,True,760,46
6182,QXV78090.1,molecular_function,MZ501062,class I NTP reductase beta subunit,True,760,46
6183,QXV81083.1,molecular_function,MZ501082,class I NTP reductase beta subunit,True,760,46
6184,QXV79971.1,molecular_function,MZ501073,class I NTP reductase beta subunit,True,760,46
6185,QXV85303.1,molecular_function,MZ501109,ribonucleoside diphosphate reductase beta subunit,True,760,46
6173,QXV84799.1,molecular_function,MZ501106,aerobic NDP reductase B subunit,True,760,46
6186,QXV76907.1,molecular_function,MZ501056,aerobic NDP reductase B subunit,True,760,46
4811,NP_415906.1,biological_process,NC_000913.3,"phenylacetyl-CoA 1,2-epoxidase, monooxygenase subunit",False,760,46
4812,NP_415908.1,biological_process,NC_000913.3,"phenylacetyl-CoA 1,2-epoxidase, structural subunit",False,760,46
6187,QXV75339.1,molecular_function,MZ501046,aerobic NDP reductase B subunit,True,760,46
6188,QXV82044.1,molecular_function,MZ501089,aerobic NDP reductase B subunit,True,760,46
5959,NP_415906.1,biological_process,NC_000913.3,"phenylacetyl-CoA 1,2-epoxidase, monooxygenase subunit",False,760,46
6189,QXV79667.1,molecular_function,MZ501072,ribonucleoside diphosphate reductase beta subunit,True,760,46
6190,QXV84364.1,molecular_function,MZ501103,ribonucleoside diphosphate reductase beta subunit,True,760,46
6197,QXV75733.1,molecular_function,MZ501048,class I NTP reductase beta subunit,True,760,46
6191,QXV84617.1,molecular_function,MZ501105,ribonucleoside diphosphate reductase beta subunit,True,760,46
6192,QXV81755.1,molecular_function,MZ501086,ribonucleotide reductase beta subunit,True,760,46
6194,QXV78773.1,molecular_function,MZ501066,aerobic NDP reductase B subunit,True,760,46
6193,QXV85131.1,molecular_function,MZ501108,ribonucleoside diphosphate reductase beta subunit,True,760,46
5960,NP_415908.1,biological_process,NC_000913.3,"phenylacetyl-CoA 1,2-epoxidase, structural subunit",False,760,46
9525,QXV76274.1,biological_process,MZ501052,aerobic NDP reductase B subunit,True,760,46
6175,YP_006922.1,molecular_function,NC_005859.1,"putative aerobic ribonucleoside diphosphate reductase, small subunit",True,760,46
9523,QXV77270.1,biological_process,MZ501058,ribonucleoside diphosphate reductase beta subunit,True,760,46
260,QXV85900.1,biological_process,MZ501113,aerobic NDP reductase B subunit,True,760,46
262,QXV75917.1,biological_process,MZ501050,aerobic NDP reductase B subunit,True,760,46
263,NP_417162.1,biological_process,NC_000913.3,ribonucleoside-diphosphate reductase 2 subunit beta,False,760,46
264,AYD82819.1,biological_process,MH751506.1,ribonucleotide reductase B subunit,True,760,46
265,QXV78349.1,biological_process,MZ501063,class I NTP reductase beta subunit,True,760,46
266,QXV81560.1,biological_process,MZ501084,class I NTP reductase beta subunit,True,760,46
267,QXV83094.1,biological_process,MZ501096,aerobic NDP reductase B subunit,True,760,46
268,QXV75068.1,biological_process,MZ501047,aerobic NDP reductase B subunit,True,760,46
269,QXV84263.1,biological_process,MZ501102,class I NTP reductase beta subunit,True,760,46
9524,QXV80242.1,biological_process,MZ501075,ribonucleoside diphosphate reductase beta subunit,True,760,46
271,QXV80415.1,biological_process,MZ501076,ribonucleoside diphosphate reductase beta subunit,True,760,46
272,QXV77270.1,biological_process,MZ501058,ribonucleoside diphosphate reductase beta subunit,True,760,46
273,QXV80242.1,biological_process,MZ501075,ribonucleoside diphosphate reductase beta subunit,True,760,46
270,QXV83954.1,biological_process,MZ501100,class I NTP reductase beta subunit,True,760,46
275,QXV76274.1,biological_process,MZ501052,aerobic NDP reductase B subunit,True,760,46
9522,QXV80415.1,biological_process,MZ501076,ribonucleoside diphosphate reductase beta subunit,True,760,46
9521,QXV83954.1,biological_process,MZ501100,class I NTP reductase beta subunit,True,760,46
9520,QXV84263.1,biological_process,MZ501102,class I NTP reductase beta subunit,True,760,46
274,QXV76754.1,biological_process,MZ501054,class I NTP reductase beta subunit,True,760,46
9518,QXV83094.1,biological_process,MZ501096,aerobic NDP reductase B subunit,True,760,46
9517,QXV81560.1,biological_process,MZ501084,class I NTP reductase beta subunit,True,760,46
9519,QXV75068.1,biological_process,MZ501047,aerobic NDP reductase B subunit,True,760,46
9516,QXV78349.1,biological_process,MZ501063,class I NTP reductase beta subunit,True,760,46
9515,AYD82819.1,biological_process,MH751506.1,ribonucleotide reductase B subunit,True,760,46
9514,NP_417162.1,biological_process,NC_000913.3,ribonucleoside-diphosphate reductase 2 subunit beta,False,760,46
6195,QXV80075.1,molecular_function,MZ501074,ribonucleoside diphosphate reductase beta subunit,True,760,46
9513,QXV75917.1,biological_process,MZ501050,aerobic NDP reductase B subunit,True,760,46
9512,QXV77653.1,biological_process,MZ501060,class I NTP reductase beta subunit,True,760,46
6196,QXV78504.1,molecular_function,MZ501065,aerobic NDP reductase B subunit,True,760,46
5488,XPK42627.1,molecular_function,PQ850621,transcriptional regulator,True,803,7
5486,NP_416025.1,molecular_function,NC_000913.3,antitoxin/DNA-binding transcriptional repressor HipB,False,803,7
5480,XPK40492.1,molecular_function,PQ850596,transcriptional regulator,True,803,7
5454,XPK43713.1,molecular_function,PQ850632,transcriptional regulator,True,803,7
5434,NP_046787.1,molecular_function,NC_001895.1,transcriptional regulator,True,803,7
5431,XPK42492.1,molecular_function,PQ850619,transcriptional regulator,True,803,7
5430,XPK40749.1,molecular_function,PQ850599,transcriptional repressor,True,803,7
11195,NP_417588.1,biological_process,NC_000913.3,DNA-binding transcriptional activator TdcA,False,933,80
11196,NP_415855.1,biological_process,NC_000913.3,putative LysR-type DNA-binding transcriptional regulator AbgR,False,933,80
678,NP_417072.4,biological_process,NC_000913.3,putative LysR-type DNA-binding transcriptional regulator YfiE,False,933,80
653,NP_416313.4,biological_process,NC_000913.3,DNA-binding transcriptional regulator DmlR,False,933,80
654,NP_416492.1,biological_process,NC_000913.3,DNA-binding transcriptional activator Cbl,False,933,80
655,NP_414872.3,biological_process,NC_000913.3,DNA-binding transcriptional dual regulator CynR,False,933,80
656,NP_418747.1,biological_process,NC_000913.3,DNA-binding transcriptional dual regulator HypT,False,933,80
657,NP_418272.1,biological_process,NC_000913.3,DNA-binding transcriptional dual regulator MetR,False,933,80
658,NP_416792.1,biological_process,NC_000913.3,DNA-binding transcriptional dual regulator LrhA,False,933,80
659,NP_416176.1,biological_process,NC_000913.3,DNA-binding transcriptional activator PunR,False,933,80
660,NP_414618.4,biological_process,NC_000913.3,DNA-binding transcriptional dual regulator LeuO,False,933,80
661,NP_415037.1,biological_process,NC_000913.3,DNA-binding transcriptional activator AllS,False,933,80
662,NP_415844.1,biological_process,NC_000913.3,DNA-binding transcriptional repressor PgrR,False,933,80
663,NP_417532.1,biological_process,NC_000913.3,DNA-binding transcriptional activator Dan,False,933,80
652,NP_416662.1,biological_process,NC_000913.3,DNA-binding transcriptional regulator YeiE,False,933,80
664,NP_416519.4,biological_process,NC_000913.3,putative DNA-binding transcriptional regulator YeeY,False,933,80
666,NP_416493.1,biological_process,NC_000913.3,DNA-binding transcriptional dual regulator Nac,False,933,80
667,NP_414744.1,biological_process,NC_000913.3,DNA-binding transcriptional regulator YafC,False,933,80
668,NP_416112.1,biological_process,NC_000913.3,putative DNA-binding transcriptional regulator YnfL,False,933,80
669,NP_415162.4,biological_process,NC_000913.3,putative DNA-binding transcriptional regulator YbeF,False,933,80
670,NP_417710.1,biological_process,NC_000913.3,DNA-binding transcriptional activator AaeR,False,933,80
671,NP_415855.1,biological_process,NC_000913.3,putative LysR-type DNA-binding transcriptional regulator AbgR,False,933,80
672,NP_415289.4,biological_process,NC_000913.3,putative DNA-binding transcriptional regulator YbhD,False,933,80
673,NP_418042.1,biological_process,NC_000913.3,putative DNA-binding transcriptional regulator YiaU,False,933,80
674,NP_414788.1,biological_process,NC_000913.3,putative transcriptional regulator PerR,False,933,80
675,NP_418221.1,biological_process,NC_000913.3,DNA-binding transcriptional dual regulator IlvY,False,933,80
676,NP_415420.1,biological_process,NC_000913.3,putative DNA-binding transcriptional regulator YcaN,False,933,80
665,NP_414561.1,biological_process,NC_000913.3,DNA-binding transcriptional activator NhaR,False,933,80
651,NP_417588.1,biological_process,NC_000913.3,DNA-binding transcriptional activator TdcA,False,933,80
650,NP_417978.2,biological_process,NC_000913.3,putative DNA-binding transcriptional regulator YhjC,False,933,80
649,NP_417032.1,biological_process,NC_000913.3,DNA-binding transcriptional dual regulator HcaR,False,933,80
3663,NP_415039.1,biological_process,NC_000913.3,DNA-binding transcriptional repressor AllR,False,933,80
3664,NP_414880.2,biological_process,NC_000913.3,DNA-binding transcriptional activator MhpR,False,933,80
3665,NP_418442.2,biological_process,NC_000913.3,DNA-binding transcriptional repressor IclR,False,933,80
3666,NP_414806.1,biological_process,NC_000913.3,DNA-binding transcriptional repressor XynR,False,933,80
3667,NP_418031.1,biological_process,NC_000913.3,DNA-binding transcriptional repressor PlaR,False,933,80
3668,NP_418719.1,biological_process,NC_000913.3,putative DNA-binding transcriptional regulator YjhI,False,933,80
3669,NP_416341.1,biological_process,NC_000913.3,DNA-binding transcriptional repressor KdgR,False,933,80
3670,NP_416751.1,biological_process,NC_000913.3,putative DNA-binding transcriptional regulator YfaX,False,933,80
10486,NP_417316.1,biological_process,NC_000913.3,DNA-binding transcriptional dual regulator LysR,False,933,80
10485,NP_416900.1,biological_process,NC_000913.3,DNA-binding transcriptional activator XapR,False,933,80
10484,NP_416492.1,biological_process,NC_000913.3,DNA-binding transcriptional activator Cbl,False,933,80
10483,NP_418272.1,biological_process,NC_000913.3,DNA-binding transcriptional dual regulator MetR,False,933,80
10482,NP_418221.1,biological_process,NC_000913.3,DNA-binding transcriptional dual regulator IlvY,False,933,80
10481,NP_414872.3,biological_process,NC_000913.3,DNA-binding transcriptional dual regulator CynR,False,933,80
10480,NP_418167.1,biological_process,NC_000913.3,DNA-binding transcriptional dual regulator YidZ,False,933,80
639,NP_414850.1,biological_process,NC_000913.3,putative LysR-type DNA-binding transcriptional regulator YahB,False,933,80
640,NP_415939.2,biological_process,NC_000913.3,DNA-binding transcriptional dual regulator YdcI,False,933,80
641,NP_417576.1,biological_process,NC_000913.3,DNA-binding transcriptional activator YhaJ,False,933,80
642,NP_418396.1,biological_process,NC_000913.3,DNA-binding transcriptional dual regulator OxyR,False,933,80
643,NP_417316.1,biological_process,NC_000913.3,DNA-binding transcriptional dual regulator LysR,False,933,80
644,NP_416900.1,biological_process,NC_000913.3,DNA-binding transcriptional activator XapR,False,933,80
645,YP_026246.1,biological_process,NC_000913.3,DNA-binding transcriptional dual regulator HdfR,False,933,80
646,NP_415791.1,biological_process,NC_000913.3,DNA-binding transcriptional dual regulator CysB,False,933,80
647,NP_417288.1,biological_process,NC_000913.3,DNA-binding transcriptional dual regulator GcvA,False,933,80
648,NP_416904.1,biological_process,NC_000913.3,putative DNA-binding transcriptional regulator YfeR,False,933,80
677,NP_418167.1,biological_process,NC_000913.3,DNA-binding transcriptional dual regulator YidZ,False,933,80
679,NP_417396.4,biological_process,NC_000913.3,putative DNA-binding transcriptional regulator YgfI,False,933,80
8640,QXV83116.1,biological_process,MZ501096,holin,True,933,80
681,NP_416865.1,biological_process,NC_000913.3,DNA-binding transcriptional dual regulator DsdC,False,933,80
8643,QXV76925.1,biological_process,MZ501056,holin,True,933,80
8642,QXV78797.1,biological_process,MZ501066,holin,True,933,80
8641,QXV79074.1,biological_process,MZ501067,holin,True,933,80
680,NP_415136.1,biological_process,NC_000913.3,putative LysR family DNA-binding transcriptional regulator YbdO,False,933,80
8638,QXV77323.1,biological_process,MZ501058,holin,True,933,80
8637,QXV85922.1,biological_process,MZ501113,holin,True,933,80
8636,QXV79734.1,biological_process,MZ501072,holin,True,933,80
8635,QXV84824.1,biological_process,MZ501106,holin,True,933,80
8634,QXV75939.1,biological_process,MZ501050,holin,True,933,80
8633,QXV82068.1,biological_process,MZ501089,holin,True,933,80
8644,NP_049865.1,biological_process,NC_000866.4,holin,True,933,80
8632,QXV80482.1,biological_process,MZ501076,holin,True,933,80
8630,QXV75087.1,biological_process,MZ501047,holin,True,933,80
8629,YP_006869.1,biological_process,NC_005859.1,holin,True,933,80
8628,AYD82840.1,biological_process,MH751506.1,holin lysis mediator,True,933,80
8627,QXV85195.1,biological_process,MZ501108,holin,True,933,80
8626,QXV84679.1,biological_process,MZ501105,holin,True,933,80
8625,QXV85368.1,biological_process,MZ501109,holin,True,933,80
8624,AXN58285.1,biological_process,MH550421.1,holin lysis mediator,True,933,80
8623,QXV78527.1,biological_process,MZ501065,holin,True,933,80
8622,QXV75362.1,biological_process,MZ501046,holin,True,933,80
8589,YP_026246.1,biological_process,NC_000913.3,DNA-binding transcriptional dual regulator HdfR,False,933,80
8631,QXV76297.1,biological_process,MZ501052,holin,True,933,80
8645,QXV84410.1,biological_process,MZ501103,holin,True,933,80
8639,QXV80302.1,biological_process,MZ501075,holin,True,933,80
8647,QXV83450.1,biological_process,MZ501098,holin,True,933,80
9034,NP_418167.1,biological_process,NC_000913.3,DNA-binding transcriptional dual regulator YidZ,False,933,80
682,NP_417391.1,biological_process,NC_000913.3,DNA-binding transcriptional dual regulator ArgP,False,933,80
683,NP_416043.1,biological_process,NC_000913.3,putative DNA-binding transcriptional regulator YneJ,False,933,80
8646,QXV80130.1,biological_process,MZ501074,holin,True,933,80
8341,NP_416377.1,molecular_function,NC_000913.3,crossover junction endodeoxyribonuclease RuvC,False,953,16
1767,NP_416377.1,biological_process,NC_000913.3,crossover junction endodeoxyribonuclease RuvC,False,953,16
10085,QXV75800.1,molecular_function,MZ501049,putative RuvC-like recombination protein,True,953,16
10047,QXV82941.1,molecular_function,MZ501094,hypothetical protein,True,953,16
10046,QXV82715.1,molecular_function,MZ501093,hypothetical protein,True,953,16
10032,QXV81097.1,molecular_function,MZ501082,hypothetical protein,True,953,16
10031,QXV84277.1,molecular_function,MZ501102,hypothetical protein,True,953,16
10050,YP_950524.1,molecular_function,NC_008720.1,gp46,True,953,16
10029,QXV77667.1,molecular_function,MZ501060,hypothetical protein,True,953,16
10028,QXV76768.1,molecular_function,MZ501054,hypothetical protein,True,953,16
10027,QXV79985.1,molecular_function,MZ501073,hypothetical protein,True,953,16
10026,QXV78104.1,molecular_function,MZ501062,hypothetical protein,True,953,16
10004,XPK42816.1,molecular_function,PQ850623,hypothetical protein,True,953,16
9994,QXV77875.1,molecular_function,MZ501061,hypothetical protein,True,953,16
9993,NP_416377.1,molecular_function,NC_000913.3,crossover junction endodeoxyribonuclease RuvC,False,953,16
10030,QXV81320.1,molecular_function,MZ501083,hypothetical protein,True,953,16
9975,QXV85714.1,molecular_function,MZ501111,hypothetical protein,True,953,16
9962,QXV75747.1,molecular_function,MZ501048,hypothetical protein,True,953,16
3213,NP_418618.1,biological_process,NC_000913.3,L-ribulose-5-phosphate 3-epimerase UlaE,False,956,38
4309,NP_417644.4,biological_process,NC_000913.3,dihydropteroate synthase,False,956,38
3344,NP_416959.1,biological_process,NC_000913.3,transaldolase A,False,956,38
3345,NP_414549.1,biological_process,NC_000913.3,transaldolase B,False,956,38
4245,NP_415733.1,molecular_function,NC_000913.3,3-deoxy-D-manno-octulosonate 8-phosphate synthase,False,956,38
3910,QXV81594.1,biological_process,MZ501084,putative phosphoribosylpyrophosphate synthetase,True,956,38
3909,NP_415725.1,biological_process,NC_000913.3,ribose-phosphate diphosphokinase,False,956,38
3912,QXV83989.1,biological_process,MZ501100,putative phosphoribosylpyrophosphate synthetase,True,956,38
3913,QXV78383.1,biological_process,MZ501063,putative phosphoribosylpyrophosphate synthetase,True,956,38
3911,QXV81770.1,biological_process,MZ501086,ribose-phosphate pyrophosphokinase,True,956,38
4215,NP_415733.1,biological_process,NC_000913.3,3-deoxy-D-manno-octulosonate 8-phosphate synthase,False,956,38
3212,NP_418039.2,biological_process,NC_000913.3,putative L-xylulose 5-phosphate 3-epimerase,False,956,38
7890,NP_414743.1,molecular_function,NC_000913.3,methylglyoxal reductase DkgB,False,956,38
8318,NP_417485.4,molecular_function,NC_000913.3,methylglyoxal reductase DkgA,False,956,38
8316,NP_416295.1,molecular_function,NC_000913.3,methylglyoxal reductase YeaE,False,956,38
8315,NP_414953.2,molecular_function,NC_000913.3,1-deoxyxylulose-5-phosphate synthase YajO,False,956,38
8314,NP_417311.1,molecular_function,NC_000913.3,putative NADP(H)-dependent aldo-keto reductase Tas,False,956,38
8313,YP_025305.1,molecular_function,NC_000913.3,putative oxidoreductase YdhF,False,956,38
8312,NP_414743.1,molecular_function,NC_000913.3,methylglyoxal reductase DkgB,False,956,38
1594,NP_415776.1,biological_process,NC_000913.3,tryptophan synthase subunit alpha,False,956,38
7939,NP_416664.1,molecular_function,NC_000913.3,endonuclease IV,False,956,38
7919,NP_414549.1,biological_process,NC_000913.3,transaldolase B,False,956,38
7918,NP_416959.1,biological_process,NC_000913.3,transaldolase A,False,956,38
7902,NP_415776.1,molecular_function,NC_000913.3,tryptophan synthase subunit alpha,False,956,38
7891,NP_417485.4,molecular_function,NC_000913.3,methylglyoxal reductase DkgA,False,956,38
3556,NP_417595.1,molecular_function,NC_000913.3,alpha-dehydro-beta-deoxy-D-glucarate aldolase,False,956,38
7749,NP_417906.1,biological_process,NC_000913.3,glycerophosphodiester phosphodiesterase UgpQ,False,956,38
7611,NP_417595.1,biological_process,NC_000913.3,alpha-dehydro-beta-deoxy-D-glucarate aldolase,False,956,38
7580,NP_414795.1,biological_process,NC_000913.3,homocysteine S-methyltransferase,False,956,38
8317,NP_416285.1,molecular_function,NC_000913.3,NADH-dependent methylglyoxal reductase,False,956,38
1347,NP_416664.1,biological_process,NC_000913.3,endonuclease IV,False,956,38
1346,NP_418039.2,biological_process,NC_000913.3,putative L-xylulose 5-phosphate 3-epimerase,False,956,38
1274,NP_414549.1,biological_process,NC_000913.3,transaldolase B,False,956,38
11180,NP_417474.1,biological_process,NC_000913.3,L-glyceraldehyde 3-phosphate reductase,False,956,38
10912,NP_417644.4,biological_process,NC_000913.3,dihydropteroate synthase,False,956,38
10882,NP_417485.4,molecular_function,NC_000913.3,methylglyoxal reductase DkgA,False,956,38
362,NP_417644.4,biological_process,NC_000913.3,dihydropteroate synthase,False,956,38
10790,NP_417627.1,biological_process,NC_000913.3,ubiquinone biosynthesis protein UbiU,False,956,38
10692,NP_416034.1,molecular_function,NC_000913.3,"3-hydroxy-2,4-pentadione 5-phosphate thiolase",False,956,38
10493,NP_415725.1,molecular_function,NC_000913.3,ribose-phosphate diphosphokinase,False,956,38
7135,NP_417595.1,molecular_function,NC_000913.3,alpha-dehydro-beta-deoxy-D-glucarate aldolase,False,956,38
618,NP_415725.1,biological_process,NC_000913.3,ribose-phosphate diphosphokinase,False,956,38
9446,NP_416034.1,molecular_function,NC_000913.3,"3-hydroxy-2,4-pentadione 5-phosphate thiolase",False,956,38
9329,NP_417906.1,biological_process,NC_000913.3,glycerophosphodiester phosphodiesterase UgpQ,False,956,38
8979,NP_416748.1,molecular_function,NC_000913.3,2-keto-3-deoxy-L-rhamnonate aldolase,False,956,38
8970,NP_416759.1,molecular_function,NC_000913.3,putative 4-deoxy-4-formamido-L-arabinose-phosphoundecaprenol deformylase ArnD,False,956,38
8947,NP_418618.1,molecular_function,NC_000913.3,L-ribulose-5-phosphate 3-epimerase UlaE,False,956,38
8766,NP_416247.1,biological_process,NC_000913.3,chitooligosaccharide monodeacetylase ChbG,False,956,38
1273,NP_416959.1,biological_process,NC_000913.3,transaldolase A,False,956,38
10253,NP_417629.1,molecular_function,NC_000913.3,putative luciferase-like monooxygenase YhbW,False,956,38
7132,NP_416748.1,molecular_function,NC_000913.3,2-keto-3-deoxy-L-rhamnonate aldolase,False,956,38
3555,NP_416748.1,molecular_function,NC_000913.3,2-keto-3-deoxy-L-rhamnonate aldolase,False,956,38
5674,NP_416759.1,biological_process,NC_000913.3,putative 4-deoxy-4-formamido-L-arabinose-phosphoundecaprenol deformylase ArnD,False,956,38
2246,NP_416034.1,molecular_function,NC_000913.3,"3-hydroxy-2,4-pentadione 5-phosphate thiolase",False,956,38
2084,NP_416759.1,biological_process,NC_000913.3,putative 4-deoxy-4-formamido-L-arabinose-phosphoundecaprenol deformylase ArnD,False,956,38
5641,NP_417629.1,molecular_function,NC_000913.3,putative luciferase-like monooxygenase YhbW,False,956,38
5005,NP_418418.2,biological_process,NC_000913.3,1-deoxy-D-xylulose 5-phosphate:thiol sulfurtransferase,False,956,38
5676,NP_416247.1,biological_process,NC_000913.3,chitooligosaccharide monodeacetylase ChbG,False,956,38
5677,NP_415241.1,biological_process,NC_000913.3,5-oxoprolinase component A,False,956,38
4301,NP_418425.1,biological_process,NC_000913.3,uroporphyrinogen decarboxylase,False,964,20
4222,NP_416219.1,biological_process,NC_000913.3,"3-deoxy-7-phosphoheptulonate synthase, Trp-sensitive",False,964,20
1108,NP_417249.4,molecular_function,NC_000913.3,putative flavoprotein,False,964,20
4885,NP_416397.1,biological_process,NC_000913.3,protein-glutamate methylesterase/protein glutamine deamidase,False,964,20
4220,QXV75053.1,biological_process,MZ501047,putative aldolase,True,964,20
3226,NP_417010.1,biological_process,NC_000913.3,(E)-4-hydroxy-3-methylbut-2-enyl-diphosphate synthase (flavodoxin),False,964,20
3317,NP_416331.1,biological_process,NC_000913.3,mannose-specific PTS enzyme IIAB component,False,964,20
8022,NP_416331.1,biological_process,NC_000913.3,mannose-specific PTS enzyme IIAB component,False,964,20
3339,NP_416331.1,biological_process,NC_000913.3,mannose-specific PTS enzyme IIAB component,False,964,20
4219,NP_415275.1,biological_process,NC_000913.3,"3-deoxy-7-phosphoheptulonate synthase, Phe-sensitive",False,964,20
8942,NP_414584.1,biological_process,NC_000913.3,putative electron transfer flavoprotein FixB,False,964,20
4218,QXV76892.1,biological_process,MZ501056,putative aldolase,True,964,20
1409,NP_416397.1,biological_process,NC_000913.3,protein-glutamate methylesterase/protein glutamine deamidase,False,964,20
4221,NP_417092.1,biological_process,NC_000913.3,"3-deoxy-7-phosphoheptulonate synthase, Tyr-sensitive",False,964,20
1109,NP_416213.1,molecular_function,NC_000913.3,putative electron transfer flavoprotein subunit YdiR,False,964,20
4216,NP_417092.1,biological_process,NC_000913.3,"3-deoxy-7-phosphoheptulonate synthase, Tyr-sensitive",False,964,20
1254,NP_417401.1,biological_process,NC_000913.3,phosphoglycerate kinase,False,964,20
147,NP_418425.1,biological_process,NC_000913.3,uroporphyrinogen decarboxylase,False,964,20
3793,NP_415257.1,molecular_function,NC_000913.3,succinyl-CoA synthetase subunit alpha,False,964,20
3795,NP_415257.1,molecular_function,NC_000913.3,succinyl-CoA synthetase subunit alpha,False,964,20
1107,NP_414584.1,molecular_function,NC_000913.3,putative electron transfer flavoprotein FixB,False,964,20
4212,QXV76892.1,biological_process,MZ501056,putative aldolase,True,964,20
4217,NP_416219.1,biological_process,NC_000913.3,"3-deoxy-7-phosphoheptulonate synthase, Trp-sensitive",False,964,20
4213,NP_415275.1,biological_process,NC_000913.3,"3-deoxy-7-phosphoheptulonate synthase, Phe-sensitive",False,964,20
7170,NP_417401.1,biological_process,NC_000913.3,phosphoglycerate kinase,False,964,20
7535,NP_417010.1,biological_process,NC_000913.3,(E)-4-hydroxy-3-methylbut-2-enyl-diphosphate synthase (flavodoxin),False,964,20
4214,QXV75053.1,biological_process,MZ501047,putative aldolase,True,964,20
515,NP_416397.1,biological_process,NC_000913.3,protein-glutamate methylesterase/protein glutamine deamidase,False,964,20
10261,NP_416331.1,biological_process,NC_000913.3,mannose-specific PTS enzyme IIAB component,False,964,20
10256,NP_416331.1,biological_process,NC_000913.3,mannose-specific PTS enzyme IIAB component,False,964,20
6804,NP_416331.1,biological_process,NC_000913.3,mannose-specific PTS enzyme IIAB component,False,964,20
7142,NP_417401.1,biological_process,NC_000913.3,phosphoglycerate kinase,False,964,20
9773,NP_417401.1,biological_process,NC_000913.3,phosphoglycerate kinase,False,964,20
8803,NP_415333.1,molecular_function,NC_000913.3,DNA protection during starvation protein,False,972,15
8825,XPK42274.1,molecular_function,PQ850617,DNA binding protein,True,972,15
8826,XPK43098.1,molecular_function,PQ850626,DNA binding protein,True,972,15
8828,XPK40323.1,molecular_function,PQ850594,DNA binding protein,True,972,15
4930,XPK43098.1,molecular_function,PQ850626,DNA binding protein,True,972,15
4931,XPK42720.1,molecular_function,PQ850622,DNA binding protein,True,972,15
4932,XPK40323.1,molecular_function,PQ850594,DNA binding protein,True,972,15
4933,NP_416415.1,molecular_function,NC_000913.3,putative ferritin-like protein,False,972,15
4934,XPK43303.1,molecular_function,PQ850628,DNA binding protein,True,972,15
4935,NP_416418.1,molecular_function,NC_000913.3,ferritin iron storage protein,False,972,15
4936,XPK41599.1,molecular_function,PQ850610,DNA binding protein,True,972,15
4937,XPK41884.1,molecular_function,PQ850613,DNA binding protein,True,972,15
4938,NP_417795.1,molecular_function,NC_000913.3,bacterioferritin,False,972,15
4939,NP_415333.1,molecular_function,NC_000913.3,DNA protection during starvation protein,False,972,15
4940,XPK40215.1,molecular_function,PQ850593,DNA binding protein,True,972,15
4941,XPK42007.1,molecular_function,PQ850614,DNA binding protein,True,972,15
8834,XPK42007.1,molecular_function,PQ850614,DNA binding protein,True,972,15
8833,XPK40215.1,molecular_function,PQ850593,DNA binding protein,True,972,15
8832,NP_415333.1,molecular_function,NC_000913.3,DNA protection during starvation protein,False,972,15
8830,XPK41599.1,molecular_function,PQ850610,DNA binding protein,True,972,15
8829,XPK43303.1,molecular_function,PQ850628,DNA binding protein,True,972,15
8827,XPK42720.1,molecular_function,PQ850622,DNA binding protein,True,972,15
8831,XPK41884.1,molecular_function,PQ850613,DNA binding protein,True,972,15
4929,XPK42274.1,molecular_function,PQ850617,DNA binding protein,True,972,15
1220,NP_416418.1,biological_process,NC_000913.3,ferritin iron storage protein,False,972,15
1593,NP_417795.1,biological_process,NC_000913.3,bacterioferritin,False,972,15
3774,NP_415752.1,biological_process,NC_000913.3,UTP--glucose-1-phosphate uridylyltransferase,False,1036,17
3832,QXV81553.1,biological_process,MZ501084,putative glucose-1-phosphate thymidylyltransferase,True,1036,17
3834,NP_415752.1,biological_process,NC_000913.3,UTP--glucose-1-phosphate uridylyltransferase,False,1036,17
3836,NP_418236.1,biological_process,NC_000913.3,glucose-1-phosphate thymidylyltransferase 2,False,1036,17
3191,NP_415438.1,molecular_function,NC_000913.3,3-deoxy-manno-octulosonate cytidylyltransferase,False,1036,17
3837,QXV78342.1,biological_process,MZ501063,putative glucose-1-phosphate thymidylyltransferase,True,1036,17
3776,NP_416546.1,biological_process,NC_000913.3,"UTP:glucose-1-phosphate uridylyltransferase, low activity",False,1036,17
3839,QXV83947.1,biological_process,MZ501100,putative glucose-1-phosphate thymidylyltransferase,True,1036,17
3900,QXV83947.1,molecular_function,MZ501100,putative glucose-1-phosphate thymidylyltransferase,True,1036,17
3899,QXV78342.1,molecular_function,MZ501063,putative glucose-1-phosphate thymidylyltransferase,True,1036,17
3898,NP_418236.1,molecular_function,NC_000913.3,glucose-1-phosphate thymidylyltransferase 2,False,1036,17
3897,QXV81553.1,molecular_function,MZ501084,putative glucose-1-phosphate thymidylyltransferase,True,1036,17
3840,NP_416543.1,biological_process,NC_000913.3,glucose-1-phosphate thymidylyltransferase 1,False,1036,17
3841,NP_416546.1,biological_process,NC_000913.3,"UTP:glucose-1-phosphate uridylyltransferase, low activity",False,1036,17
8728,NP_416757.1,biological_process,NC_000913.3,undecaprenyl-phosphate 4-deoxy-4-formamido-L-arabinose transferase,False,1036,17
3901,NP_416543.1,molecular_function,NC_000913.3,glucose-1-phosphate thymidylyltransferase 1,False,1036,17
3775,NP_416546.1,biological_process,NC_000913.3,"UTP:glucose-1-phosphate uridylyltransferase, low activity",False,1036,17
2905,QXV76016.1,molecular_function,MZ501050,DNApol clamp loader small subunit,True,1060,38
2901,NP_049665.1,molecular_function,NC_000866.4,clamp loader of DNA polymerase,True,1060,38
3780,NP_415173.1,biological_process,NC_000913.3,DNA polymerase III subunit delta,False,1060,38
5037,NP_415173.1,biological_process,NC_000913.3,DNA polymerase III subunit delta,False,1060,38
11023,QXV76376.1,molecular_function,MZ501052,DNApol clamp loader small subunit,True,1060,38
2899,QXV83529.1,molecular_function,MZ501098,DNApol clamp loader small subunit,True,1060,38
2900,QXV86001.1,molecular_function,MZ501113,DNApol clamp loader small subunit,True,1060,38
11035,QXV83193.1,molecular_function,MZ501096,DNApol clamp loader small subunit,True,1060,38
11034,QXV75440.1,molecular_function,MZ501046,DNApol clamp loader small subunit,True,1060,38
11033,QXV76016.1,molecular_function,MZ501050,DNApol clamp loader small subunit,True,1060,38
11032,NP_049665.1,molecular_function,NC_000866.4,clamp loader of DNA polymerase,True,1060,38
11031,QXV86001.1,molecular_function,MZ501113,DNApol clamp loader small subunit,True,1060,38
11030,QXV83529.1,molecular_function,MZ501098,DNApol clamp loader small subunit,True,1060,38
11029,AXN58090.1,molecular_function,MH550421.1,clamp loader small subunit,True,1060,38
11028,QXV78876.1,molecular_function,MZ501066,DNApol clamp loader small subunit,True,1060,38
11027,AYD82647.1,molecular_function,MH751506.1,clamp loader small subunit,True,1060,38
11026,QXV78604.1,molecular_function,MZ501065,DNApol clamp loader small subunit,True,1060,38
11025,QXV79154.1,molecular_function,MZ501067,DNApol clamp loader small subunit,True,1060,38
11024,QXV84903.1,molecular_function,MZ501106,DNApol clamp loader small subunit,True,1060,38
3710,NP_417699.1,molecular_function,NC_000913.3,cell division protein ZapE,False,1060,38
11022,QXV75162.1,molecular_function,MZ501047,DNApol clamp loader small subunit,True,1060,38
11021,QXV82144.1,molecular_function,MZ501089,DNApol clamp loader small subunit,True,1060,38
2896,AYD82647.1,molecular_function,MH751506.1,clamp loader small subunit,True,1060,38
2908,QXV75440.1,molecular_function,MZ501046,DNApol clamp loader small subunit,True,1060,38
5040,NP_415617.1,biological_process,NC_000913.3,DNA polymerase III subunit delta',False,1060,38
5328,NP_415173.1,biological_process,NC_000913.3,DNA polymerase III subunit delta,False,1060,38
2897,QXV78876.1,molecular_function,MZ501066,DNApol clamp loader small subunit,True,1060,38
5828,YP_010051217.1,molecular_function,NC_000913.3,McrBS,False,1060,38
3248,NP_415617.1,biological_process,NC_000913.3,DNA polymerase III subunit delta',False,1060,38
5829,NP_416623.2,molecular_function,NC_000913.3,putative AAA(+) MoxR family ATPase YehL,False,1060,38
3235,NP_416374.1,biological_process,NC_000913.3,Holliday junction branch migration complex subunit RuvB,False,1060,38
1860,NP_415819.4,molecular_function,NC_000913.3,DNA-binding transcriptional dual regulator PspF,False,1060,38
5000,NP_416374.1,biological_process,NC_000913.3,Holliday junction branch migration complex subunit RuvB,False,1060,38
4999,NP_416374.1,biological_process,NC_000913.3,Holliday junction branch migration complex subunit RuvB,False,1060,38
2882,QXV76996.1,molecular_function,MZ501056,DNApol clamp loader small subunit,True,1060,38
11020,QXV76996.1,molecular_function,MZ501056,DNApol clamp loader small subunit,True,1060,38
9366,NP_417699.1,biological_process,NC_000913.3,cell division protein ZapE,False,1060,38
2883,QXV82144.1,molecular_function,MZ501089,DNApol clamp loader small subunit,True,1060,38
2884,QXV75162.1,molecular_function,MZ501047,DNApol clamp loader small subunit,True,1060,38
2909,QXV83193.1,molecular_function,MZ501096,DNApol clamp loader small subunit,True,1060,38
7065,NP_415617.1,biological_process,NC_000913.3,DNA polymerase III subunit delta',False,1060,38
2895,QXV78604.1,molecular_function,MZ501065,DNApol clamp loader small subunit,True,1060,38
2894,QXV79154.1,molecular_function,MZ501067,DNApol clamp loader small subunit,True,1060,38
2893,QXV84903.1,molecular_function,MZ501106,DNApol clamp loader small subunit,True,1060,38
2892,QXV76376.1,molecular_function,MZ501052,DNApol clamp loader small subunit,True,1060,38
1657,NP_415819.4,biological_process,NC_000913.3,DNA-binding transcriptional dual regulator PspF,False,1060,38
2898,AXN58090.1,molecular_function,MH550421.1,clamp loader small subunit,True,1060,38
2887,XPK42845.1,molecular_function,PQ850623,ATPase,True,1060,38
8255,NP_415097.1,biological_process,NC_000913.3,omptin family outer membrane protease OmpT,False,1166,15
10293,NP_414945.1,cellular_component,NC_000913.3,nucleoside-specific channel-forming protein Tsx,False,1166,15
7774,NP_414945.1,cellular_component,NC_000913.3,nucleoside-specific channel-forming protein Tsx,False,1166,15
7775,NP_416903.1,cellular_component,NC_000913.3,putative outer membrane porin YfeN,False,1166,15
4273,NP_418004.4,cellular_component,NC_000913.3,putative outer membrane protein YhjY,False,1166,15
3705,NP_415772.1,cellular_component,NC_000913.3,outer membrane protein W,False,1166,15
10157,NP_418265.1,biological_process,NC_000913.3,outer membrane phospholipase A,False,1166,15
10294,NP_416903.1,cellular_component,NC_000913.3,putative outer membrane porin YfeN,False,1166,15
8256,NP_415097.1,molecular_function,NC_000913.3,omptin family outer membrane protease OmpT,False,1166,15
18,NP_415097.1,biological_process,NC_000913.3,omptin family outer membrane protease OmpT,False,1166,15
551,NP_040601.1,cellular_component,NC_001416,Lom outer membrane protein,True,1166,15
552,YP_007112560.1,cellular_component,NC_019723,Lom outer membrane protein,True,1166,15
2368,NP_418265.1,biological_process,NC_000913.3,outer membrane phospholipase A,False,1166,15
2339,NP_414945.1,molecular_function,NC_000913.3,nucleoside-specific channel-forming protein Tsx,False,1166,15
4319,QXV79693.1,biological_process,MZ501072,nicotinamide mononucleotide transporter,True,1198,8
4320,QXV85162.1,biological_process,MZ501108,nicotinamide mononucleotide transporter,True,1198,8
4321,QXV84640.1,biological_process,MZ501105,nicotinamide mononucleotide transporter,True,1198,8
4322,QXV85326.1,biological_process,MZ501109,nicotinamide mononucleotide transporter,True,1198,8
4323,QXV80443.1,biological_process,MZ501076,nicotinamide mononucleotide transporter,True,1198,8
4324,NP_415272.1,biological_process,NC_000913.3,nicotinamide riboside transporter,False,1198,8
1690,NP_416937.2,biological_process,NC_000913.3,putative phage integrase IntZ,False,1266,12
5517,NP_416937.2,molecular_function,NC_000913.3,putative phage integrase IntZ,False,1266,12
5520,NP_415069.1,molecular_function,NC_000913.3,putative integrase,False,1266,12
5522,NP_046786.1,molecular_function,NC_001895.1,integrase,True,1266,12
6764,YP_007112565.1,biological_process,NC_019723,integrase,True,1266,12
6763,NP_415658.1,biological_process,NC_000913.3,putative integrase,False,1266,12
5516,NP_416850.1,molecular_function,NC_000913.3,prophage CPS-53 integrase,False,1266,12
6759,XPK40718.1,biological_process,PQ850599,hypothetical protein,True,1266,12
5515,NP_417111.1,molecular_function,NC_000913.3,integrase IntA,False,1266,12
5507,NP_414815.1,molecular_function,NC_000913.3,putative phage integrase,False,1266,12
5513,XPK41245.1,molecular_function,PQ850606,integrase,True,1266,12
5512,NP_040609.1,molecular_function,NC_001416,integrase,True,1266,12
5511,YP_007112565.1,molecular_function,NC_019723,integrase,True,1266,12
5510,NP_415658.1,molecular_function,NC_000913.3,putative integrase,False,1266,12
6765,NP_040609.1,biological_process,NC_001416,integrase,True,1266,12
5506,XPK40718.1,molecular_function,PQ850599,hypothetical protein,True,1266,12
2982,YP_007112565.1,biological_process,NC_019723,integrase,True,1266,12
2983,NP_040609.1,biological_process,NC_001416,integrase,True,1266,12
5514,NP_415861.1,molecular_function,NC_000913.3,putative integrase,False,1266,12
6766,XPK41245.1,biological_process,PQ850606,integrase,True,1266,12
6760,NP_414815.1,biological_process,NC_000913.3,putative phage integrase,False,1266,12
6768,NP_417111.1,biological_process,NC_000913.3,integrase IntA,False,1266,12
1684,YP_007112565.1,biological_process,NC_019723,integrase,True,1266,12
1679,XPK40718.1,biological_process,PQ850599,hypothetical protein,True,1266,12
6767,NP_415861.1,biological_process,NC_000913.3,putative integrase,False,1266,12
1685,NP_040609.1,biological_process,NC_001416,integrase,True,1266,12
1686,XPK41245.1,biological_process,PQ850606,integrase,True,1266,12
1687,NP_415861.1,biological_process,NC_000913.3,putative integrase,False,1266,12
1688,NP_417111.1,biological_process,NC_000913.3,integrase IntA,False,1266,12
1689,NP_416850.1,biological_process,NC_000913.3,prophage CPS-53 integrase,False,1266,12
1693,NP_415069.1,biological_process,NC_000913.3,putative integrase,False,1266,12
1683,NP_415658.1,biological_process,NC_000913.3,putative integrase,False,1266,12
1695,NP_046786.1,biological_process,NC_001895.1,integrase,True,1266,12
7378,YP_007112565.1,molecular_function,NC_019723,integrase,True,1266,12
7375,NP_415658.1,molecular_function,NC_000913.3,putative integrase,False,1266,12
7014,NP_040609.1,biological_process,NC_001416,integrase,True,1266,12
7013,YP_007112565.1,biological_process,NC_019723,integrase,True,1266,12
7012,NP_415658.1,biological_process,NC_000913.3,putative integrase,False,1266,12
6775,NP_046786.1,biological_process,NC_001895.1,integrase,True,1266,12
6773,NP_415069.1,biological_process,NC_000913.3,putative integrase,False,1266,12
6770,NP_416937.2,biological_process,NC_000913.3,putative phage integrase IntZ,False,1266,12
6769,NP_416850.1,biological_process,NC_000913.3,prophage CPS-53 integrase,False,1266,12
7379,NP_040609.1,molecular_function,NC_001416,integrase,True,1266,12
1680,NP_414815.1,biological_process,NC_000913.3,putative phage integrase,False,1266,12
9855,NP_417176.1,biological_process,NC_000913.3,carbon storage regulator,False,1297,2
9856,XPK41308.1,biological_process,PQ850607,CsrA-like regulator,True,1297,2
2807,NP_417176.1,biological_process,NC_000913.3,carbon storage regulator,False,1297,2
2808,XPK41308.1,biological_process,PQ850607,CsrA-like regulator,True,1297,2
9197,NP_417504.1,molecular_function,NC_000913.3,cAMP phosphodiesterase,False,1432,22
3528,NP_040641.1,molecular_function,NC_001416,serine/threonine protein phosphatase,True,1432,22
3474,QXV77330.1,molecular_function,MZ501058,serine/threonine phosphatase,True,1432,22
11002,NP_417504.1,molecular_function,NC_000913.3,cAMP phosphodiesterase,False,1432,22
3245,NP_414591.1,molecular_function,NC_000913.3,diadenosine tetraphosphatase,False,1432,22
4197,YP_007112597.1,molecular_function,NC_019723,serine/threonine protein phosphatase,True,1432,22
4196,NP_040641.1,molecular_function,NC_001416,serine/threonine protein phosphatase,True,1432,22
4195,QXV83930.1,molecular_function,MZ501100,putative phosphatase,True,1432,22
4194,QXV78325.1,molecular_function,MZ501063,putative phosphatase,True,1432,22
4193,NP_417214.1,molecular_function,NC_000913.3,phosphoprotein phosphatase 2,False,1432,22
4192,XPK40763.1,molecular_function,PQ850599,putative phosphatase protein,True,1432,22
4191,NP_416352.4,molecular_function,NC_000913.3,phosphoprotein phosphatase 1,False,1432,22
4190,QXV81536.1,molecular_function,MZ501084,putative phosphatase,True,1432,22
3475,QXV79740.1,molecular_function,MZ501072,serine/threonine phosphatase,True,1432,22
3529,YP_007112597.1,molecular_function,NC_019723,serine/threonine protein phosphatase,True,1432,22
3515,NP_414706.2,molecular_function,NC_000913.3,phosphodiesterase YaeI,False,1432,22
3490,NP_414591.1,molecular_function,NC_000913.3,diadenosine tetraphosphatase,False,1432,22
3491,QXV85201.1,molecular_function,MZ501108,serine/threonine phosphatase,True,1432,22
3509,NP_417214.1,molecular_function,NC_000913.3,phosphoprotein phosphatase 2,False,1432,22
3493,NP_416352.4,molecular_function,NC_000913.3,phosphoprotein phosphatase 1,False,1432,22
3494,QXV84684.1,molecular_function,MZ501105,serine/threonine phosphatase,True,1432,22
3495,XPK40763.1,molecular_function,PQ850599,putative phosphatase protein,True,1432,22
3498,YP_006556.1,molecular_function,NC_005856.1,metallophosphoesterase,True,1432,22
3524,QXV80137.1,molecular_function,MZ501074,serine/threonine phosphatase,True,1432,22
3526,QXV78325.1,molecular_function,MZ501063,putative phosphatase,True,1432,22
3483,NP_417504.1,molecular_function,NC_000913.3,cAMP phosphodiesterase,False,1432,22
3527,QXV83930.1,molecular_function,MZ501100,putative phosphatase,True,1432,22
3500,YP_006863.1,molecular_function,NC_005859.1,NinI-like serine-threonine phosphatase,True,1432,22
3489,QXV81536.1,molecular_function,MZ501084,putative phosphatase,True,1432,22
3486,QXV84417.1,molecular_function,MZ501103,serine/threonine phosphatase,True,1432,22
3507,QXV85375.1,molecular_function,MZ501109,serine/threonine phosphatase,True,1432,22
3505,QXV80310.1,molecular_function,MZ501075,serine/threonine phosphatase,True,1432,22
3501,QXV80488.1,molecular_function,MZ501076,serine/threonine phosphatase,True,1432,22
2558,QXV78057.1,biological_process,MZ501062,ribosome hibernation factor,True,1507,14
2557,QXV82893.1,biological_process,MZ501094,ribosome hibernation factor,True,1507,14
2547,QXV82675.1,biological_process,MZ501093,ribosome hibernation factor,True,1507,14
2556,QXV76720.1,biological_process,MZ501054,ribosome hibernation factor,True,1507,14
2555,QXV81051.1,biological_process,MZ501082,ribosome hibernation factor,True,1507,14
2554,QXV77619.1,biological_process,MZ501060,ribosome hibernation factor,True,1507,14
2553,NP_417088.1,biological_process,NC_000913.3,ribosome-associated inhibitor A,False,1507,14
2552,QXV85664.1,biological_process,MZ501111,ribosome hibernation factor,True,1507,14
2551,QXV75701.1,biological_process,MZ501048,ribosome hibernation factor,True,1507,14
2550,QXV81274.1,biological_process,MZ501083,ribosome hibernation factor,True,1507,14
2549,QXV84231.1,biological_process,MZ501102,ribosome hibernation factor,True,1507,14
2548,NP_417670.1,biological_process,NC_000913.3,ribosome hibernation-promoting factor,False,1507,14
2545,QXV77844.1,biological_process,MZ501061,ribosome hibernation factor,True,1507,14
2546,QXV79940.1,biological_process,MZ501073,ribosome hibernation factor,True,1507,14
10013,QXV80245.1,molecular_function,MZ501075,RNAseH,True,1546,13
10070,QXV84369.1,molecular_function,MZ501103,RNAseH,True,1546,13
10021,QXV80421.1,molecular_function,MZ501076,RNAseH,True,1546,13
10020,QXV84623.1,molecular_function,MZ501105,RNAseH,True,1546,13
10019,QXV85309.1,molecular_function,MZ501109,RNAseH,True,1546,13
1741,NP_414750.1,molecular_function,NC_000913.3,ribonuclease HI,False,1546,13
8740,YP_006919.1,molecular_function,NC_005859.1,Rnase H,True,1546,13
8739,QXV79672.1,molecular_function,MZ501072,RNAseH,True,1546,13
8738,QXV80079.1,molecular_function,MZ501074,RNAseH,True,1546,13
10008,QXV85137.1,molecular_function,MZ501108,RNAseH,True,1546,13
10005,NP_414750.1,molecular_function,NC_000913.3,ribonuclease HI,False,1546,13
10001,YP_006919.1,molecular_function,NC_005859.1,Rnase H,True,1546,13
1747,QXV85309.1,molecular_function,MZ501109,RNAseH,True,1546,13
1540,NP_417756.1,biological_process,NC_000913.3,30S ribosomal subunit protein S11,False,1546,13
8741,NP_414750.1,molecular_function,NC_000913.3,ribonuclease HI,False,1546,13
8742,QXV85137.1,molecular_function,MZ501108,RNAseH,True,1546,13
9999,QXV79672.1,molecular_function,MZ501072,RNAseH,True,1546,13
4400,NP_417424.1,biological_process,NC_000913.3,ribonuclease H-like domain-containing nuclease,False,1546,13
9974,QXV80079.1,molecular_function,MZ501074,RNAseH,True,1546,13
1739,QXV79672.1,molecular_function,MZ501072,RNAseH,True,1546,13
1740,YP_006919.1,molecular_function,NC_005859.1,Rnase H,True,1546,13
8737,QXV77275.1,molecular_function,MZ501058,RNAseH,True,1546,13
8744,QXV85309.1,molecular_function,MZ501109,RNAseH,True,1546,13
8746,QXV80421.1,molecular_function,MZ501076,RNAseH,True,1546,13
8747,QXV84369.1,molecular_function,MZ501103,RNAseH,True,1546,13
8189,NP_417756.1,biological_process,NC_000913.3,30S ribosomal subunit protein S11,False,1546,13
1746,QXV80245.1,molecular_function,MZ501075,RNAseH,True,1546,13
8743,QXV80245.1,molecular_function,MZ501075,RNAseH,True,1546,13
1744,QXV85137.1,molecular_function,MZ501108,RNAseH,True,1546,13
8745,QXV84623.1,molecular_function,MZ501105,RNAseH,True,1546,13
1738,QXV80079.1,molecular_function,MZ501074,RNAseH,True,1546,13
9955,QXV77275.1,molecular_function,MZ501058,RNAseH,True,1546,13
1750,QXV84369.1,molecular_function,MZ501103,RNAseH,True,1546,13
1749,QXV80421.1,molecular_function,MZ501076,RNAseH,True,1546,13
1748,QXV84623.1,molecular_function,MZ501105,RNAseH,True,1546,13
10421,NP_417424.1,biological_process,NC_000913.3,ribonuclease H-like domain-containing nuclease,False,1546,13
10382,NP_417756.1,biological_process,NC_000913.3,30S ribosomal subunit protein S11,False,1546,13
3624,NP_417424.1,biological_process,NC_000913.3,ribonuclease H-like domain-containing nuclease,False,1546,13
1735,QXV77275.1,molecular_function,MZ501058,RNAseH,True,1546,13
8356,QXV84892.1,biological_process,MZ501106,RecA-like recombination protein,True,1615,23
8355,QXV78865.1,biological_process,MZ501066,RecA-like recombination protein,True,1615,23
8357,QXV76364.1,biological_process,MZ501052,RecA-like recombination protein,True,1615,23
8354,QXV76005.1,biological_process,MZ501050,RecA-like recombination protein,True,1615,23
8358,AYD82638.1,biological_process,MH751506.1,RecA-like recombination protein,True,1615,23
6792,NP_417179.1,biological_process,NC_000913.3,DNA recombination/repair protein RecA,False,1615,23
6786,AXN58082.1,biological_process,MH550421.1,RecA-like recombination protein,True,1615,23
8352,QXV83183.1,biological_process,MZ501096,RecA-like recombination protein,True,1615,23
8351,QXV79144.1,biological_process,MZ501067,RecA-like recombination protein,True,1615,23
6787,QXV78593.1,biological_process,MZ501065,RecA-like recombination protein,True,1615,23
8349,QXV75429.1,biological_process,MZ501046,RecA-like recombination protein,True,1615,23
8348,NP_417179.1,biological_process,NC_000913.3,DNA recombination/repair protein RecA,False,1615,23
8359,AXN58082.1,biological_process,MH550421.1,RecA-like recombination protein,True,1615,23
522,NP_415831.1,molecular_function,NC_000913.3,D-glucoside 3-dehydrogenase,False,1615,23
521,NP_417558.2,molecular_function,NC_000913.3,putative oxidoreductase YgjR,False,1615,23
520,NP_416141.4,molecular_function,NC_000913.3,putative oxidoreductase YdgJ,False,1615,23
519,NP_415586.1,molecular_function,NC_000913.3,putative oxidoreductase YceM,False,1615,23
518,NP_417897.1,molecular_function,NC_000913.3,putative oxidoreductase YhhX,False,1615,23
517,NP_418700.2,molecular_function,NC_000913.3,"2,7-anhydro-N-acetylneuraminate hydratase",False,1615,23
8353,QXV85990.1,biological_process,MZ501113,RecA-like recombination protein,True,1615,23
8360,QXV78593.1,biological_process,MZ501065,RecA-like recombination protein,True,1615,23
8350,QXV82134.1,biological_process,MZ501089,RecA-like recombination protein,True,1615,23
8362,QXV76983.1,biological_process,MZ501056,RecA-like recombination protein,True,1615,23
8377,QXV78593.1,biological_process,MZ501065,RecA-like recombination protein,True,1615,23
6778,QXV79144.1,biological_process,MZ501067,RecA-like recombination protein,True,1615,23
6779,QXV83183.1,biological_process,MZ501096,RecA-like recombination protein,True,1615,23
8382,NP_417179.1,biological_process,NC_000913.3,DNA recombination/repair protein RecA,False,1615,23
8369,QXV83183.1,biological_process,MZ501096,RecA-like recombination protein,True,1615,23
8370,QXV85990.1,biological_process,MZ501113,RecA-like recombination protein,True,1615,23
8371,QXV76005.1,biological_process,MZ501050,RecA-like recombination protein,True,1615,23
8372,QXV78865.1,biological_process,MZ501066,RecA-like recombination protein,True,1615,23
8381,NP_049656.2,biological_process,NC_000866.4,recombinase,True,1615,23
8380,QXV75149.1,biological_process,MZ501047,RecA-like recombination protein,True,1615,23
8373,QXV84892.1,biological_process,MZ501106,RecA-like recombination protein,True,1615,23
8374,QXV76364.1,biological_process,MZ501052,RecA-like recombination protein,True,1615,23
8375,AYD82638.1,biological_process,MH751506.1,RecA-like recombination protein,True,1615,23
8376,AXN58082.1,biological_process,MH550421.1,RecA-like recombination protein,True,1615,23
8379,QXV76983.1,biological_process,MZ501056,RecA-like recombination protein,True,1615,23
8368,QXV79144.1,biological_process,MZ501067,RecA-like recombination protein,True,1615,23
8367,QXV82134.1,biological_process,MZ501089,RecA-like recombination protein,True,1615,23
6788,QXV83518.1,biological_process,MZ501098,RecA-like recombination protein,True,1615,23
6790,QXV75149.1,biological_process,MZ501047,RecA-like recombination protein,True,1615,23
6785,AYD82638.1,biological_process,MH751506.1,RecA-like recombination protein,True,1615,23
6784,QXV76364.1,biological_process,MZ501052,RecA-like recombination protein,True,1615,23
6783,QXV84892.1,biological_process,MZ501106,RecA-like recombination protein,True,1615,23
6782,QXV78865.1,biological_process,MZ501066,RecA-like recombination protein,True,1615,23
6781,QXV76005.1,biological_process,MZ501050,RecA-like recombination protein,True,1615,23
6780,QXV85990.1,biological_process,MZ501113,RecA-like recombination protein,True,1615,23
8363,QXV75149.1,biological_process,MZ501047,RecA-like recombination protein,True,1615,23
6789,QXV76983.1,biological_process,MZ501056,RecA-like recombination protein,True,1615,23
8361,QXV83518.1,biological_process,MZ501098,RecA-like recombination protein,True,1615,23
8378,QXV83518.1,biological_process,MZ501098,RecA-like recombination protein,True,1615,23
6776,QXV75429.1,biological_process,MZ501046,RecA-like recombination protein,True,1615,23
6777,QXV82134.1,biological_process,MZ501089,RecA-like recombination protein,True,1615,23
8364,NP_049656.2,biological_process,NC_000866.4,recombinase,True,1615,23
8365,NP_417179.1,biological_process,NC_000913.3,DNA recombination/repair protein RecA,False,1615,23
8366,QXV75429.1,biological_process,MZ501046,RecA-like recombination protein,True,1615,23
6791,NP_049656.2,biological_process,NC_000866.4,recombinase,True,1615,23
2379,NP_418714.1,biological_process,NC_000913.3,IS1 family repressor protein InsA,False,1617,9
2380,YP_009518740.1,biological_process,NC_000913.3,IS1 family repressor TnpA,False,1617,9
2382,NP_414563.1,biological_process,NC_000913.3,IS1 family protein InsA,False,1617,9
2376,YP_006488.1,biological_process,NC_005856.1,transposase,True,1617,9
2383,NP_416408.1,biological_process,NC_000913.3,IS1 family protein InsA,False,1617,9
2381,NP_417901.1,biological_process,NC_000913.3,IS1 family protein InsA,False,1617,9
2378,NP_414809.1,biological_process,NC_000913.3,IS1 family protein InsA,False,1617,9
2377,YP_588445.1,biological_process,NC_000913.3,IS1 family protein InsA,False,1617,9
2375,NP_414799.1,biological_process,NC_000913.3,IS1 family protein InsA,False,1617,9
3570,NP_414798.1,biological_process,NC_000913.3,IS1 family protein InsB,False,1618,8
3572,YP_006487.1,biological_process,NC_005856.1,transposase,True,1618,8
3573,NP_416407.1,biological_process,NC_000913.3,IS1 family protein InsB,False,1618,8
3569,NP_414808.1,biological_process,NC_000913.3,IS1 family protein InsB,False,1618,8
3571,NP_415508.1,biological_process,NC_000913.3,IS1 family protein InsB,False,1618,8
3576,NP_417902.1,biological_process,NC_000913.3,IS1 family protein InsB,False,1618,8
3575,YP_009518739.1,biological_process,NC_000913.3,IS1 family transposase B,False,1618,8
3574,NP_414562.1,biological_process,NC_000913.3,IS1 family protein InsB,False,1618,8
8724,NP_417889.1,biological_process,NC_000913.3,"limit dextrin alpha-1,6-glucohydrolase",False,1746,23
7575,NP_414937.2,biological_process,NC_000913.3,maltodextrin glucosidase,False,1746,23
4036,NP_416134.1,biological_process,NC_000913.3,beta-glucuronidase,False,1746,23
4315,NP_417890.1,biological_process,NC_000913.3,"1,4-alpha-glucan branching enzyme",False,1746,23
5895,NP_417889.1,biological_process,NC_000913.3,"limit dextrin alpha-1,6-glucohydrolase",False,1746,23
3968,NP_417889.1,biological_process,NC_000913.3,"limit dextrin alpha-1,6-glucohydrolase",False,1746,23
2653,QXV83761.1,biological_process,MZ501100,lateral tail fiber protein,True,1746,23
4033,NP_416134.1,biological_process,NC_000913.3,beta-glucuronidase,False,1746,23
3969,NP_414937.2,biological_process,NC_000913.3,maltodextrin glucosidase,False,1746,23
2432,NP_417875.1,biological_process,NC_000913.3,4-alpha-glucanotransferase,False,1746,23
3967,NP_417890.1,biological_process,NC_000913.3,"1,4-alpha-glucan branching enzyme",False,1746,23
205,NP_418314.1,biological_process,NC_000913.3,sulfoquinovosidase,False,1746,23
6307,NP_418660.1,biological_process,NC_000913.3,trehalose-6-phosphate hydrolase,False,1746,23
10487,NP_417890.1,biological_process,NC_000913.3,"1,4-alpha-glucan branching enzyme",False,1746,23
2652,QXV78155.1,biological_process,MZ501063,lateral tail fiber protein,True,1746,23
2654,QXV77500.1,biological_process,MZ501060,lateral tail fiber protein,True,1746,23
2655,QXV84112.1,biological_process,MZ501102,lateral tail fiber protein,True,1746,23
3052,NP_417890.1,biological_process,NC_000913.3,"1,4-alpha-glucan branching enzyme",False,1746,23
3053,NP_417889.1,biological_process,NC_000913.3,"limit dextrin alpha-1,6-glucohydrolase",False,1746,23
2651,QXV81372.1,biological_process,MZ501084,lateral tail fiber protein,True,1746,23
206,NP_418113.1,biological_process,NC_000913.3,alpha-D-xyloside xylohydrolase,False,1746,23
2650,QXV77727.1,biological_process,MZ501061,lateral tail fiber protein,True,1746,23
5523,NP_418314.1,biological_process,NC_000913.3,sulfoquinovosidase,False,1746,23
5529,NP_418113.1,biological_process,NC_000913.3,alpha-D-xyloside xylohydrolase,False,1746,23
2649,QXV77936.1,biological_process,MZ501062,lateral tail fiber protein,True,1746,23
3973,NP_417890.1,biological_process,NC_000913.3,"1,4-alpha-glucan branching enzyme",False,1746,23
3034,NP_414937.2,biological_process,NC_000913.3,maltodextrin glucosidase,False,1746,23
3970,NP_418660.1,biological_process,NC_000913.3,trehalose-6-phosphate hydrolase,False,1746,23
4027,NP_416134.1,biological_process,NC_000913.3,beta-glucuronidase,False,1746,23
4030,NP_416134.1,biological_process,NC_000913.3,beta-glucuronidase,False,1746,23
10449,QXV78487.1,biological_process,MZ501065,head assembly cochaperone,True,1836,17
10448,NP_049825.1,biological_process,NC_000866.4,head morphogenesis,True,1836,17
10447,AXN58246.1,biological_process,MH550421.1,head assembly cochaperone with GroEL,True,1836,17
10450,NP_418566.1,biological_process,NC_000913.3,cochaperonin GroES,False,1836,17
10451,AYD82804.1,biological_process,MH751506.1,head assembly cochaperone with GroEL,True,1836,17
8484,QXV75050.1,biological_process,MZ501047,head assembly cochaperone,True,1836,17
10453,QXV79034.1,biological_process,MZ501067,head assembly cochaperone,True,1836,17
10454,QXV78755.1,biological_process,MZ501066,head assembly cochaperone,True,1836,17
10455,QXV76889.1,biological_process,MZ501056,head assembly cochaperone,True,1836,17
10456,QXV75050.1,biological_process,MZ501047,head assembly cochaperone,True,1836,17
8481,QXV79034.1,biological_process,MZ501067,head assembly cochaperone,True,1836,17
8482,QXV78755.1,biological_process,MZ501066,head assembly cochaperone,True,1836,17
8483,QXV76889.1,biological_process,MZ501056,head assembly cochaperone,True,1836,17
10446,QXV75899.1,biological_process,MZ501050,head assembly cochaperone,True,1836,17
10452,QXV83412.1,biological_process,MZ501098,head assembly cochaperone,True,1836,17
10445,QXV75322.1,biological_process,MZ501046,head assembly cochaperone,True,1836,17
8473,QXV75322.1,biological_process,MZ501046,head assembly cochaperone,True,1836,17
10443,QXV85882.1,biological_process,MZ501113,head assembly cochaperone,True,1836,17
7526,AXN58246.1,biological_process,MH550421.1,head assembly cochaperone with GroEL,True,1836,17
8472,QXV76257.1,biological_process,MZ501052,head assembly cochaperone,True,1836,17
8471,QXV85882.1,biological_process,MZ501113,head assembly cochaperone,True,1836,17
8470,QXV83076.1,biological_process,MZ501096,head assembly cochaperone,True,1836,17
10444,QXV76257.1,biological_process,MZ501052,head assembly cochaperone,True,1836,17
8468,QXV82027.1,biological_process,MZ501089,head assembly cochaperone,True,1836,17
7527,NP_049825.1,biological_process,NC_000866.4,head morphogenesis,True,1836,17
7519,QXV82027.1,biological_process,MZ501089,head assembly cochaperone,True,1836,17
7524,QXV75322.1,biological_process,MZ501046,head assembly cochaperone,True,1836,17
7523,QXV76257.1,biological_process,MZ501052,head assembly cochaperone,True,1836,17
7522,QXV85882.1,biological_process,MZ501113,head assembly cochaperone,True,1836,17
7521,QXV83076.1,biological_process,MZ501096,head assembly cochaperone,True,1836,17
7520,QXV84782.1,biological_process,MZ501106,head assembly cochaperone,True,1836,17
8003,NP_418566.1,biological_process,NC_000913.3,cochaperonin GroES,False,1836,17
7525,QXV75899.1,biological_process,MZ501050,head assembly cochaperone,True,1836,17
7528,QXV78487.1,biological_process,MZ501065,head assembly cochaperone,True,1836,17
8469,QXV84782.1,biological_process,MZ501106,head assembly cochaperone,True,1836,17
7530,QXV83412.1,biological_process,MZ501098,head assembly cochaperone,True,1836,17
7531,QXV79034.1,biological_process,MZ501067,head assembly cochaperone,True,1836,17
7532,QXV78755.1,biological_process,MZ501066,head assembly cochaperone,True,1836,17
7533,QXV76889.1,biological_process,MZ501056,head assembly cochaperone,True,1836,17
7534,QXV75050.1,biological_process,MZ501047,head assembly cochaperone,True,1836,17
8474,QXV75899.1,biological_process,MZ501050,head assembly cochaperone,True,1836,17
8475,AXN58246.1,biological_process,MH550421.1,head assembly cochaperone with GroEL,True,1836,17
8476,NP_049825.1,biological_process,NC_000866.4,head morphogenesis,True,1836,17
8477,QXV78487.1,biological_process,MZ501065,head assembly cochaperone,True,1836,17
8479,AYD82804.1,biological_process,MH751506.1,head assembly cochaperone with GroEL,True,1836,17
10442,QXV83076.1,biological_process,MZ501096,head assembly cochaperone,True,1836,17
8480,QXV83412.1,biological_process,MZ501098,head assembly cochaperone,True,1836,17
10441,QXV84782.1,biological_process,MZ501106,head assembly cochaperone,True,1836,17
8478,NP_418566.1,biological_process,NC_000913.3,cochaperonin GroES,False,1836,17
10440,QXV82027.1,biological_process,MZ501089,head assembly cochaperone,True,1836,17
7529,AYD82804.1,biological_process,MH751506.1,head assembly cochaperone with GroEL,True,1836,17
491,NP_415990.5,cellular_component,NC_000913.3,amino acid exporter YddG,False,1869,59
2225,NP_416541.1,cellular_component,NC_000913.3,polyisoprenol-linked O16-antigen repeat unit flippase,False,1869,59
2221,NP_416830.1,cellular_component,NC_000913.3,putative transporter YfcA,False,1869,59
2181,NP_418018.1,molecular_function,NC_000913.3,O-acetyltransferase WecH,False,1869,59
3813,NP_417418.1,biological_process,NC_000913.3,galactose:H(+) symporter,False,1869,59
2179,NP_415565.1,molecular_function,NC_000913.3,osmoregulated periplasmic glucans (OPG) biosynthesis protein C,False,1869,59
7926,NP_417630.1,biological_process,NC_000913.3,tryptophan:H(+) symporter Mtr,False,1869,59
7925,NP_417586.1,biological_process,NC_000913.3,threonine/serine:H(+) symporter,False,1869,59
7921,NP_416420.1,biological_process,NC_000913.3,tyrosine:H(+) symporter,False,1869,59
3816,NP_418455.1,biological_process,NC_000913.3,D-xylose:H(+) symporter,False,1869,59
3815,NP_414587.1,biological_process,NC_000913.3,putative transporter YaaU,False,1869,59
3814,NP_417318.1,biological_process,NC_000913.3,arabinose:H(+) symporter,False,1869,59
490,YP_026262.1,cellular_component,NC_000913.3,putative transporter RarD,False,1869,59
2180,NP_415633.1,molecular_function,NC_000913.3,inner membrane protein YcfT,False,1869,59
7924,NP_418165.1,biological_process,NC_000913.3,tryptophan:H(+) symporter TnaB,False,1869,59
1903,NP_415419.2,biological_process,NC_000913.3,putative transporter YcaM,False,1869,59
5653,NP_417149.1,biological_process,NC_000913.3,4-aminobutanoate:H(+) symporter,False,1869,59
6890,NP_418491.1,molecular_function,NC_000913.3,acetate/glycolate:cation symporter,False,1869,59
3686,QXV78194.1,cellular_component,MZ501063,hypothetical protein,True,1869,59
3687,QXV83802.1,cellular_component,MZ501100,hypothetical protein,True,1869,59
3689,QXV81411.1,cellular_component,MZ501084,hypothetical protein,True,1869,59
3692,YP_026201.1,cellular_component,NC_000913.3,putative membrane-bound redox modulator Alx,False,1869,59
3709,NP_415395.2,biological_process,NC_000913.3,L-lysine/thialysine exporter,False,1869,59
9021,NP_415565.1,molecular_function,NC_000913.3,osmoregulated periplasmic glucans (OPG) biosynthesis protein C,False,1869,59
9023,NP_417586.1,biological_process,NC_000913.3,threonine/serine:H(+) symporter,False,1869,59
9202,NP_415700.4,biological_process,NC_000913.3,hemolysin E,False,1869,59
9271,NP_415219.1,biological_process,NC_000913.3,putrescine transporter PotE,False,1869,59
9436,NP_418018.1,biological_process,NC_000913.3,O-acetyltransferase WecH,False,1869,59
6444,NP_417630.1,biological_process,NC_000913.3,tryptophan:H(+) symporter Mtr,False,1869,59
6443,NP_418165.1,biological_process,NC_000913.3,tryptophan:H(+) symporter TnaB,False,1869,59
6442,NP_416420.1,biological_process,NC_000913.3,tyrosine:H(+) symporter,False,1869,59
1902,NP_418539.1,biological_process,NC_000913.3,arginine:agmatine antiporter,False,1869,59
1904,NP_418556.1,biological_process,NC_000913.3,lysine:cadaverine antiporter,False,1869,59
1905,NP_416122.1,biological_process,NC_000913.3,putative arginine:ornithine antiporter,False,1869,59
1906,NP_418565.1,biological_process,NC_000913.3,L-methionine/branched chain amino acid exporter,False,1869,59
1907,NP_417829.2,biological_process,NC_000913.3,fructoselysine/psicoselysine transporter,False,1869,59
1908,NP_415219.1,biological_process,NC_000913.3,putrescine transporter PotE,False,1869,59
1909,YP_026200.1,biological_process,NC_000913.3,putative transporter YgjI,False,1869,59
1910,NP_418580.2,biological_process,NC_000913.3,putative transporter YjeM,False,1869,59
1911,NP_416009.1,biological_process,NC_000913.3,L-glutamate:4-aminobutyrate antiporter,False,1869,59
1912,NP_415019.1,biological_process,NC_000913.3,putative transporter YbaT,False,1869,59
8668,YP_026201.1,cellular_component,NC_000913.3,putative membrane-bound redox modulator Alx,False,1869,59
8667,QXV81411.1,cellular_component,MZ501084,hypothetical protein,True,1869,59
8666,QXV83802.1,cellular_component,MZ501100,hypothetical protein,True,1869,59
8665,QXV78194.1,cellular_component,MZ501063,hypothetical protein,True,1869,59
5896,NP_417724.4,biological_process,NC_000913.3,pantothenate:Na(+) symporter,False,1869,59
493,NP_418378.4,cellular_component,NC_000913.3,cystine exporter,False,1869,59
489,NP_415334.1,cellular_component,NC_000913.3,L-threonine/L-homoserine exporter,False,1869,59
492,NP_418271.1,cellular_component,NC_000913.3,biotin transporter,False,1869,59
3826,NP_417318.1,biological_process,NC_000913.3,arabinose:H(+) symporter,False,1869,59
3456,NP_414936.1,biological_process,NC_000913.3,putative transporter ProY,False,1869,59
3455,NP_415108.1,biological_process,NC_000913.3,phenylalanine:H(+) symporter PheP,False,1869,59
3454,NP_416661.1,biological_process,NC_000913.3,lysine:H(+) symporter,False,1869,59
3452,NP_418629.1,biological_process,NC_000913.3,D-serine/alanine/glycine/:H(+)symporter,False,1869,59
1354,NP_417724.4,biological_process,NC_000913.3,pantothenate:Na(+) symporter,False,1869,59
488,NP_416050.4,cellular_component,NC_000913.3,cysteine/O-acetylserine exporter EamA,False,1869,59
487,NP_416468.1,cellular_component,NC_000913.3,putative transporter YedA,False,1869,59
486,NP_418116.1,cellular_component,NC_000913.3,putative transporter YicL,False,1869,59
3451,YP_026258.1,biological_process,NC_000913.3,putative transporter YifK,False,1869,59
8552,NP_417418.1,molecular_function,NC_000913.3,galactose:H(+) symporter,False,1869,59
3450,NP_414654.1,biological_process,NC_000913.3,aromatic amino acid:H(+) symporter AroP,False,1869,59
484,NP_418631.2,cellular_component,NC_000913.3,inner membrane protein YtfF,False,1869,59
3434,NP_415734.1,biological_process,NC_000913.3,Na(+)/K(+):H(+) antiporter ChaA,False,1869,59
3393,NP_418271.1,cellular_component,NC_000913.3,biotin transporter,False,1869,59
3392,NP_416468.1,cellular_component,NC_000913.3,putative transporter YedA,False,1869,59
3391,NP_418116.1,cellular_component,NC_000913.3,putative transporter YicL,False,1869,59
3374,NP_416009.1,biological_process,NC_000913.3,L-glutamate:4-aminobutyrate antiporter,False,1869,59
3373,NP_415219.1,biological_process,NC_000913.3,putrescine transporter PotE,False,1869,59
3372,NP_416122.1,biological_process,NC_000913.3,putative arginine:ornithine antiporter,False,1869,59
3371,NP_418556.1,biological_process,NC_000913.3,lysine:cadaverine antiporter,False,1869,59
3310,NP_417586.1,biological_process,NC_000913.3,threonine/serine:H(+) symporter,False,1869,59
3301,NP_418343.1,biological_process,NC_000913.3,rhamnose/lyxose:H(+) symporter,False,1869,59
3252,YP_026262.1,cellular_component,NC_000913.3,putative transporter RarD,False,1869,59
3457,NP_415970.4,biological_process,NC_000913.3,L-asparagine transporter,False,1869,59
3458,NP_417149.1,biological_process,NC_000913.3,4-aminobutanoate:H(+) symporter,False,1869,59
3453,NP_414794.4,biological_process,NC_000913.3,S-methyl-L-methionine transporter,False,1869,59
3460,YP_026258.1,biological_process,NC_000913.3,putative transporter YifK,False,1869,59
3824,NP_417418.1,biological_process,NC_000913.3,galactose:H(+) symporter,False,1869,59
11145,NP_416404.1,biological_process,NC_000913.3,motility protein A,False,1869,59
8566,NP_418455.1,molecular_function,NC_000913.3,D-xylose:H(+) symporter,False,1869,59
8558,NP_414587.1,molecular_function,NC_000913.3,putative transporter YaaU,False,1869,59
8555,NP_417318.1,molecular_function,NC_000913.3,arabinose:H(+) symporter,False,1869,59
3469,NP_416518.2,biological_process,NC_000913.3,putrescine:H(+) symporter PlaP,False,1869,59
3468,NP_417149.1,biological_process,NC_000913.3,4-aminobutanoate:H(+) symporter,False,1869,59
3467,NP_415812.4,biological_process,NC_000913.3,putrescine:H(+) symporter PuuP,False,1869,59
3466,NP_415970.4,biological_process,NC_000913.3,L-asparagine transporter,False,1869,59
3465,NP_414936.1,biological_process,NC_000913.3,putative transporter ProY,False,1869,59
3464,NP_415108.1,biological_process,NC_000913.3,phenylalanine:H(+) symporter PheP,False,1869,59
3459,NP_414654.1,biological_process,NC_000913.3,aromatic amino acid:H(+) symporter AroP,False,1869,59
3463,NP_416661.1,biological_process,NC_000913.3,lysine:H(+) symporter,False,1869,59
3461,NP_418629.1,biological_process,NC_000913.3,D-serine/alanine/glycine/:H(+)symporter,False,1869,59
1352,NP_418491.1,biological_process,NC_000913.3,acetate/glycolate:cation symporter,False,1869,59
2850,NP_417529.1,biological_process,NC_000913.3,undecaprenyl pyrophosphate phosphatase,False,1869,59
3828,NP_418455.1,biological_process,NC_000913.3,D-xylose:H(+) symporter,False,1869,59
3462,NP_414794.4,biological_process,NC_000913.3,S-methyl-L-methionine transporter,False,1869,59
2703,NP_418455.1,biological_process,NC_000913.3,D-xylose:H(+) symporter,False,1869,59
2702,NP_417318.1,biological_process,NC_000913.3,arabinose:H(+) symporter,False,1869,59
485,NP_417651.1,cellular_component,NC_000913.3,putative transporter YhbE,False,1869,59
2701,NP_417418.1,biological_process,NC_000913.3,galactose:H(+) symporter,False,1869,59
6400,QXV82169.1,molecular_function,MZ501089,anaerobic NTP reductase small subunit,True,1880,33
6395,NP_418658.1,molecular_function,NC_000913.3,anaerobic ribonucleoside-triphosphate reductase activating protein,False,1880,33
6396,QXV82696.1,molecular_function,MZ501093,class III anaerobic NTP reductase activator,True,1880,33
6393,QXV81420.1,molecular_function,MZ501084,class III anaerobic NTP reductase activator,True,1880,33
4633,QXV83557.1,molecular_function,MZ501098,anaerobic NTP reductase small subunit,True,1880,33
6399,AYD82672.1,molecular_function,MH751506.1,anaerobic NTP reductase small subunit,True,1880,33
6398,QXV83557.1,molecular_function,MZ501098,anaerobic NTP reductase small subunit,True,1880,33
6392,QXV83811.1,molecular_function,MZ501100,class III anaerobic NTP reductase activator,True,1880,33
6394,QXV81302.1,molecular_function,MZ501083,class III anaerobic NTP reductase activator,True,1880,33
6391,QXV76402.1,molecular_function,MZ501052,anaerobic NTP reductase small subunit,True,1880,33
6401,QXV78630.1,molecular_function,MZ501065,anaerobic NTP reductase small subunit,True,1880,33
4636,QXV78630.1,molecular_function,MZ501065,anaerobic NTP reductase small subunit,True,1880,33
4635,QXV82169.1,molecular_function,MZ501089,anaerobic NTP reductase small subunit,True,1880,33
4634,AYD82672.1,molecular_function,MH751506.1,anaerobic NTP reductase small subunit,True,1880,33
6397,QXV86027.1,molecular_function,MZ501113,anaerobic NTP reductase small subunit,True,1880,33
6379,QXV78203.1,molecular_function,MZ501063,class III anaerobic NTP reductase activator,True,1880,33
4628,QXV82696.1,molecular_function,MZ501093,class III anaerobic NTP reductase activator,True,1880,33
4604,QXV75729.1,molecular_function,MZ501048,class III anaerobic NTP reductase activator,True,1880,33
4603,QXV79967.1,molecular_function,MZ501073,class III anaerobic NTP reductase activator,True,1880,33
4602,QXV84259.1,molecular_function,MZ501102,class III anaerobic NTP reductase activator,True,1880,33
4600,QXV75466.1,molecular_function,MZ501046,anaerobic NTP reductase small subunit,True,1880,33
4598,QXV79180.1,molecular_function,MZ501067,anaerobic NTP reductase small subunit,True,1880,33
4595,QXV78203.1,molecular_function,MZ501063,class III anaerobic NTP reductase activator,True,1880,33
4594,QXV78903.1,molecular_function,MZ501066,anaerobic NTP reductase small subunit,True,1880,33
4592,AXN58114.1,molecular_function,MH550421.1,anaerobic NTP reductase small subunit,True,1880,33
4591,QXV76043.1,molecular_function,MZ501050,anaerobic NTP reductase small subunit,True,1880,33
4590,QXV75188.1,molecular_function,MZ501047,anaerobic NTP reductase small subunit,True,1880,33
4588,QXV83219.1,molecular_function,MZ501096,anaerobic NTP reductase small subunit,True,1880,33
4608,QXV77857.1,molecular_function,MZ501061,class III anaerobic NTP reductase activator,True,1880,33
4587,QXV84930.1,molecular_function,MZ501106,anaerobic NTP reductase small subunit,True,1880,33
4584,QXV81764.1,molecular_function,MZ501086,anaerobic ribonucleotide reductase small subunit,True,1880,33
4609,QXV82921.1,molecular_function,MZ501094,class III anaerobic NTP reductase activator,True,1880,33
4583,QXV81079.1,molecular_function,MZ501082,class III anaerobic NTP reductase activator,True,1880,33
4582,QXV77647.1,molecular_function,MZ501060,class III anaerobic NTP reductase activator,True,1880,33
4581,QXV77022.1,molecular_function,MZ501056,anaerobic NTP reductase small subunit,True,1880,33
4610,QXV76748.1,molecular_function,MZ501054,class III anaerobic NTP reductase activator,True,1880,33
4611,QXV85692.1,molecular_function,MZ501111,class III anaerobic NTP reductase activator,True,1880,33
6390,QXV85692.1,molecular_function,MZ501111,class III anaerobic NTP reductase activator,True,1880,33
4622,QXV83811.1,molecular_function,MZ501100,class III anaerobic NTP reductase activator,True,1880,33
4623,QXV81420.1,molecular_function,MZ501084,class III anaerobic NTP reductase activator,True,1880,33
4625,QXV81302.1,molecular_function,MZ501083,class III anaerobic NTP reductase activator,True,1880,33
4627,NP_418658.1,molecular_function,NC_000913.3,anaerobic ribonucleoside-triphosphate reductase activating protein,False,1880,33
4630,QXV86027.1,molecular_function,MZ501113,anaerobic NTP reductase small subunit,True,1880,33
4618,QXV76402.1,molecular_function,MZ501052,anaerobic NTP reductase small subunit,True,1880,33
4606,NP_049688.1,molecular_function,NC_000866.4,anaerobic ribonucleotide reductase small subunit,True,1880,33
6388,QXV82921.1,molecular_function,MZ501094,class III anaerobic NTP reductase activator,True,1880,33
1549,QXV81764.1,molecular_function,MZ501086,anaerobic ribonucleotide reductase small subunit,True,1880,33
1550,QXV84930.1,molecular_function,MZ501106,anaerobic NTP reductase small subunit,True,1880,33
1551,QXV83219.1,molecular_function,MZ501096,anaerobic NTP reductase small subunit,True,1880,33
1553,QXV75188.1,molecular_function,MZ501047,anaerobic NTP reductase small subunit,True,1880,33
1572,QXV78630.1,molecular_function,MZ501065,anaerobic NTP reductase small subunit,True,1880,33
6389,QXV76748.1,molecular_function,MZ501054,class III anaerobic NTP reductase activator,True,1880,33
1571,QXV82169.1,molecular_function,MZ501089,anaerobic NTP reductase small subunit,True,1880,33
1570,AYD82672.1,molecular_function,MH751506.1,anaerobic NTP reductase small subunit,True,1880,33
1554,QXV76043.1,molecular_function,MZ501050,anaerobic NTP reductase small subunit,True,1880,33
1555,AXN58114.1,molecular_function,MH550421.1,anaerobic NTP reductase small subunit,True,1880,33
1569,QXV83557.1,molecular_function,MZ501098,anaerobic NTP reductase small subunit,True,1880,33
1567,QXV86027.1,molecular_function,MZ501113,anaerobic NTP reductase small subunit,True,1880,33
1566,NP_418658.1,molecular_function,NC_000913.3,anaerobic ribonucleoside-triphosphate reductase activating protein,False,1880,33
1564,QXV76402.1,molecular_function,MZ501052,anaerobic NTP reductase small subunit,True,1880,33
1562,QXV85692.1,molecular_function,MZ501111,class III anaerobic NTP reductase activator,True,1880,33
1561,QXV76748.1,molecular_function,MZ501054,class III anaerobic NTP reductase activator,True,1880,33
1560,QXV82921.1,molecular_function,MZ501094,class III anaerobic NTP reductase activator,True,1880,33
1559,NP_049688.1,molecular_function,NC_000866.4,anaerobic ribonucleotide reductase small subunit,True,1880,33
1556,QXV78903.1,molecular_function,MZ501066,anaerobic NTP reductase small subunit,True,1880,33
1558,QXV75466.1,molecular_function,MZ501046,anaerobic NTP reductase small subunit,True,1880,33
1547,QXV77022.1,molecular_function,MZ501056,anaerobic NTP reductase small subunit,True,1880,33
1548,QXV77647.1,molecular_function,MZ501060,class III anaerobic NTP reductase activator,True,1880,33
6377,AXN58114.1,molecular_function,MH550421.1,anaerobic NTP reductase small subunit,True,1880,33
6387,QXV77857.1,molecular_function,MZ501061,class III anaerobic NTP reductase activator,True,1880,33
6386,NP_049688.1,molecular_function,NC_000866.4,anaerobic ribonucleotide reductase small subunit,True,1880,33
6385,QXV78085.1,molecular_function,MZ501062,class III anaerobic NTP reductase activator,True,1880,33
6384,QXV75729.1,molecular_function,MZ501048,class III anaerobic NTP reductase activator,True,1880,33
6383,QXV79967.1,molecular_function,MZ501073,class III anaerobic NTP reductase activator,True,1880,33
6382,QXV84259.1,molecular_function,MZ501102,class III anaerobic NTP reductase activator,True,1880,33
6381,QXV75466.1,molecular_function,MZ501046,anaerobic NTP reductase small subunit,True,1880,33
6380,QXV79180.1,molecular_function,MZ501067,anaerobic NTP reductase small subunit,True,1880,33
4605,QXV78085.1,molecular_function,MZ501062,class III anaerobic NTP reductase activator,True,1880,33
6378,QXV78903.1,molecular_function,MZ501066,anaerobic NTP reductase small subunit,True,1880,33
6376,QXV76043.1,molecular_function,MZ501050,anaerobic NTP reductase small subunit,True,1880,33
1557,QXV79180.1,molecular_function,MZ501067,anaerobic NTP reductase small subunit,True,1880,33
6374,QXV83219.1,molecular_function,MZ501096,anaerobic NTP reductase small subunit,True,1880,33
6373,QXV84930.1,molecular_function,MZ501106,anaerobic NTP reductase small subunit,True,1880,33
6372,QXV81764.1,molecular_function,MZ501086,anaerobic ribonucleotide reductase small subunit,True,1880,33
6371,QXV81079.1,molecular_function,MZ501082,class III anaerobic NTP reductase activator,True,1880,33
6370,QXV77647.1,molecular_function,MZ501060,class III anaerobic NTP reductase activator,True,1880,33
6369,QXV77022.1,molecular_function,MZ501056,anaerobic NTP reductase small subunit,True,1880,33
6375,QXV75188.1,molecular_function,MZ501047,anaerobic NTP reductase small subunit,True,1880,33
6357,QXV77266.1,biological_process,MZ501058,anaerobic ribonucleoside-triphosphate reductase,True,1881,90
898,QXV79969.1,molecular_function,MZ501073,class III anaerobic NTP reductase,True,1881,90
899,QXV84261.1,molecular_function,MZ501102,class III anaerobic NTP reductase,True,1881,90
900,QXV75731.1,molecular_function,MZ501048,class III anaerobic NTP reductase,True,1881,90
901,QXV80410.1,molecular_function,MZ501076,anaerobic ribonucleoside-triphosphate reductase,True,1881,90
6356,QXV78087.1,biological_process,MZ501062,class III anaerobic NTP reductase,True,1881,90
902,NP_049690.1,molecular_function,NC_000866.4,anaerobic ribonucleoside reductase large subunit,True,1881,90
887,QXV83221.1,molecular_function,MZ501096,anaerobic NTP reductase large subunit,True,1881,90
893,QXV82698.1,molecular_function,MZ501093,class III anaerobic NTP reductase,True,1881,90
6367,QXV86028.1,biological_process,MZ501113,anaerobic NTP reductase large subunit,True,1881,90
6366,AYD82673.1,biological_process,MH751506.1,anaerobic ribonucleotide reductase subunit,True,1881,90
6365,QXV82170.1,biological_process,MZ501089,anaerobic NTP reductase large subunit,True,1881,90
6364,QXV80238.1,biological_process,MZ501075,anaerobic ribonucleoside-triphosphate reductase,True,1881,90
6363,QXV77651.1,biological_process,MZ501060,class III anaerobic NTP reductase,True,1881,90
6362,YP_006927.1,biological_process,NC_005859.1,NrdD-like anaerobic ribonucleotide reductase large subunit,True,1881,90
895,QXV77023.1,molecular_function,MZ501056,anaerobic NTP reductase large subunit,True,1881,90
885,QXV85126.1,molecular_function,MZ501108,anaerobic ribonucleoside-triphosphate reductase,True,1881,90
886,QXV75189.1,molecular_function,MZ501047,anaerobic NTP reductase large subunit,True,1881,90
6360,QXV84359.1,biological_process,MZ501103,anaerobic ribonucleoside-triphosphate reductase,True,1881,90
6359,QXV80070.1,biological_process,MZ501074,anaerobic ribonucleoside-triphosphate reductase,True,1881,90
6358,QXV81758.1,biological_process,MZ501086,anaerobic nucleotide reductase large subunit,True,1881,90
891,QXV85697.1,molecular_function,MZ501111,class III anaerobic NTP reductase,True,1881,90
892,QXV82925.1,molecular_function,MZ501094,class III anaerobic NTP reductase,True,1881,90
6361,AXN58116.1,biological_process,MH550421.1,anaerobic ribonucleotide reductase subunit,True,1881,90
6349,QXV75467.1,biological_process,MZ501046,anaerobic NTP reductase large subunit,True,1881,90
6597,QXV84616.1,biological_process,MZ501105,ribonucleoside diphosphate reductase alpha subunit,True,1881,90
904,QXV76045.1,molecular_function,MZ501050,anaerobic NTP reductase large subunit,True,1881,90
921,YP_026205.1,molecular_function,NC_000913.3,2-ketobutyrate formate-lyase/pyruvate formate-lyase 4,False,1881,90
6625,QXV83095.1,biological_process,MZ501096,aerobic NDP reductase A subunit,True,1881,90
6624,NP_416737.1,biological_process,NC_000913.3,ribonucleoside-diphosphate reductase 1 subunit alpha,False,1881,90
6623,QXV79053.1,biological_process,MZ501067,aerobic NDP reductase A subunit,True,1881,90
6622,QXV77269.1,biological_process,MZ501058,ribonucleoside diphosphate reductase alpha subunit,True,1881,90
6620,QXV75069.1,biological_process,MZ501047,aerobic NDP reductase A subunit,True,1881,90
6619,QXV76908.1,biological_process,MZ501056,aerobic NDP reductase A subunit,True,1881,90
922,QXV78204.1,molecular_function,MZ501063,class III anaerobic NTP reductase,True,1881,90
6618,QXV84801.1,biological_process,MZ501106,aerobic NDP reductase A subunit,True,1881,90
6616,QXV81307.1,biological_process,MZ501083,class I NTP reductase alpha subunit,True,1881,90
6615,QXV80413.1,biological_process,MZ501076,ribonucleoside diphosphate reductase alpha subunit,True,1881,90
6614,QXV80241.1,biological_process,MZ501075,ribonucleoside diphosphate reductase alpha subunit,True,1881,90
6613,QXV84264.1,biological_process,MZ501102,class I NTP reductase alpha subunit,True,1881,90
6612,QXV85129.1,biological_process,MZ501108,ribonucleoside diphosphate reductase alpha subunit,True,1881,90
6611,QXV82702.1,biological_process,MZ501093,class I NTP reductase alpha subunit,True,1881,90
6610,QXV81084.1,biological_process,MZ501082,class I NTP reductase alpha subunit,True,1881,90
6617,QXV78506.1,biological_process,MZ501065,aerobic NDP reductase A subunit,True,1881,90
6609,QXV81562.1,biological_process,MZ501084,class I NTP reductase alpha subunit,True,1881,90
923,QXV78631.1,molecular_function,MZ501065,anaerobic NTP reductase large subunit,True,1881,90
926,QXV77859.1,molecular_function,MZ501061,class III anaerobic NTP reductase,True,1881,90
3916,NP_415423.1,biological_process,NC_000913.3,pyruvate formate-lyase,False,1881,90
3917,YP_026205.1,biological_process,NC_000913.3,2-ketobutyrate formate-lyase/pyruvate formate-lyase 4,False,1881,90
947,QXV86028.1,molecular_function,MZ501113,anaerobic NTP reductase large subunit,True,1881,90
946,AYD82673.1,molecular_function,MH751506.1,anaerobic ribonucleotide reductase subunit,True,1881,90
944,QXV82170.1,molecular_function,MZ501089,anaerobic NTP reductase large subunit,True,1881,90
943,QXV80238.1,molecular_function,MZ501075,anaerobic ribonucleoside-triphosphate reductase,True,1881,90
942,QXV77651.1,molecular_function,MZ501060,class III anaerobic NTP reductase,True,1881,90
924,QXV83558.1,molecular_function,MZ501098,anaerobic NTP reductase large subunit,True,1881,90
941,YP_006927.1,molecular_function,NC_005859.1,NrdD-like anaerobic ribonucleotide reductase large subunit,True,1881,90
934,QXV84359.1,molecular_function,MZ501103,anaerobic ribonucleoside-triphosphate reductase,True,1881,90
933,QXV80070.1,molecular_function,MZ501074,anaerobic ribonucleoside-triphosphate reductase,True,1881,90
932,QXV77266.1,molecular_function,MZ501058,anaerobic ribonucleoside-triphosphate reductase,True,1881,90
931,QXV78087.1,molecular_function,MZ501062,class III anaerobic NTP reductase,True,1881,90
930,QXV81421.1,molecular_function,MZ501084,class III anaerobic NTP reductase,True,1881,90
929,NP_415344.1,molecular_function,NC_000913.3,putative pyruvate formate lyase,False,1881,90
927,NP_418659.1,molecular_function,NC_000913.3,anaerobic ribonucleoside-triphosphate reductase,False,1881,90
940,AXN58116.1,molecular_function,MH550421.1,anaerobic ribonucleotide reductase subunit,True,1881,90
903,QXV76403.1,molecular_function,MZ501052,anaerobic NTP reductase large subunit,True,1881,90
6608,QXV78351.1,biological_process,MZ501063,class I NTP reductase alpha subunit,True,1881,90
6606,QXV83956.1,biological_process,MZ501100,class I NTP reductase alpha subunit,True,1881,90
6585,QXV82046.1,biological_process,MZ501089,aerobic NDP reductase A subunit,True,1881,90
6584,AYD82820.1,biological_process,MH751506.1,ribonucleoside-diphosphate reductase subunit alpha,True,1881,90
6583,QXV82928.1,biological_process,MZ501094,class I NTP reductase alpha subunit,True,1881,90
6582,QXV76755.1,biological_process,MZ501054,class I NTP reductase alpha subunit,True,1881,90
920,QXV75467.1,molecular_function,MZ501046,anaerobic NTP reductase large subunit,True,1881,90
919,QXV78904.1,molecular_function,MZ501066,anaerobic NTP reductase large subunit,True,1881,90
916,QXV81304.1,molecular_function,MZ501083,class III anaerobic NTP reductase,True,1881,90
6586,QXV77654.1,biological_process,MZ501060,class I NTP reductase alpha subunit,True,1881,90
914,QXV79663.1,molecular_function,MZ501072,anaerobic ribonucleoside-triphosphate reductase,True,1881,90
912,QXV83812.1,molecular_function,MZ501100,class III anaerobic NTP reductase,True,1881,90
911,QXV76752.1,molecular_function,MZ501054,class III anaerobic NTP reductase,True,1881,90
910,QXV84932.1,molecular_function,MZ501106,anaerobic NTP reductase large subunit,True,1881,90
908,QXV84613.1,molecular_function,MZ501105,anaerobic ribonucleoside-triphosphate reductase,True,1881,90
907,NP_415423.1,molecular_function,NC_000913.3,pyruvate formate-lyase,False,1881,90
906,QXV79181.1,molecular_function,MZ501067,anaerobic NTP reductase large subunit,True,1881,90
905,QXV81081.1,molecular_function,MZ501082,class III anaerobic NTP reductase,True,1881,90
913,QXV85298.1,molecular_function,MZ501109,anaerobic ribonucleoside-triphosphate reductase,True,1881,90
6607,NP_417161.1,biological_process,NC_000913.3,ribonucleoside-diphosphate reductase 2 subunit alpha,False,1881,90
6587,QXV75734.1,biological_process,MZ501048,class I NTP reductase alpha subunit,True,1881,90
6589,QXV75918.1,biological_process,MZ501050,aerobic NDP reductase A subunit,True,1881,90
6605,QXV78775.1,biological_process,MZ501066,aerobic NDP reductase A subunit,True,1881,90
6604,AXN58264.1,biological_process,MH550421.1,ribonucleoside-diphosphate reductase subunit alpha,True,1881,90
6603,QXV80073.1,biological_process,MZ501074,ribonucleoside diphosphate reductase alpha subunit,True,1881,90
6602,QXV78091.1,biological_process,MZ501062,class I NTP reductase alpha subunit,True,1881,90
6601,QXV81753.1,biological_process,MZ501086,ribonucleotide reductase alpha subunit,True,1881,90
6600,QXV85701.1,biological_process,MZ501111,class I NTP reductase alpha subunit,True,1881,90
6599,QXV79972.1,biological_process,MZ501073,class I NTP reductase alpha subunit,True,1881,90
6588,QXV79666.1,biological_process,MZ501072,ribonucleoside diphosphate reductase alpha subunit,True,1881,90
6598,QXV85301.1,biological_process,MZ501109,ribonucleoside diphosphate reductase alpha subunit,True,1881,90
6596,QXV83432.1,biological_process,MZ501098,aerobic NDP reductase A subunit,True,1881,90
6595,QXV76275.1,biological_process,MZ501052,aerobic NDP reductase A subunit,True,1881,90
6594,QXV85902.1,biological_process,MZ501113,aerobic NDP reductase A subunit,True,1881,90
6593,QXV75341.1,biological_process,MZ501046,aerobic NDP reductase A subunit,True,1881,90
6592,YP_006924.1,biological_process,NC_005859.1,ribonucleoside-diphosphate reductase large subunit,True,1881,90
6591,NP_049845.1,biological_process,NC_000866.4,NrdA-like aerobic NDP reductase large subunit,True,1881,90
6590,QXV77862.1,biological_process,MZ501061,class I NTP reductase alpha subunit,True,1881,90
6355,QXV81421.1,biological_process,MZ501084,class III anaerobic NTP reductase,True,1881,90
6354,NP_418659.1,biological_process,NC_000913.3,anaerobic ribonucleoside-triphosphate reductase,False,1881,90
6347,QXV81304.1,biological_process,MZ501083,class III anaerobic NTP reductase,True,1881,90
6352,QXV83558.1,biological_process,MZ501098,anaerobic NTP reductase large subunit,True,1881,90
6333,QXV84261.1,biological_process,MZ501102,class III anaerobic NTP reductase,True,1881,90
6332,QXV79969.1,biological_process,MZ501073,class III anaerobic NTP reductase,True,1881,90
6331,QXV77023.1,biological_process,MZ501056,anaerobic NTP reductase large subunit,True,1881,90
6330,QXV82698.1,biological_process,MZ501093,class III anaerobic NTP reductase,True,1881,90
6329,QXV82925.1,biological_process,MZ501094,class III anaerobic NTP reductase,True,1881,90
6328,QXV85697.1,biological_process,MZ501111,class III anaerobic NTP reductase,True,1881,90
6334,QXV75731.1,biological_process,MZ501048,class III anaerobic NTP reductase,True,1881,90
6327,QXV83221.1,biological_process,MZ501096,anaerobic NTP reductase large subunit,True,1881,90
6325,QXV85126.1,biological_process,MZ501108,anaerobic ribonucleoside-triphosphate reductase,True,1881,90
884,NP_418386.1,molecular_function,NC_000913.3,putative formate acetyltransferase 2,False,1881,90
3033,NP_415344.1,molecular_function,NC_000913.3,putative pyruvate formate lyase,False,1881,90
3032,YP_026205.1,molecular_function,NC_000913.3,2-ketobutyrate formate-lyase/pyruvate formate-lyase 4,False,1881,90
3031,NP_415423.1,molecular_function,NC_000913.3,pyruvate formate-lyase,False,1881,90
6353,QXV77859.1,biological_process,MZ501061,class III anaerobic NTP reductase,True,1881,90
6326,QXV75189.1,biological_process,MZ501047,anaerobic NTP reductase large subunit,True,1881,90
6335,QXV80410.1,biological_process,MZ501076,anaerobic ribonucleoside-triphosphate reductase,True,1881,90
3030,NP_418386.1,molecular_function,NC_000913.3,putative formate acetyltransferase 2,False,1881,90
6337,QXV76403.1,biological_process,MZ501052,anaerobic NTP reductase large subunit,True,1881,90
6348,QXV78904.1,biological_process,MZ501066,anaerobic NTP reductase large subunit,True,1881,90
6336,NP_049690.1,biological_process,NC_000866.4,anaerobic ribonucleoside reductase large subunit,True,1881,90
6351,QXV78631.1,biological_process,MZ501065,anaerobic NTP reductase large subunit,True,1881,90
6346,QXV79663.1,biological_process,MZ501072,anaerobic ribonucleoside-triphosphate reductase,True,1881,90
6345,QXV85298.1,biological_process,MZ501109,anaerobic ribonucleoside-triphosphate reductase,True,1881,90
6344,QXV83812.1,biological_process,MZ501100,class III anaerobic NTP reductase,True,1881,90
6350,QXV78204.1,biological_process,MZ501063,class III anaerobic NTP reductase,True,1881,90
6342,QXV84932.1,biological_process,MZ501106,anaerobic NTP reductase large subunit,True,1881,90
6341,QXV84613.1,biological_process,MZ501105,anaerobic ribonucleoside-triphosphate reductase,True,1881,90
6340,QXV79181.1,biological_process,MZ501067,anaerobic NTP reductase large subunit,True,1881,90
6338,QXV76045.1,biological_process,MZ501050,anaerobic NTP reductase large subunit,True,1881,90
6339,QXV81081.1,biological_process,MZ501082,class III anaerobic NTP reductase,True,1881,90
6343,QXV76752.1,biological_process,MZ501054,class III anaerobic NTP reductase,True,1881,90
6402,NP_415422.1,molecular_function,NC_000913.3,pyruvate formate-lyase activating enzyme,False,1918,11
6403,NP_418796.1,molecular_function,NC_000913.3,putative glycyl-radical enzyme activating enzyme YjjW,False,1918,11
6404,NP_415422.1,molecular_function,NC_000913.3,pyruvate formate-lyase activating enzyme,False,1918,11
6405,NP_415345.2,molecular_function,NC_000913.3,putative pyruvate formate-lyase activating enzyme YbiY,False,1918,11
1565,NP_415345.2,molecular_function,NC_000913.3,putative pyruvate formate-lyase activating enzyme YbiY,False,1918,11
1568,NP_418387.3,molecular_function,NC_000913.3,putative pyruvate formate-lyase 2 activating enzyme PflC,False,1918,11
4597,QXV79560.1,molecular_function,MZ501071,7-carboxy-7-deazaguanine synthase,True,1918,11
1563,NP_415422.1,molecular_function,NC_000913.3,pyruvate formate-lyase activating enzyme,False,1918,11
4593,QXV84507.1,molecular_function,MZ501104,7-carboxy-7-deazaguanine synthase,True,1918,11
6406,NP_418387.3,molecular_function,NC_000913.3,putative pyruvate formate-lyase 2 activating enzyme PflC,False,1918,11
1552,NP_418796.1,molecular_function,NC_000913.3,putative glycyl-radical enzyme activating enzyme YjjW,False,1918,11
4617,NP_415422.1,molecular_function,NC_000913.3,pyruvate formate-lyase activating enzyme,False,1918,11
4589,NP_418796.1,molecular_function,NC_000913.3,putative glycyl-radical enzyme activating enzyme YjjW,False,1918,11
4607,QXV79301.1,molecular_function,MZ501068,7-carboxy-7-deazaguanine synthase,True,1918,11
4586,QXV82389.1,molecular_function,MZ501091,7-carboxy-7-deazaguanine synthase,True,1918,11
4619,NP_415345.2,molecular_function,NC_000913.3,putative pyruvate formate-lyase activating enzyme YbiY,False,1918,11
4624,QXV85787.1,molecular_function,MZ501112,7-carboxy-7-deazaguanine synthase,True,1918,11
4631,QXV85465.1,molecular_function,MZ501110,7-carboxy-7-deazaguanine synthase,True,1918,11
4632,NP_418387.3,molecular_function,NC_000913.3,putative pyruvate formate-lyase 2 activating enzyme PflC,False,1918,11
4639,QXV77149.1,molecular_function,MZ501057,7-carboxy-7-deazaguanine synthase,True,1918,11
883,QXV83601.1,molecular_function,MZ501098,hypothetical protein,True,2156,8
939,QXV84965.1,molecular_function,MZ501106,hypothetical protein,True,2156,8
938,QXV76443.1,molecular_function,MZ501052,hypothetical protein,True,2156,8
936,QXV82211.1,molecular_function,MZ501089,hypothetical protein,True,2156,8
915,QXV75224.1,molecular_function,MZ501047,hypothetical protein,True,2156,8
917,NP_417074.1,molecular_function,NC_000913.3,stress-induced alternate pyruvate formate-lyase subunit,False,2156,8
937,QXV86074.1,molecular_function,MZ501113,hypothetical protein,True,2156,8
879,QXV75510.1,molecular_function,MZ501046,hypothetical protein,True,2156,8
10574,XPK40949.1,biological_process,PQ850602,internal virion protein,True,2246,10
4676,NP_416395.1,biological_process,NC_000913.3,chemotaxis protein CheZ,False,2246,10
10575,XPK40438.1,biological_process,PQ850595,internal virion protein,True,2246,10
10576,QXV76841.1,biological_process,MZ501055,DNA injection channel protein A,True,2246,10
10573,QXV80672.1,biological_process,MZ501078,DNA injection channel protein A,True,2246,10
10578,QXV78438.1,biological_process,MZ501064,DNA injection channel protein A,True,2246,10
10579,XPK40897.1,biological_process,PQ850601,internal virion protein,True,2246,10
10580,XPK42574.1,biological_process,PQ850620,internal virion protein,True,2246,10
10581,QXV80897.1,biological_process,MZ501081,DNA injection channel protein A,True,2246,10
10577,NP_042002.1,biological_process,NC_001604,internal virion protein,True,2246,10
783,QXV81383.1,molecular_function,MZ501084,Dam-like N6-adenine methyltransferase,True,2535,4
782,QXV83774.1,molecular_function,MZ501100,Dam-like N6-adenine methyltransferase,True,2535,4
1609,QXV83774.1,biological_process,MZ501100,Dam-like N6-adenine methyltransferase,True,2535,4
1608,QXV78166.1,biological_process,MZ501063,Dam-like N6-adenine methyltransferase,True,2535,4
2274,NP_417728.4,molecular_function,NC_000913.3,DNA adenine methyltransferase,False,2535,4
781,QXV78166.1,molecular_function,MZ501063,Dam-like N6-adenine methyltransferase,True,2535,4
2275,QXV78166.1,molecular_function,MZ501063,Dam-like N6-adenine methyltransferase,True,2535,4
9331,QXV83774.1,biological_process,MZ501100,Dam-like N6-adenine methyltransferase,True,2535,4
9330,QXV78166.1,biological_process,MZ501063,Dam-like N6-adenine methyltransferase,True,2535,4
2276,QXV83774.1,molecular_function,MZ501100,Dam-like N6-adenine methyltransferase,True,2535,4
2277,QXV81383.1,molecular_function,MZ501084,Dam-like N6-adenine methyltransferase,True,2535,4
780,NP_417728.4,molecular_function,NC_000913.3,DNA adenine methyltransferase,False,2535,4
1607,NP_417728.4,biological_process,NC_000913.3,DNA adenine methyltransferase,False,2535,4
1611,QXV81383.1,biological_process,MZ501084,Dam-like N6-adenine methyltransferase,True,2535,4
9332,QXV81383.1,biological_process,MZ501084,Dam-like N6-adenine methyltransferase,True,2535,4
10820,XPK42224.1,molecular_function,PQ850617,hypothetical protein,True,2641,85
10818,XPK40704.1,molecular_function,PQ850599,hypothetical protein,True,2641,85
10819,XPK40160.1,molecular_function,PQ850593,hypothetical protein,True,2641,85
10821,XPK42660.1,molecular_function,PQ850622,hypothetical protein,True,2641,85
10825,XPK40261.1,molecular_function,PQ850594,hypothetical protein,True,2641,85
10844,NP_049776.1,molecular_function,NC_000866.4,terminase large subunit,True,2641,85
10823,XPK41947.1,molecular_function,PQ850614,hypothetical protein,True,2641,85
10845,QXV84558.1,molecular_function,MZ501105,terminase large subunit,True,2641,85
10824,XPK41549.1,molecular_function,PQ850610,hypothetical protein,True,2641,85
4003,NP_417006.2,molecular_function,NC_000913.3,50S ribosomal subunit stability factor,False,2641,85
10826,XPK43035.1,molecular_function,PQ850626,hypothetical protein,True,2641,85
10846,QXV78991.1,molecular_function,MZ501067,terminase large subunit,True,2641,85
11163,NP_416423.4,biological_process,NC_000913.3,UvrABC excision nuclease subunit C,False,2641,85
10847,QXV84738.1,molecular_function,MZ501106,terminase large subunit,True,2641,85
10822,XPK41824.1,molecular_function,PQ850613,hypothetical protein,True,2641,85
10843,NP_049777.1,molecular_function,NC_000866.4,terminase large subunit,True,2641,85
1529,NP_416423.4,molecular_function,NC_000913.3,UvrABC excision nuclease subunit C,False,2641,85
10841,QXV76211.1,molecular_function,MZ501052,terminase large subunit,True,2641,85
10848,QXV85242.1,molecular_function,MZ501109,terminase large subunit,True,2641,85
966,NP_416423.4,molecular_function,NC_000913.3,UvrABC excision nuclease subunit C,False,2641,85
10834,QXV80355.1,molecular_function,MZ501076,terminase large subunit,True,2641,85
9381,NP_417006.2,molecular_function,NC_000913.3,50S ribosomal subunit stability factor,False,2641,85
10833,QXV79609.1,molecular_function,MZ501072,terminase large subunit,True,2641,85
3400,NP_416423.4,biological_process,NC_000913.3,UvrABC excision nuclease subunit C,False,2641,85
10832,QXV85072.1,molecular_function,MZ501108,terminase large subunit,True,2641,85
10842,QXV80013.1,molecular_function,MZ501074,terminase large subunit,True,2641,85
10831,QXV75278.1,molecular_function,MZ501046,terminase large subunit,True,2641,85
10836,QXV81983.1,molecular_function,MZ501089,terminase large subunit,True,2641,85
10837,QXV80183.1,molecular_function,MZ501075,terminase large subunit,True,2641,85
10838,YP_006983.1,molecular_function,NC_005859.1,terminase large subunit,True,2641,85
10830,QXV75007.1,molecular_function,MZ501047,terminase large subunit,True,2641,85
10839,QXV83033.1,molecular_function,MZ501096,terminase large subunit,True,2641,85
10829,AYD82764.1,molecular_function,MH751506.1,large terminase protein,True,2641,85
10840,QXV75856.1,molecular_function,MZ501050,terminase large subunit,True,2641,85
10835,QXV76846.1,molecular_function,MZ501056,terminase large subunit,True,2641,85
2620,NP_416423.4,biological_process,NC_000913.3,UvrABC excision nuclease subunit C,False,2641,85
10827,XPK43246.1,molecular_function,PQ850628,hypothetical protein,True,2641,85
10851,QXV78443.1,molecular_function,MZ501065,terminase large subunit,True,2641,85
10852,AXN58199.1,molecular_function,MH550421.1,large terminase protein,True,2641,85
10853,QXV78710.1,molecular_function,MZ501066,terminase large subunit,True,2641,85
10828,QXV83369.1,molecular_function,MZ501098,terminase large subunit,True,2641,85
10850,QXV85839.1,molecular_function,MZ501113,terminase large subunit,True,2641,85
7565,NP_417006.2,molecular_function,NC_000913.3,50S ribosomal subunit stability factor,False,2641,85
3623,NP_417006.2,molecular_function,NC_000913.3,50S ribosomal subunit stability factor,False,2641,85
1231,XPK42613.1,molecular_function,PQ850621,DNA methyltransferase,True,3047,42
1235,XPK43199.1,molecular_function,PQ850627,DNA methyltransferase,True,3047,42
1236,XPK42987.1,molecular_function,PQ850625,DNA methyltransferase,True,3047,42
8388,NP_414593.1,biological_process,NC_000913.3,"16S rRNA m(6)2A1518,m(6)2A1519 dimethyltransferase",False,3047,42
8387,NP_414593.1,biological_process,NC_000913.3,"16S rRNA m(6)2A1518,m(6)2A1519 dimethyltransferase",False,3047,42
1230,XPK40989.1,molecular_function,PQ850603,DNA methyltransferase,True,3047,42
1229,QXV76773.1,molecular_function,MZ501054,putative C5-cytosine-methyltransferase,True,3047,42
1228,XPK42111.1,molecular_function,PQ850615,DNA methyltransferase,True,3047,42
1225,XPK42478.1,molecular_function,PQ850619,DNA methyltransferase,True,3047,42
1222,XPK43409.1,molecular_function,PQ850629,DNA methyltransferase,True,3047,42
1221,XPK40656.1,molecular_function,PQ850598,DNA methyltransferase,True,3047,42
1223,XPK40566.1,molecular_function,PQ850597,DNA methyltransferase,True,3047,42
1226,XPK40479.1,molecular_function,PQ850596,hypothetical protein,True,3047,42
5709,NP_414593.1,biological_process,NC_000913.3,"16S rRNA m(6)2A1518,m(6)2A1519 dimethyltransferase",False,3047,42
1227,XPK43699.1,molecular_function,PQ850632,DNA methyltransferase,True,3047,42
2072,XPK40926.1,biological_process,PQ850602,amidase,True,3060,10
9564,NP_041973.1,biological_process,NC_001604,amidase,True,3060,10
9565,QXV80651.1,biological_process,MZ501078,endolysin,True,3060,10
9566,XPK40926.1,biological_process,PQ850602,amidase,True,3060,10
4382,QXV80875.1,biological_process,MZ501081,endolysin,True,3060,10
4381,XPK40415.1,biological_process,PQ850595,amidase,True,3060,10
9567,QXV76819.1,biological_process,MZ501055,endolysin,True,3060,10
9568,QXV78416.1,biological_process,MZ501064,endolysin,True,3060,10
4385,NP_041973.1,biological_process,NC_001604,amidase,True,3060,10
10125,XPK42549.1,biological_process,PQ850620,amidase,True,3060,10
10126,XPK40875.1,biological_process,PQ850601,amidase,True,3060,10
4383,XPK42549.1,biological_process,PQ850620,amidase,True,3060,10
10124,QXV80875.1,biological_process,MZ501081,endolysin,True,3060,10
2076,NP_414652.1,biological_process,NC_000913.3,"1,6-anhydro-N-acetylmuramoyl-L-alanine amidase",False,3060,10
4387,XPK40926.1,biological_process,PQ850602,amidase,True,3060,10
4388,QXV76819.1,biological_process,MZ501055,endolysin,True,3060,10
4389,QXV78416.1,biological_process,MZ501064,endolysin,True,3060,10
4386,QXV80651.1,biological_process,MZ501078,endolysin,True,3060,10
9563,XPK40875.1,biological_process,PQ850601,amidase,True,3060,10
10123,XPK40415.1,biological_process,PQ850595,amidase,True,3060,10
9561,QXV80875.1,biological_process,MZ501081,endolysin,True,3060,10
10133,NP_414652.1,biological_process,NC_000913.3,"1,6-anhydro-N-acetylmuramoyl-L-alanine amidase",False,3060,10
10130,QXV76819.1,biological_process,MZ501055,endolysin,True,3060,10
10129,XPK40926.1,biological_process,PQ850602,amidase,True,3060,10
10128,QXV80651.1,biological_process,MZ501078,endolysin,True,3060,10
10127,NP_041973.1,biological_process,NC_001604,amidase,True,3060,10
2071,QXV80651.1,biological_process,MZ501078,endolysin,True,3060,10
2070,NP_041973.1,biological_process,NC_001604,amidase,True,3060,10
2069,XPK40875.1,biological_process,PQ850601,amidase,True,3060,10
10131,QXV78416.1,biological_process,MZ501064,endolysin,True,3060,10
2068,XPK42549.1,biological_process,PQ850620,amidase,True,3060,10
9560,XPK40415.1,biological_process,PQ850595,amidase,True,3060,10
2074,QXV78416.1,biological_process,MZ501064,endolysin,True,3060,10
2073,QXV76819.1,biological_process,MZ501055,endolysin,True,3060,10
9562,XPK42549.1,biological_process,PQ850620,amidase,True,3060,10
2067,QXV80875.1,biological_process,MZ501081,endolysin,True,3060,10
4384,XPK40875.1,biological_process,PQ850601,amidase,True,3060,10
2066,XPK40415.1,biological_process,PQ850595,amidase,True,3060,10
4521,QXV79305.1,molecular_function,MZ501068,superfamily II DNA/RNA helicase,True,3525,26
4520,QXV77152.1,molecular_function,MZ501057,superfamily II DNA/RNA helicase,True,3525,26
4519,QXV81637.1,molecular_function,MZ501085,DNA helicase,True,3525,26
4518,QXV79390.1,molecular_function,MZ501069,DNA helicase,True,3525,26
4514,QXV85468.1,molecular_function,MZ501110,superfamily II DNA/RNA helicase,True,3525,26
4512,QXV77409.1,molecular_function,MZ501059,DNA helicase,True,3525,26
4511,NP_416689.1,molecular_function,NC_000913.3,putative DNA repair helicase RadD,False,3525,26
4510,QXV82392.1,molecular_function,MZ501091,superfamily II DNA/RNA helicase,True,3525,26
4503,QXV80569.1,molecular_function,MZ501077,DNA helicase,True,3525,26
5682,NP_416689.1,biological_process,NC_000913.3,putative DNA repair helicase RadD,False,3525,26
4496,QXV80714.1,molecular_function,MZ501079,DNA helicase,True,3525,26
4498,XPK43441.1,molecular_function,PQ850629,hypothetical protein,True,3525,26
4497,XPK40688.1,molecular_function,PQ850598,hypothetical protein,True,3525,26
4522,QXV79563.1,molecular_function,MZ501071,superfamily II DNA/RNA helicase,True,3525,26
4507,QXV82469.1,molecular_function,MZ501092,DNA helicase,True,3525,26
4502,QXV76514.1,molecular_function,MZ501053,DNA helicase,True,3525,26
4529,QXV84510.1,molecular_function,MZ501104,superfamily II DNA/RNA helicase,True,3525,26
4537,QXV85791.1,molecular_function,MZ501112,superfamily II DNA/RNA helicase,True,3525,26
1058,QXV76173.1,biological_process,MZ501051,DNA helicase,True,3525,26
4494,QXV84033.1,molecular_function,MZ501101,DNA helicase,True,3525,26
4534,QXV83681.1,molecular_function,MZ501099,DNA helicase,True,3525,26
4533,QXV82293.1,molecular_function,MZ501090,DNA helicase,True,3525,26
7051,AXN58226.1,cellular_component,MH550421.1,baseplate hub subunit,True,3597,40
7052,AYD82785.1,cellular_component,MH751506.1,baseplate hub subunit,True,3597,40
7053,QXV78735.1,cellular_component,MZ501066,baseplate hub protein,True,3597,40
7058,QXV75302.1,cellular_component,MZ501046,baseplate hub protein,True,3597,40
7049,QXV76870.1,cellular_component,MZ501056,baseplate hub protein,True,3597,40
7048,QXV76237.1,cellular_component,MZ501052,baseplate hub protein,True,3597,40
7054,QXV78467.1,cellular_component,MZ501065,baseplate hub protein,True,3597,40
7055,QXV83392.1,cellular_component,MZ501098,baseplate hub protein,True,3597,40
7056,QXV82007.1,cellular_component,MZ501089,baseplate hub protein,True,3597,40
7057,QXV75879.1,cellular_component,MZ501050,baseplate hub protein,True,3597,40
7047,NP_049803.1,cellular_component,NC_000866.4,baseplate hub,True,3597,40
7050,QXV85862.1,cellular_component,MZ501113,baseplate hub protein,True,3597,40
1371,NP_415598.3,biological_process,NC_000913.3,flagellar P-ring protein,False,3597,40
7059,QXV84762.1,cellular_component,MZ501106,baseplate hub protein,True,3597,40
7060,QXV83056.1,cellular_component,MZ501096,baseplate hub protein,True,3597,40
7061,QXV79014.1,cellular_component,MZ501067,baseplate hub protein,True,3597,40
7062,QXV75031.1,cellular_component,MZ501047,baseplate hub protein,True,3597,40
8605,QXV82049.1,biological_process,MZ501089,thymidylate synthase,True,3724,44
8610,AYD82823.1,biological_process,MH751506.1,thymidylate synthetase,True,3724,44
8611,AXN58267.1,biological_process,MH550421.1,thymidylate synthetase,True,3724,44
8612,QXV83098.1,biological_process,MZ501096,thymidylate synthase,True,3724,44
8613,QXV78509.1,biological_process,MZ501065,thymidylate synthase,True,3724,44
8614,QXV75071.1,biological_process,MZ501047,thymidylate synthase,True,3724,44
8616,QXV76910.1,biological_process,MZ501056,thymidylate synthase,True,3724,44
8608,QXV78778.1,biological_process,MZ501066,thymidylate synthase,True,3724,44
8621,NP_049848.1,biological_process,NC_000866.4,thymidylate synthase,True,3724,44
8620,QXV84804.1,biological_process,MZ501106,thymidylate synthase,True,3724,44
8619,QXV79056.1,biological_process,MZ501067,thymidylate synthase,True,3724,44
8618,QXV75921.1,biological_process,MZ501050,thymidylate synthase,True,3724,44
8617,QXV76278.1,biological_process,MZ501052,thymidylate synthase,True,3724,44
8615,NP_417304.1,biological_process,NC_000913.3,thymidylate synthase,False,3724,44
8609,QXV83434.1,biological_process,MZ501098,thymidylate synthase,True,3724,44
8607,QXV85905.1,biological_process,MZ501113,thymidylate synthase,True,3724,44
6954,QXV83520.1,molecular_function,MZ501098,dCMP hydroxymethylase,True,3724,44
10937,QXV78509.1,molecular_function,MZ501065,thymidylate synthase,True,3724,44
312,QXV79056.1,biological_process,MZ501067,thymidylate synthase,True,3724,44
311,QXV77272.1,biological_process,MZ501058,thymidylate synthase,True,3724,44
310,QXV75921.1,biological_process,MZ501050,thymidylate synthase,True,3724,44
309,QXV76278.1,biological_process,MZ501052,thymidylate synthase,True,3724,44
10936,QXV83098.1,molecular_function,MZ501096,thymidylate synthase,True,3724,44
10938,QXV75071.1,molecular_function,MZ501047,thymidylate synthase,True,3724,44
308,QXV76910.1,biological_process,MZ501056,thymidylate synthase,True,3724,44
306,QXV75071.1,biological_process,MZ501047,thymidylate synthase,True,3724,44
305,QXV78509.1,biological_process,MZ501065,thymidylate synthase,True,3724,44
304,QXV83098.1,biological_process,MZ501096,thymidylate synthase,True,3724,44
303,QXV84366.1,biological_process,MZ501103,thymidylate synthase,True,3724,44
302,QXV81721.1,biological_process,MZ501086,thymidylate synthase,True,3724,44
301,AXN58267.1,biological_process,MH550421.1,thymidylate synthetase,True,3724,44
307,NP_417304.1,biological_process,NC_000913.3,thymidylate synthase,False,3724,44
10939,NP_417304.1,molecular_function,NC_000913.3,thymidylate synthase,False,3724,44
10940,QXV76910.1,molecular_function,MZ501056,thymidylate synthase,True,3724,44
10941,QXV76278.1,molecular_function,MZ501052,thymidylate synthase,True,3724,44
314,YP_006920.1,biological_process,NC_005859.1,thymidylate synthase,True,3724,44
315,QXV80244.1,biological_process,MZ501075,thymidylate synthase,True,3724,44
316,QXV80077.1,biological_process,MZ501074,thymidylate synthase,True,3724,44
10953,QXV76986.1,molecular_function,MZ501056,dCMP hydroxymethylase,True,3724,44
10952,NP_049848.1,molecular_function,NC_000866.4,thymidylate synthase,True,3724,44
10951,QXV84619.1,molecular_function,MZ501105,thymidylate synthase,True,3724,44
10950,QXV85133.1,molecular_function,MZ501108,thymidylate synthase,True,3724,44
10949,QXV80077.1,molecular_function,MZ501074,thymidylate synthase,True,3724,44
10948,QXV80244.1,molecular_function,MZ501075,thymidylate synthase,True,3724,44
10947,YP_006920.1,molecular_function,NC_005859.1,thymidylate synthase,True,3724,44
10946,QXV84804.1,molecular_function,MZ501106,thymidylate synthase,True,3724,44
10945,QXV79056.1,molecular_function,MZ501067,thymidylate synthase,True,3724,44
10944,QXV77272.1,molecular_function,MZ501058,thymidylate synthase,True,3724,44
10943,QXV75921.1,molecular_function,MZ501050,thymidylate synthase,True,3724,44
10942,QXV75152.1,molecular_function,MZ501047,dCMP hydroxymethylase,True,3724,44
313,QXV84804.1,biological_process,MZ501106,thymidylate synthase,True,3724,44
299,QXV79669.1,biological_process,MZ501072,thymidylate synthase,True,3724,44
300,AYD82823.1,biological_process,MH751506.1,thymidylate synthetase,True,3724,44
297,QXV85305.1,biological_process,MZ501109,thymidylate synthase,True,3724,44
298,QXV83434.1,biological_process,MZ501098,thymidylate synthase,True,3724,44
6955,QXV78595.1,molecular_function,MZ501065,dCMP hydroxymethylase,True,3724,44
292,QXV82049.1,biological_process,MZ501089,thymidylate synthase,True,3724,44
6942,QXV76367.1,molecular_function,MZ501052,dCMP hydroxymethylase,True,3724,44
6943,QXV82136.1,molecular_function,MZ501089,dCMP hydroxymethylase,True,3724,44
6944,AXN58084.1,molecular_function,MH550421.1,dCMP hydroxymethylase,True,3724,44
6945,QXV76007.1,molecular_function,MZ501050,dCMP hydroxymethylase,True,3724,44
6946,NP_049659.1,molecular_function,NC_000866.4,thymidylate synthase,True,3724,44
6947,QXV75431.1,molecular_function,MZ501046,dCMP hydroxymethylase,True,3724,44
6948,QXV78867.1,molecular_function,MZ501066,dCMP hydroxymethylase,True,3724,44
6949,QXV79146.1,molecular_function,MZ501067,dCMP hydroxymethylase,True,3724,44
6950,QXV84894.1,molecular_function,MZ501106,dCMP hydroxymethylase,True,3724,44
6951,AYD82640.1,molecular_function,MH751506.1,dCMP hydroxymethylase,True,3724,44
6952,QXV83185.1,molecular_function,MZ501096,dCMP hydroxymethylase,True,3724,44
6953,QXV85992.1,molecular_function,MZ501113,dCMP hydroxymethylase,True,3724,44
318,QXV84619.1,biological_process,MZ501105,thymidylate synthase,True,3724,44
317,QXV85133.1,biological_process,MZ501108,thymidylate synthase,True,3724,44
319,NP_049848.1,biological_process,NC_000866.4,thymidylate synthase,True,3724,44
10925,QXV75344.1,molecular_function,MZ501046,thymidylate synthase,True,3724,44
296,QXV80417.1,biological_process,MZ501076,thymidylate synthase,True,3724,44
8606,QXV75344.1,biological_process,MZ501046,thymidylate synthase,True,3724,44
295,QXV78778.1,biological_process,MZ501066,thymidylate synthase,True,3724,44
10935,QXV84366.1,molecular_function,MZ501103,thymidylate synthase,True,3724,44
10934,QXV81721.1,molecular_function,MZ501086,thymidylate synthase,True,3724,44
10933,AXN58267.1,molecular_function,MH550421.1,thymidylate synthetase,True,3724,44
10932,AYD82823.1,molecular_function,MH751506.1,thymidylate synthetase,True,3724,44
10924,QXV82049.1,molecular_function,MZ501089,thymidylate synthase,True,3724,44
294,QXV85905.1,biological_process,MZ501113,thymidylate synthase,True,3724,44
10930,QXV83434.1,molecular_function,MZ501098,thymidylate synthase,True,3724,44
10929,QXV85305.1,molecular_function,MZ501109,thymidylate synthase,True,3724,44
293,QXV75344.1,biological_process,MZ501046,thymidylate synthase,True,3724,44
10928,QXV80417.1,molecular_function,MZ501076,thymidylate synthase,True,3724,44
10927,QXV78778.1,molecular_function,MZ501066,thymidylate synthase,True,3724,44
10926,QXV85905.1,molecular_function,MZ501113,thymidylate synthase,True,3724,44
10931,QXV79669.1,molecular_function,MZ501072,thymidylate synthase,True,3724,44
703,QXV83946.1,molecular_function,MZ501100,"putative dTDP-4-dehydrorhamnose 3,5-epimerase",True,3882,4
704,QXV81552.1,molecular_function,MZ501084,"putative dTDP-4-dehydrorhamnose 3,5-epimerase",True,3882,4
702,QXV78341.1,molecular_function,MZ501063,"putative dTDP-4-dehydrorhamnose 3,5-epimerase",True,3882,4
701,NP_416542.1,molecular_function,NC_000913.3,"dTDP-4-dehydrorhamnose 3,5-epimerase",False,3882,4
8431,QXV81567.1,molecular_function,MZ501084,thymidine kinase,True,3889,20
8435,QXV75214.1,molecular_function,MZ501047,thymidine kinase,True,3889,20
8433,QXV83961.1,molecular_function,MZ501100,thymidine kinase,True,3889,20
1061,QXV81567.1,molecular_function,MZ501084,thymidine kinase,True,3889,20
1062,QXV78356.1,molecular_function,MZ501063,thymidine kinase,True,3889,20
1063,QXV83961.1,molecular_function,MZ501100,thymidine kinase,True,3889,20
1064,QXV77048.1,molecular_function,MZ501056,thymidine kinase,True,3889,20
1065,QXV75214.1,molecular_function,MZ501047,thymidine kinase,True,3889,20
1066,AXN58148.1,molecular_function,MH550421.1,thymidine kinase,True,3889,20
1067,AYD82707.1,molecular_function,MH751506.1,thymidine kinase,True,3889,20
1077,NP_049719.1,molecular_function,NC_000866.4,thymidine kinase,True,3889,20
1068,QXV76431.1,molecular_function,MZ501052,thymidine kinase,True,3889,20
1070,QXV78937.1,molecular_function,MZ501066,thymidine kinase,True,3889,20
1071,QXV75498.1,molecular_function,MZ501046,thymidine kinase,True,3889,20
1072,QXV78659.1,molecular_function,MZ501065,thymidine kinase,True,3889,20
1073,QXV84952.1,molecular_function,MZ501106,thymidine kinase,True,3889,20
8432,QXV78356.1,molecular_function,MZ501063,thymidine kinase,True,3889,20
1075,QXV83588.1,molecular_function,MZ501098,thymidine kinase,True,3889,20
1076,NP_415754.1,molecular_function,NC_000913.3,thymidine/deoxyuridine kinase,False,3889,20
1069,QXV76077.1,molecular_function,MZ501050,thymidine kinase,True,3889,20
8450,QXV82199.1,molecular_function,MZ501089,thymidine kinase,True,3889,20
1074,QXV79215.1,molecular_function,MZ501067,thymidine kinase,True,3889,20
8448,QXV86062.1,molecular_function,MZ501113,thymidine kinase,True,3889,20
8434,QXV77048.1,molecular_function,MZ501056,thymidine kinase,True,3889,20
8436,AXN58148.1,molecular_function,MH550421.1,thymidine kinase,True,3889,20
8437,AYD82707.1,molecular_function,MH751506.1,thymidine kinase,True,3889,20
8438,QXV76431.1,molecular_function,MZ501052,thymidine kinase,True,3889,20
8439,QXV76077.1,molecular_function,MZ501050,thymidine kinase,True,3889,20
8449,QXV83251.1,molecular_function,MZ501096,thymidine kinase,True,3889,20
8441,QXV75498.1,molecular_function,MZ501046,thymidine kinase,True,3889,20
8442,QXV78659.1,molecular_function,MZ501065,thymidine kinase,True,3889,20
8440,QXV78937.1,molecular_function,MZ501066,thymidine kinase,True,3889,20
1080,QXV82199.1,molecular_function,MZ501089,thymidine kinase,True,3889,20
1079,QXV83251.1,molecular_function,MZ501096,thymidine kinase,True,3889,20
1078,QXV86062.1,molecular_function,MZ501113,thymidine kinase,True,3889,20
8444,QXV79215.1,molecular_function,MZ501067,thymidine kinase,True,3889,20
8445,QXV83588.1,molecular_function,MZ501098,thymidine kinase,True,3889,20
8446,NP_415754.1,molecular_function,NC_000913.3,thymidine/deoxyuridine kinase,False,3889,20
8447,NP_049719.1,molecular_function,NC_000866.4,thymidine kinase,True,3889,20
8443,QXV84952.1,molecular_function,MZ501106,thymidine kinase,True,3889,20
8234,QXV85265.1,molecular_function,MZ501109,flap endonuclease,True,3892,61
8233,QXV84581.1,molecular_function,MZ501105,flap endonuclease,True,3892,61
8232,QXV75933.1,molecular_function,MZ501050,RNAseH,True,3892,61
8231,QXV82062.1,molecular_function,MZ501089,RNAseH,True,3892,61
8230,QXV77230.1,molecular_function,MZ501058,flap endonuclease,True,3892,61
8222,QXV83110.1,molecular_function,MZ501096,RNAseH,True,3892,61
8228,QXV83444.1,molecular_function,MZ501098,RNAseH,True,3892,61
8227,QXV84818.1,molecular_function,MZ501106,RNAseH,True,3892,61
8226,QXV85916.1,molecular_function,MZ501113,RNAseH,True,3892,61
8225,QXV78521.1,molecular_function,MZ501065,RNAseH,True,3892,61
8224,AXN58280.1,molecular_function,MH550421.1,RnaseH,True,3892,61
8223,AYD82834.1,molecular_function,MH751506.1,RnaseH,True,3892,61
8236,QXV85094.1,molecular_function,MZ501108,flap endonuclease,True,3892,61
8229,QXV79631.1,molecular_function,MZ501072,flap endonuclease,True,3892,61
8237,NP_041988.1,molecular_function,NC_001604,exonuclease,True,3892,61
8245,QXV76919.1,molecular_function,MZ501056,RNAseH,True,3892,61
8239,XPK40884.1,molecular_function,PQ850601,exonuclease,True,3892,61
8221,QXV78791.1,molecular_function,MZ501066,RNAseH,True,3892,61
10760,QXV80378.1,molecular_function,MZ501076,flap endonuclease,True,3892,61
10759,QXV85094.1,molecular_function,MZ501108,flap endonuclease,True,3892,61
10758,QXV85265.1,molecular_function,MZ501109,flap endonuclease,True,3892,61
5012,QXV80207.1,molecular_function,MZ501075,flap endonuclease,True,3892,61
5013,QXV76291.1,molecular_function,MZ501052,RNAseH,True,3892,61
8238,QXV80885.1,molecular_function,MZ501081,exonuclease,True,3892,61
5014,QXV84330.1,molecular_function,MZ501103,flap endonuclease,True,3892,61
8246,NP_049859.1,molecular_function,NC_000866.4,RnaseH,True,3892,61
8244,QXV80660.1,molecular_function,MZ501078,exonuclease,True,3892,61
8243,QXV80378.1,molecular_function,MZ501076,flap endonuclease,True,3892,61
8242,QXV75081.1,molecular_function,MZ501047,RNAseH,True,3892,61
8241,NP_417278.4,molecular_function,NC_000913.3,flap endonuclease,False,3892,61
8240,XPK42560.1,molecular_function,PQ850620,exonuclease,True,3892,61
5015,QXV80037.1,molecular_function,MZ501074,flap endonuclease,True,3892,61
8220,QXV79068.1,molecular_function,MZ501067,RNAseH,True,3892,61
8203,YP_006958.1,molecular_function,NC_005859.1,flap endonuclease,True,3892,61
8218,YP_006958.1,molecular_function,NC_005859.1,flap endonuclease,True,3892,61
10519,QXV76291.1,biological_process,MZ501052,RNAseH,True,3892,61
10520,QXV84330.1,biological_process,MZ501103,flap endonuclease,True,3892,61
10521,QXV80037.1,biological_process,MZ501074,flap endonuclease,True,3892,61
10522,YP_006958.1,biological_process,NC_005859.1,flap endonuclease,True,3892,61
10523,QXV75356.1,biological_process,MZ501046,RNAseH,True,3892,61
10524,QXV79068.1,biological_process,MZ501067,RNAseH,True,3892,61
10525,QXV78791.1,biological_process,MZ501066,RNAseH,True,3892,61
10526,QXV83110.1,biological_process,MZ501096,RNAseH,True,3892,61
10527,AYD82834.1,biological_process,MH751506.1,RnaseH,True,3892,61
10528,AXN58280.1,biological_process,MH550421.1,RnaseH,True,3892,61
10529,QXV78521.1,biological_process,MZ501065,RNAseH,True,3892,61
10530,QXV85916.1,biological_process,MZ501113,RNAseH,True,3892,61
10531,QXV84818.1,biological_process,MZ501106,RNAseH,True,3892,61
10532,QXV83444.1,biological_process,MZ501098,RNAseH,True,3892,61
10533,QXV79631.1,biological_process,MZ501072,flap endonuclease,True,3892,61
10534,QXV77230.1,biological_process,MZ501058,flap endonuclease,True,3892,61
8219,QXV75356.1,molecular_function,MZ501046,RNAseH,True,3892,61
10536,QXV75933.1,biological_process,MZ501050,RNAseH,True,3892,61
10537,QXV84581.1,biological_process,MZ501105,flap endonuclease,True,3892,61
10538,QXV85265.1,biological_process,MZ501109,flap endonuclease,True,3892,61
10539,QXV85094.1,biological_process,MZ501108,flap endonuclease,True,3892,61
10518,QXV80207.1,biological_process,MZ501075,flap endonuclease,True,3892,61
2047,NP_049859.1,molecular_function,NC_000866.4,RnaseH,True,3892,61
2046,QXV80378.1,molecular_function,MZ501076,flap endonuclease,True,3892,61
2045,NP_417278.4,molecular_function,NC_000913.3,flap endonuclease,False,3892,61
8752,NP_417278.4,molecular_function,NC_000913.3,flap endonuclease,False,3892,61
2023,QXV80207.1,molecular_function,MZ501075,flap endonuclease,True,3892,61
2024,QXV76291.1,molecular_function,MZ501052,RNAseH,True,3892,61
2025,QXV84330.1,molecular_function,MZ501103,flap endonuclease,True,3892,61
2026,QXV80037.1,molecular_function,MZ501074,flap endonuclease,True,3892,61
2027,YP_006958.1,molecular_function,NC_005859.1,flap endonuclease,True,3892,61
2028,QXV75356.1,molecular_function,MZ501046,RNAseH,True,3892,61
2029,QXV79068.1,molecular_function,MZ501067,RNAseH,True,3892,61
2030,QXV78791.1,molecular_function,MZ501066,RNAseH,True,3892,61
2031,QXV83110.1,molecular_function,MZ501096,RNAseH,True,3892,61
10540,NP_417278.4,biological_process,NC_000913.3,flap endonuclease,False,3892,61
2032,AYD82834.1,molecular_function,MH751506.1,RnaseH,True,3892,61
2034,QXV78521.1,molecular_function,MZ501065,RNAseH,True,3892,61
2035,QXV85916.1,molecular_function,MZ501113,RNAseH,True,3892,61
2036,QXV84818.1,molecular_function,MZ501106,RNAseH,True,3892,61
2037,QXV79631.1,molecular_function,MZ501072,flap endonuclease,True,3892,61
2038,QXV77230.1,molecular_function,MZ501058,flap endonuclease,True,3892,61
2039,QXV82062.1,molecular_function,MZ501089,RNAseH,True,3892,61
2040,QXV75933.1,molecular_function,MZ501050,RNAseH,True,3892,61
2041,QXV84581.1,molecular_function,MZ501105,flap endonuclease,True,3892,61
2042,QXV85265.1,molecular_function,MZ501109,flap endonuclease,True,3892,61
2044,QXV85094.1,molecular_function,MZ501108,flap endonuclease,True,3892,61
2033,AXN58280.1,molecular_function,MH550421.1,RnaseH,True,3892,61
10541,QXV75081.1,biological_process,MZ501047,RNAseH,True,3892,61
10535,QXV82062.1,biological_process,MZ501089,RNAseH,True,3892,61
10543,QXV76919.1,biological_process,MZ501056,RNAseH,True,3892,61
8215,XPK40425.1,molecular_function,PQ850595,exonuclease,True,3892,61
8214,QXV84330.1,molecular_function,MZ501103,flap endonuclease,True,3892,61
8213,QXV76291.1,molecular_function,MZ501052,RNAseH,True,3892,61
8212,QXV80207.1,molecular_function,MZ501075,flap endonuclease,True,3892,61
8211,QXV80378.1,molecular_function,MZ501076,flap endonuclease,True,3892,61
8210,NP_417278.4,molecular_function,NC_000913.3,flap endonuclease,False,3892,61
10542,QXV80378.1,biological_process,MZ501076,flap endonuclease,True,3892,61
8209,QXV85094.1,molecular_function,MZ501108,flap endonuclease,True,3892,61
8207,QXV85265.1,molecular_function,MZ501109,flap endonuclease,True,3892,61
5024,QXV85916.1,molecular_function,MZ501113,RNAseH,True,3892,61
5025,QXV84818.1,molecular_function,MZ501106,RNAseH,True,3892,61
5023,QXV78521.1,molecular_function,MZ501065,RNAseH,True,3892,61
5021,AYD82834.1,molecular_function,MH751506.1,RnaseH,True,3892,61
5020,QXV83110.1,molecular_function,MZ501096,RNAseH,True,3892,61
5019,QXV78791.1,molecular_function,MZ501066,RNAseH,True,3892,61
5018,QXV79068.1,molecular_function,MZ501067,RNAseH,True,3892,61
5017,QXV75356.1,molecular_function,MZ501046,RNAseH,True,3892,61
5016,YP_006958.1,molecular_function,NC_005859.1,flap endonuclease,True,3892,61
8200,QXV80207.1,molecular_function,MZ501075,flap endonuclease,True,3892,61
8201,QXV84330.1,molecular_function,MZ501103,flap endonuclease,True,3892,61
8202,QXV80037.1,molecular_function,MZ501074,flap endonuclease,True,3892,61
8204,QXV79631.1,molecular_function,MZ501072,flap endonuclease,True,3892,61
5022,AXN58280.1,molecular_function,MH550421.1,RnaseH,True,3892,61
8205,QXV77230.1,molecular_function,MZ501058,flap endonuclease,True,3892,61
5026,QXV79631.1,molecular_function,MZ501072,flap endonuclease,True,3892,61
5028,QXV82062.1,molecular_function,MZ501089,RNAseH,True,3892,61
10544,NP_049859.1,biological_process,NC_000866.4,RnaseH,True,3892,61
10751,QXV80207.1,molecular_function,MZ501075,flap endonuclease,True,3892,61
10752,QXV84330.1,molecular_function,MZ501103,flap endonuclease,True,3892,61
8217,QXV80037.1,molecular_function,MZ501074,flap endonuclease,True,3892,61
10753,QXV80037.1,molecular_function,MZ501074,flap endonuclease,True,3892,61
10754,YP_006958.1,molecular_function,NC_005859.1,flap endonuclease,True,3892,61
5027,QXV77230.1,molecular_function,MZ501058,flap endonuclease,True,3892,61
10756,QXV77230.1,molecular_function,MZ501058,flap endonuclease,True,3892,61
10757,QXV84581.1,molecular_function,MZ501105,flap endonuclease,True,3892,61
10755,QXV79631.1,molecular_function,MZ501072,flap endonuclease,True,3892,61
5035,QXV80378.1,molecular_function,MZ501076,flap endonuclease,True,3892,61
5034,NP_417278.4,molecular_function,NC_000913.3,flap endonuclease,False,3892,61
5033,QXV85094.1,molecular_function,MZ501108,flap endonuclease,True,3892,61
5031,QXV85265.1,molecular_function,MZ501109,flap endonuclease,True,3892,61
5030,QXV84581.1,molecular_function,MZ501105,flap endonuclease,True,3892,61
5029,QXV75933.1,molecular_function,MZ501050,RNAseH,True,3892,61
8216,XPK40936.1,molecular_function,PQ850602,exonuclease,True,3892,61
5036,NP_049859.1,molecular_function,NC_000866.4,RnaseH,True,3892,61
8206,QXV84581.1,molecular_function,MZ501105,flap endonuclease,True,3892,61
3511,QXV75762.1,molecular_function,MZ501048,putative phosphoresterase,True,3897,31
3514,XPK42693.1,molecular_function,PQ850622,phosphoesterase,True,3897,31
3525,QXV80311.1,molecular_function,MZ501075,serine/threonine phosphatase,True,3897,31
3477,XPK43070.1,molecular_function,PQ850626,phosphoesterase,True,3897,31
3478,QXV84418.1,molecular_function,MZ501103,serine/threonine phosphatase,True,3897,31
3479,YP_006862.1,molecular_function,NC_005859.1,phosphoesterase,True,3897,31
3531,NP_415057.1,molecular_function,NC_000913.3,"UDP-2,3-diacylglucosamine diphosphatase",False,3897,31
3530,QXV77332.1,molecular_function,MZ501058,serine/threonine phosphatase,True,3897,31
3496,XPK43276.1,molecular_function,PQ850628,phosphoesterase,True,3897,31
3484,XPK40293.1,molecular_function,PQ850594,phosphoesterase,True,3897,31
3485,QXV82957.1,molecular_function,MZ501094,putative phosphoresterase,True,3897,31
5261,NP_415057.1,biological_process,NC_000913.3,"UDP-2,3-diacylglucosamine diphosphatase",False,3897,31
2310,QXV84355.1,molecular_function,MZ501103,Sir2-like protein,True,3976,11
5211,NP_417665.1,molecular_function,NC_000913.3,3-deoxy-D-manno-octulosonate 8-phosphate phosphatase KdsC,False,3976,11
1198,QXV85779.1,biological_process,MZ501112,GTP cyclohydrolase 1,True,4025,8
1200,QXV85457.1,biological_process,MZ501110,GTP cyclohydrolase 1,True,4025,8
1201,QXV84500.1,biological_process,MZ501104,GTP cyclohydrolase 1,True,4025,8
1202,QXV79553.1,biological_process,MZ501071,GTP cyclohydrolase 1,True,4025,8
1203,QXV77140.1,biological_process,MZ501057,GTP cyclohydrolase 1,True,4025,8
1204,QXV79292.1,biological_process,MZ501068,GTP cyclohydrolase 1,True,4025,8
1197,NP_416658.1,biological_process,NC_000913.3,GTP cyclohydrolase 1,False,4025,8
1199,QXV82382.1,biological_process,MZ501091,GTP cyclohydrolase 1,True,4025,8
7931,QXV85779.1,biological_process,MZ501112,GTP cyclohydrolase 1,True,4025,8
7936,QXV77140.1,biological_process,MZ501057,GTP cyclohydrolase 1,True,4025,8
7930,NP_416658.1,biological_process,NC_000913.3,GTP cyclohydrolase 1,False,4025,8
7932,QXV82382.1,biological_process,MZ501091,GTP cyclohydrolase 1,True,4025,8
7933,QXV85457.1,biological_process,MZ501110,GTP cyclohydrolase 1,True,4025,8
7934,QXV84500.1,biological_process,MZ501104,GTP cyclohydrolase 1,True,4025,8
7937,QXV79292.1,biological_process,MZ501068,GTP cyclohydrolase 1,True,4025,8
7935,QXV79553.1,biological_process,MZ501071,GTP cyclohydrolase 1,True,4025,8
5997,NP_416569.1,biological_process,NC_000913.3,dCTP deaminase,False,4210,25
5999,XPK43308.1,biological_process,PQ850628,dCTP deaminase,True,4210,25
6000,XPK40218.1,biological_process,PQ850593,dCTP deaminase,True,4210,25
5998,XPK40328.1,biological_process,PQ850594,dCTP deaminase,True,4210,25
6001,XPK41602.1,biological_process,PQ850610,dCTP deaminase,True,4210,25
6002,XPK43103.1,biological_process,PQ850626,dCTP deaminase,True,4210,25
6003,XPK41890.1,biological_process,PQ850613,dCTP deaminase,True,4210,25
6004,YP_950504.1,biological_process,NC_008720.1,dCTP deaminase,True,4210,25
6005,XPK42012.1,biological_process,PQ850614,dCTP deaminase,True,4210,25
6006,XPK42843.1,biological_process,PQ850623,dCTP deaminase,True,4210,25
6007,XPK42724.1,biological_process,PQ850622,dCTP deaminase,True,4210,25
5996,XPK42280.1,biological_process,PQ850617,dCTP deaminase,True,4210,25
5995,QXV75822.1,biological_process,MZ501049,dCTP deaminase,True,4210,25
4853,QXV80206.1,biological_process,MZ501075,dUTP pyrophosphatase,True,4210,25
4865,QXV84580.1,biological_process,MZ501105,dUTP pyrophosphatase,True,4210,25
4857,QXV85264.1,biological_process,MZ501109,dUTP pyrophosphatase,True,4210,25
4858,YP_006959.1,biological_process,NC_005859.1,dUTPase,True,4210,25
4859,QXV79630.1,biological_process,MZ501072,dUTP pyrophosphatase,True,4210,25
4861,QXV85093.1,biological_process,MZ501108,dUTP pyrophosphatase,True,4210,25
4862,QXV80377.1,biological_process,MZ501076,dUTP pyrophosphatase,True,4210,25
4863,NP_418097.2,biological_process,NC_000913.3,dUTP diphosphatase,False,4210,25
4856,XPK41735.1,biological_process,PQ850612,dUTPase,True,4210,25
4866,QXV80036.1,biological_process,MZ501074,dUTP pyrophosphatase,True,4210,25
4867,QXV77229.1,biological_process,MZ501058,dUTP pyrophosphatase,True,4210,25
4870,QXV84329.1,biological_process,MZ501103,dUTP pyrophosphatase,True,4210,25
10089,NP_049662.1,molecular_function,NC_000866.4,DNA polymerase,True,4211,29
789,QXV84589.1,biological_process,MZ501105,DNA polymerase,True,4211,29
10082,QXV85274.1,molecular_function,MZ501109,DNA polymerase,True,4211,29
10077,AYD82644.1,molecular_function,MH751506.1,DNA polymerase,True,4211,29
10092,YP_950517.1,molecular_function,NC_008720.1,DNA polymerase,True,4211,29
10066,AXN58087.1,molecular_function,MH550421.1,DNA polymerase,True,4211,29
10072,QXV84899.1,molecular_function,MZ501106,DNA polymerase,True,4211,29
1955,QXV85274.1,biological_process,MZ501109,DNA polymerase,True,4211,29
10068,QXV76372.1,molecular_function,MZ501052,DNA polymerase,True,4211,29
10051,QXV75807.1,molecular_function,MZ501049,DNA polymerase,True,4211,29
10093,QXV85103.1,molecular_function,MZ501108,DNA polymerase,True,4211,29
8146,QXV80215.1,biological_process,MZ501075,DNA polymerase,True,4211,29
10100,QXV79640.1,molecular_function,MZ501072,DNA polymerase,True,4211,29
1965,YP_950517.1,biological_process,NC_008720.1,DNA polymerase,True,4211,29
1966,QXV85103.1,biological_process,MZ501108,DNA polymerase,True,4211,29
1967,QXV80215.1,biological_process,MZ501075,DNA polymerase,True,4211,29
1969,QXV79640.1,biological_process,MZ501072,DNA polymerase,True,4211,29
798,QXV77238.1,biological_process,MZ501058,DNA polymerase,True,4211,29
2137,QXV84589.1,biological_process,MZ501105,DNA polymerase,True,4211,29
2138,QXV77238.1,biological_process,MZ501058,DNA polymerase,True,4211,29
2139,QXV80047.1,biological_process,MZ501074,DNA polymerase,True,4211,29
2141,QXV80387.1,biological_process,MZ501076,DNA polymerase,True,4211,29
10094,QXV80215.1,molecular_function,MZ501075,DNA polymerase,True,4211,29
10049,QXV85997.1,molecular_function,MZ501113,DNA polymerase,True,4211,29
10038,QXV78600.1,molecular_function,MZ501065,DNA polymerase,True,4211,29
801,QXV80387.1,biological_process,MZ501076,DNA polymerase,True,4211,29
9970,QXV76012.1,molecular_function,MZ501050,DNA polymerase,True,4211,29
9969,QXV79151.1,molecular_function,MZ501067,DNA polymerase,True,4211,29
9968,QXV75436.1,molecular_function,MZ501046,DNA polymerase,True,4211,29
9967,QXV78872.1,molecular_function,MZ501066,DNA polymerase,True,4211,29
8147,QXV79640.1,biological_process,MZ501072,DNA polymerase,True,4211,29
9963,QXV77238.1,molecular_function,MZ501058,DNA polymerase,True,4211,29
9956,QXV84589.1,molecular_function,MZ501105,DNA polymerase,True,4211,29
9721,NP_049662.1,biological_process,NC_000866.4,DNA polymerase,True,4211,29
9720,AYD82644.1,biological_process,MH751506.1,DNA polymerase,True,4211,29
9719,QXV84899.1,biological_process,MZ501106,DNA polymerase,True,4211,29
9718,QXV76372.1,biological_process,MZ501052,DNA polymerase,True,4211,29
9717,AXN58087.1,biological_process,MH550421.1,DNA polymerase,True,4211,29
9716,QXV85997.1,biological_process,MZ501113,DNA polymerase,True,4211,29
9715,QXV78600.1,biological_process,MZ501065,DNA polymerase,True,4211,29
9714,QXV83525.1,biological_process,MZ501098,DNA polymerase,True,4211,29
9713,QXV82141.1,biological_process,MZ501089,DNA polymerase,True,4211,29
9712,QXV75159.1,biological_process,MZ501047,DNA polymerase,True,4211,29
9711,QXV76993.1,biological_process,MZ501056,DNA polymerase,True,4211,29
9710,QXV83190.1,biological_process,MZ501096,DNA polymerase,True,4211,29
9709,QXV76012.1,biological_process,MZ501050,DNA polymerase,True,4211,29
9708,QXV79151.1,biological_process,MZ501067,DNA polymerase,True,4211,29
9971,QXV83190.1,molecular_function,MZ501096,DNA polymerase,True,4211,29
9972,QXV80047.1,molecular_function,MZ501074,DNA polymerase,True,4211,29
9977,QXV80387.1,molecular_function,MZ501076,DNA polymerase,True,4211,29
9982,NP_414602.1,molecular_function,NC_000913.3,DNA polymerase II,False,4211,29
10044,YP_006950.1,molecular_function,NC_005859.1,DNA polymerase,True,4211,29
2148,YP_006950.1,biological_process,NC_005859.1,DNA polymerase,True,4211,29
10037,QXV83525.1,molecular_function,MZ501098,DNA polymerase,True,4211,29
808,XPK42824.1,biological_process,PQ850623,DNA polymerase,True,4211,29
818,YP_006950.1,biological_process,NC_005859.1,DNA polymerase,True,4211,29
820,QXV75807.1,biological_process,MZ501049,DNA polymerase,True,4211,29
833,QXV85274.1,biological_process,MZ501109,DNA polymerase,True,4211,29
846,YP_950517.1,biological_process,NC_008720.1,DNA polymerase,True,4211,29
847,QXV85103.1,biological_process,MZ501108,DNA polymerase,True,4211,29
848,QXV80215.1,biological_process,MZ501075,DNA polymerase,True,4211,29
799,QXV80047.1,biological_process,MZ501074,DNA polymerase,True,4211,29
1945,QXV75807.1,biological_process,MZ501049,DNA polymerase,True,4211,29
1935,XPK42824.1,biological_process,PQ850623,DNA polymerase,True,4211,29
10016,QXV82141.1,molecular_function,MZ501089,DNA polymerase,True,4211,29
1931,QXV80387.1,biological_process,MZ501076,DNA polymerase,True,4211,29
10012,QXV75159.1,molecular_function,MZ501047,DNA polymerase,True,4211,29
1929,QXV80047.1,biological_process,MZ501074,DNA polymerase,True,4211,29
1928,QXV77238.1,biological_process,MZ501058,DNA polymerase,True,4211,29
851,QXV79640.1,biological_process,MZ501072,DNA polymerase,True,4211,29
1921,QXV84589.1,biological_process,MZ501105,DNA polymerase,True,4211,29
9998,XPK42824.1,molecular_function,PQ850623,DNA polymerase,True,4211,29
9995,QXV76993.1,molecular_function,MZ501056,DNA polymerase,True,4211,29
1943,YP_006950.1,biological_process,NC_005859.1,DNA polymerase,True,4211,29
9707,QXV75436.1,biological_process,MZ501046,DNA polymerase,True,4211,29
9706,QXV78872.1,biological_process,MZ501066,DNA polymerase,True,4211,29
4168,NP_414602.1,molecular_function,NC_000913.3,DNA polymerase II,False,4211,29
7756,QXV79151.1,molecular_function,MZ501067,DNA polymerase,True,4211,29
7755,QXV75436.1,molecular_function,MZ501046,DNA polymerase,True,4211,29
7754,QXV78872.1,molecular_function,MZ501066,DNA polymerase,True,4211,29
4093,QXV76993.1,molecular_function,MZ501056,DNA polymerase,True,4211,29
4094,QXV75159.1,molecular_function,MZ501047,DNA polymerase,True,4211,29
4095,QXV82141.1,molecular_function,MZ501089,DNA polymerase,True,4211,29
4179,NP_049662.1,molecular_function,NC_000866.4,DNA polymerase,True,4211,29
4178,AYD82644.1,molecular_function,MH751506.1,DNA polymerase,True,4211,29
4177,QXV84899.1,molecular_function,MZ501106,DNA polymerase,True,4211,29
4176,QXV76372.1,molecular_function,MZ501052,DNA polymerase,True,4211,29
4175,AXN58087.1,molecular_function,MH550421.1,DNA polymerase,True,4211,29
4174,QXV85997.1,molecular_function,MZ501113,DNA polymerase,True,4211,29
4173,QXV78600.1,molecular_function,MZ501065,DNA polymerase,True,4211,29
4172,QXV83525.1,molecular_function,MZ501098,DNA polymerase,True,4211,29
4171,QXV82141.1,molecular_function,MZ501089,DNA polymerase,True,4211,29
4170,QXV75159.1,molecular_function,MZ501047,DNA polymerase,True,4211,29
4169,QXV76993.1,molecular_function,MZ501056,DNA polymerase,True,4211,29
2154,QXV85274.1,biological_process,MZ501109,DNA polymerase,True,4211,29
4167,QXV83190.1,molecular_function,MZ501096,DNA polymerase,True,4211,29
4166,QXV76012.1,molecular_function,MZ501050,DNA polymerase,True,4211,29
4165,QXV79151.1,molecular_function,MZ501067,DNA polymerase,True,4211,29
4164,QXV75436.1,molecular_function,MZ501046,DNA polymerase,True,4211,29
4163,QXV78872.1,molecular_function,MZ501066,DNA polymerase,True,4211,29
4103,NP_049662.1,molecular_function,NC_000866.4,DNA polymerase,True,4211,29
4102,AYD82644.1,molecular_function,MH751506.1,DNA polymerase,True,4211,29
4101,QXV84899.1,molecular_function,MZ501106,DNA polymerase,True,4211,29
4100,QXV76372.1,molecular_function,MZ501052,DNA polymerase,True,4211,29
4099,AXN58087.1,molecular_function,MH550421.1,DNA polymerase,True,4211,29
4098,QXV85997.1,molecular_function,MZ501113,DNA polymerase,True,4211,29
7757,QXV76012.1,molecular_function,MZ501050,DNA polymerase,True,4211,29
4097,QXV78600.1,molecular_function,MZ501065,DNA polymerase,True,4211,29
7758,QXV83190.1,molecular_function,MZ501096,DNA polymerase,True,4211,29
4092,NP_414602.1,molecular_function,NC_000913.3,DNA polymerase II,False,4211,29
8145,QXV85103.1,biological_process,MZ501108,DNA polymerase,True,4211,29
8142,QXV85274.1,biological_process,MZ501109,DNA polymerase,True,4211,29
8137,YP_006950.1,biological_process,NC_005859.1,DNA polymerase,True,4211,29
8134,QXV80387.1,biological_process,MZ501076,DNA polymerase,True,4211,29
2155,QXV85103.1,biological_process,MZ501108,DNA polymerase,True,4211,29
8132,QXV80047.1,biological_process,MZ501074,DNA polymerase,True,4211,29
8131,QXV77238.1,biological_process,MZ501058,DNA polymerase,True,4211,29
8129,QXV84589.1,biological_process,MZ501105,DNA polymerase,True,4211,29
4087,QXV78872.1,molecular_function,MZ501066,DNA polymerase,True,4211,29
2156,QXV80215.1,biological_process,MZ501075,DNA polymerase,True,4211,29
4088,QXV75436.1,molecular_function,MZ501046,DNA polymerase,True,4211,29
4089,QXV79151.1,molecular_function,MZ501067,DNA polymerase,True,4211,29
4090,QXV76012.1,molecular_function,MZ501050,DNA polymerase,True,4211,29
7770,NP_049662.1,molecular_function,NC_000866.4,DNA polymerase,True,4211,29
7769,AYD82644.1,molecular_function,MH751506.1,DNA polymerase,True,4211,29
2157,QXV79640.1,biological_process,MZ501072,DNA polymerase,True,4211,29
7768,QXV84899.1,molecular_function,MZ501106,DNA polymerase,True,4211,29
4091,QXV83190.1,molecular_function,MZ501096,DNA polymerase,True,4211,29
7759,NP_414602.1,molecular_function,NC_000913.3,DNA polymerase II,False,4211,29
7761,QXV75159.1,molecular_function,MZ501047,DNA polymerase,True,4211,29
7762,QXV82141.1,molecular_function,MZ501089,DNA polymerase,True,4211,29
7760,QXV76993.1,molecular_function,MZ501056,DNA polymerase,True,4211,29
7764,QXV78600.1,molecular_function,MZ501065,DNA polymerase,True,4211,29
7765,QXV85997.1,molecular_function,MZ501113,DNA polymerase,True,4211,29
7766,AXN58087.1,molecular_function,MH550421.1,DNA polymerase,True,4211,29
7767,QXV76372.1,molecular_function,MZ501052,DNA polymerase,True,4211,29
7763,QXV83525.1,molecular_function,MZ501098,DNA polymerase,True,4211,29
4096,QXV83525.1,molecular_function,MZ501098,DNA polymerase,True,4211,29
1143,QXV85307.1,biological_process,MZ501109,hypothetical protein,True,4218,4
1142,QXV80419.1,biological_process,MZ501076,hypothetical protein,True,4218,4
1141,QXV84621.1,biological_process,MZ501105,hypothetical protein,True,4218,4
1140,NP_418367.1,biological_process,NC_000913.3,peptidase component of the HslVU protease,False,4218,4
8661,NP_418367.1,biological_process,NC_000913.3,peptidase component of the HslVU protease,False,4218,4
5449,XPK40748.1,molecular_function,PQ850599,putative prophage repressor protein,True,4622,8
4203,NP_418467.1,biological_process,NC_000913.3,DNA-binding transcriptional repressor LexA,False,4622,8
5471,XPK41255.1,molecular_function,PQ850606,CI-like repressor,True,4622,8
5479,NP_415951.1,molecular_function,NC_000913.3,DNA-binding transcriptional dual regulator SutR,False,4622,8
5484,NP_415815.1,molecular_function,NC_000913.3,DNA-binding transcriptional repressor PuuR,False,4622,8
5485,YP_007112583.1,molecular_function,NC_019723,helix-turn-helix domain-containing protein,True,4622,8
4201,NP_418467.1,biological_process,NC_000913.3,DNA-binding transcriptional repressor LexA,False,4622,8
5436,NP_040628.1,molecular_function,NC_001416,LexA family transcriptional regulator,True,4622,8
4204,NP_418467.1,biological_process,NC_000913.3,DNA-binding transcriptional repressor LexA,False,4622,8
3103,NP_414726.1,molecular_function,NC_000913.3,DNA polymerase III subunit alpha,False,4854,5
3412,XPK43596.1,biological_process,PQ850631,DNA polymerase,True,4854,5
3411,NP_414726.1,biological_process,NC_000913.3,DNA polymerase III subunit alpha,False,4854,5
3410,XPK41410.1,biological_process,PQ850608,DNA polymerase,True,4854,5
2950,NP_414726.1,molecular_function,NC_000913.3,DNA polymerase III subunit alpha,False,4854,5
3408,XPK41149.1,biological_process,PQ850605,DNA polymerase,True,4854,5
5836,XPK42372.1,biological_process,PQ850618,DNA polymerase,True,4854,5
5837,XPK41410.1,biological_process,PQ850608,DNA polymerase,True,4854,5
3409,XPK42372.1,biological_process,PQ850618,DNA polymerase,True,4854,5
5839,XPK43596.1,biological_process,PQ850631,DNA polymerase,True,4854,5
5835,XPK41149.1,biological_process,PQ850605,DNA polymerase,True,4854,5
5838,NP_414726.1,biological_process,NC_000913.3,DNA polymerase III subunit alpha,False,4854,5
331,YP_006485.1,molecular_function,NC_005856.1,single strand DNA binding protein,True,4960,23
332,XPK43532.1,molecular_function,PQ850630,single strand DNA binding protein,True,4960,23
333,XPK40682.1,molecular_function,PQ850598,single strand DNA binding protein,True,4960,23
334,XPK41770.1,molecular_function,PQ850612,single strand DNA binding protein,True,4960,23
5689,YP_006485.1,biological_process,NC_005856.1,single strand DNA binding protein,True,4960,23
5690,XPK43532.1,biological_process,PQ850630,single strand DNA binding protein,True,4960,23
5691,XPK40682.1,biological_process,PQ850598,single strand DNA binding protein,True,4960,23
5692,XPK41770.1,biological_process,PQ850612,single strand DNA binding protein,True,4960,23
339,XPK41248.1,molecular_function,PQ850606,single strand DNA binding protein,True,4960,23
5695,XPK43012.1,biological_process,PQ850625,single strand DNA binding protein,True,4960,23
5696,NP_418483.1,biological_process,NC_000913.3,ssDNA-binding protein,False,4960,23
5697,XPK41248.1,biological_process,PQ850606,single strand DNA binding protein,True,4960,23
5698,XPK40735.1,biological_process,PQ850599,single strand DNA binding protein,True,4960,23
335,XPK40591.1,molecular_function,PQ850597,single strand DNA binding protein,True,4960,23
336,XPK43435.1,molecular_function,PQ850629,single strand DNA binding protein,True,4960,23
337,XPK43012.1,molecular_function,PQ850625,single strand DNA binding protein,True,4960,23
338,NP_418483.1,molecular_function,NC_000913.3,ssDNA-binding protein,False,4960,23
341,XPK40735.1,molecular_function,PQ850599,single strand DNA binding protein,True,4960,23
5694,XPK43435.1,biological_process,PQ850629,single strand DNA binding protein,True,4960,23
5693,XPK40591.1,biological_process,PQ850597,single strand DNA binding protein,True,4960,23
2150,XPK40220.1,biological_process,PQ850593,DNA polymerase exonuclease subunit,True,4972,14
2147,XPK43310.1,biological_process,PQ850628,DNA polymerase exonuclease subunit,True,4972,14
10067,XPK40220.1,molecular_function,PQ850593,DNA polymerase exonuclease subunit,True,4972,14
2153,XPK42282.1,biological_process,PQ850617,DNA polymerase exonuclease subunit,True,4972,14
10071,XPK43105.1,molecular_function,PQ850626,DNA polymerase exonuclease subunit,True,4972,14
2152,XPK41604.1,biological_process,PQ850610,DNA polymerase exonuclease subunit,True,4972,14
2151,XPK43105.1,biological_process,PQ850626,DNA polymerase exonuclease subunit,True,4972,14
10080,XPK41604.1,molecular_function,PQ850610,DNA polymerase exonuclease subunit,True,4972,14
10081,XPK42282.1,molecular_function,PQ850617,DNA polymerase exonuclease subunit,True,4972,14
10096,NP_418586.4,molecular_function,NC_000913.3,oligoribonuclease,False,4972,14
9978,XPK41892.1,molecular_function,PQ850613,DNA polymerase exonuclease subunit,True,4972,14
9960,NP_416169.1,molecular_function,NC_000913.3,ribonuclease T,False,4972,14
8751,NP_418586.4,molecular_function,NC_000913.3,oligoribonuclease,False,4972,14
10036,XPK41338.1,molecular_function,PQ850607,exonuclease,True,4972,14
10033,XPK43310.1,molecular_function,PQ850628,DNA polymerase exonuclease subunit,True,4972,14
9959,XPK40733.1,molecular_function,PQ850599,exonuclease protein,True,4972,14
2142,XPK41892.1,biological_process,PQ850613,DNA polymerase exonuclease subunit,True,4972,14
3926,NP_416169.1,biological_process,NC_000913.3,ribonuclease T,False,4972,14
2144,XPK42014.1,biological_process,PQ850614,DNA polymerase exonuclease subunit,True,4972,14
10009,XPK41787.1,molecular_function,PQ850612,exonuclease,True,4972,14
10023,XPK42726.1,molecular_function,PQ850622,DNA polymerase exonuclease subunit,True,4972,14
10022,XPK40330.1,molecular_function,PQ850594,DNA polymerase exonuclease subunit,True,4972,14
2145,XPK40330.1,biological_process,PQ850594,DNA polymerase exonuclease subunit,True,4972,14
2146,XPK42726.1,biological_process,PQ850622,DNA polymerase exonuclease subunit,True,4972,14
10018,XPK42014.1,molecular_function,PQ850614,DNA polymerase exonuclease subunit,True,4972,14
6523,NP_418713.1,biological_process,NC_000913.3,RNA polymerase sigma factor FecI,False,5205,11
6525,XPK41575.1,biological_process,PQ850610,RNA polymerase sigma factor,True,5205,11
6521,XPK40287.1,biological_process,PQ850594,RNA polymerase sigma factor,True,5205,11
4712,NP_417068.1,biological_process,NC_000913.3,RNA polymerase sigma factor RpoE,False,5205,11
6526,XPK42250.1,biological_process,PQ850617,RNA polymerase sigma factor,True,5205,11
4709,NP_418713.1,biological_process,NC_000913.3,RNA polymerase sigma factor FecI,False,5205,11
6511,NP_417068.1,biological_process,NC_000913.3,RNA polymerase sigma factor RpoE,False,5205,11
6527,XPK43271.1,biological_process,PQ850628,RNA polymerase sigma factor,True,5205,11
6534,XPK42687.1,biological_process,PQ850622,RNA polymerase sigma factor,True,5205,11
6529,XPK43063.1,biological_process,PQ850626,RNA polymerase sigma factor,True,5205,11
616,NP_418713.1,biological_process,NC_000913.3,RNA polymerase sigma factor FecI,False,5205,11
617,NP_417068.1,biological_process,NC_000913.3,RNA polymerase sigma factor RpoE,False,5205,11
6922,NP_417068.1,biological_process,NC_000913.3,RNA polymerase sigma factor RpoE,False,5205,11
6920,NP_417068.1,biological_process,NC_000913.3,RNA polymerase sigma factor RpoE,False,5205,11
6528,XPK41975.1,biological_process,PQ850614,RNA polymerase sigma factor,True,5205,11
6917,NP_418713.1,biological_process,NC_000913.3,RNA polymerase sigma factor FecI,False,5205,11
6509,NP_418713.1,biological_process,NC_000913.3,RNA polymerase sigma factor FecI,False,5205,11
6531,NP_417068.1,biological_process,NC_000913.3,RNA polymerase sigma factor RpoE,False,5205,11
6532,XPK40190.1,biological_process,PQ850593,RNA polymerase sigma factor,True,5205,11
5316,QXV82808.1,biological_process,MZ501094,DNA helicase,True,5295,67
5317,QXV79854.1,biological_process,MZ501073,DNA helicase,True,5295,67
5314,QXV82588.1,biological_process,MZ501093,DNA helicase,True,5295,67
5318,QXV80967.1,biological_process,MZ501082,DNA helicase,True,5295,67
5320,QXV76634.1,biological_process,MZ501054,DNA helicase,True,5295,67
5321,QXV77970.1,biological_process,MZ501062,DNA helicase,True,5295,67
5310,QXV77535.1,biological_process,MZ501060,DNA helicase,True,5295,67
5311,QXV77761.1,biological_process,MZ501061,DNA helicase,True,5295,67
5319,QXV81190.1,biological_process,MZ501083,DNA helicase,True,5295,67
3759,NP_418258.1,biological_process,NC_000913.3,DNA helicase II,False,5295,67
5312,QXV84147.1,biological_process,MZ501102,DNA helicase,True,5295,67
3758,YP_026251.1,biological_process,NC_000913.3,ATP-dependent DNA helicase Rep,False,5295,67
5313,QXV85578.1,biological_process,MZ501111,DNA helicase,True,5295,67
5315,QXV75617.1,biological_process,MZ501048,DNA helicase,True,5295,67
6867,YP_026251.1,molecular_function,NC_000913.3,ATP-dependent DNA helicase Rep,False,5295,67
218,QXV85044.1,molecular_function,MZ501107,DNA helicase,True,5295,67
208,XPK40988.1,molecular_function,PQ850603,DNA helicase,True,5295,67
209,XPK41686.1,molecular_function,PQ850611,DNA helicase,True,5295,67
210,XPK42370.1,molecular_function,PQ850618,DNA helicase,True,5295,67
211,XPK42110.1,molecular_function,PQ850615,DNA helicase,True,5295,67
212,XPK42911.1,molecular_function,PQ850624,DNA helicase,True,5295,67
213,XPK41074.1,molecular_function,PQ850604,DNA helicase,True,5295,67
214,XPK41408.1,molecular_function,PQ850608,DNA helicase,True,5295,67
215,XPK41147.1,molecular_function,PQ850605,DNA helicase,True,5295,67
217,QXV83003.1,molecular_function,MZ501095,DNA helicase,True,5295,67
130,QXV78209.1,molecular_function,MZ501063,UvrD / Rep family helicase,True,5295,67
219,QXV79485.1,molecular_function,MZ501070,DNA helicase,True,5295,67
207,QXV81953.1,molecular_function,MZ501088,DNA helicase,True,5295,67
220,XPK43698.1,molecular_function,PQ850632,DNA helicase,True,5295,67
222,XPK43198.1,molecular_function,PQ850627,DNA helicase,True,5295,67
223,XPK42477.1,molecular_function,PQ850619,DNA helicase,True,5295,67
224,XPK40478.1,molecular_function,PQ850596,DNA helicase,True,5295,67
225,XPK43594.1,molecular_function,PQ850631,DNA helicase,True,5295,67
226,QXV83340.1,molecular_function,MZ501097,DNA helicase,True,5295,67
6876,NP_418258.1,molecular_function,NC_000913.3,DNA helicase II,False,5295,67
6875,QXV78209.1,molecular_function,MZ501063,UvrD / Rep family helicase,True,5295,67
6874,YP_026251.1,molecular_function,NC_000913.3,ATP-dependent DNA helicase Rep,False,5295,67
6869,NP_418258.1,molecular_function,NC_000913.3,DNA helicase II,False,5295,67
6868,QXV78209.1,molecular_function,MZ501063,UvrD / Rep family helicase,True,5295,67
129,YP_026251.1,molecular_function,NC_000913.3,ATP-dependent DNA helicase Rep,False,5295,67
221,XPK42612.1,molecular_function,PQ850621,DNA helicase,True,5295,67
131,NP_418258.1,molecular_function,NC_000913.3,DNA helicase II,False,5295,67
8890,QXV75232.1,molecular_function,MZ501047,endolysin protein e,True,5398,62
8892,QXV83365.1,molecular_function,MZ501097,endolysin,True,5398,62
8891,QXV77418.1,molecular_function,MZ501059,endolysin,True,5398,62
8893,XPK41102.1,molecular_function,PQ850604,endolysin,True,5398,62
1803,XPK42234.1,biological_process,PQ850617,endolysin,True,5398,62
8895,QXV78337.1,molecular_function,MZ501063,endolysin,True,5398,62
991,QXV76447.1,biological_process,MZ501052,endolysin protein e,True,5398,62
992,QXV84969.1,biological_process,MZ501106,endolysin protein e,True,5398,62
993,QXV86078.1,biological_process,MZ501113,endolysin protein e,True,5398,62
994,AXN58158.1,biological_process,MH550421.1,lysozyme murein hydrolase,True,5398,62
995,QXV75514.1,biological_process,MZ501046,endolysin protein e,True,5398,62
996,QXV83267.1,biological_process,MZ501096,endolysin protein e,True,5398,62
8921,XPK42649.1,molecular_function,PQ850621,endolysin,True,5398,62
8920,QXV77065.1,molecular_function,MZ501056,endolysin protein e,True,5398,62
8918,QXV80722.1,molecular_function,MZ501079,endolysin,True,5398,62
8889,XPK43235.1,molecular_function,PQ850627,endolysin,True,5398,62
8916,QXV76185.1,molecular_function,MZ501051,endolysin,True,5398,62
8913,XPK41834.1,molecular_function,PQ850613,endolysin,True,5398,62
8912,YP_006484.1,molecular_function,NC_005856.1,endolysin,True,5398,62
8911,QXV83267.1,molecular_function,MZ501096,endolysin protein e,True,5398,62
8910,QXV75514.1,molecular_function,MZ501046,endolysin protein e,True,5398,62
8909,XPK42940.1,molecular_function,PQ850624,endolysin,True,5398,62
8908,XPK40271.1,molecular_function,PQ850594,endolysin,True,5398,62
8907,XPK42671.1,molecular_function,PQ850622,endolysin,True,5398,62
8906,QXV82301.1,molecular_function,MZ501090,endolysin,True,5398,62
8905,XPK40173.1,molecular_function,PQ850593,endolysin,True,5398,62
8904,AXN58158.1,molecular_function,MH550421.1,lysozyme murein hydrolase,True,5398,62
8903,QXV86078.1,molecular_function,MZ501113,endolysin protein e,True,5398,62
8902,QXV84969.1,molecular_function,MZ501106,endolysin protein e,True,5398,62
8901,QXV76447.1,molecular_function,MZ501052,endolysin protein e,True,5398,62
8900,QXV76094.1,molecular_function,MZ501050,endolysin protein e,True,5398,62
8899,QXV78954.1,molecular_function,MZ501066,endolysin protein e,True,5398,62
1802,XPK41559.1,biological_process,PQ850610,endolysin,True,5398,62
8897,QXV82215.1,molecular_function,MZ501089,endolysin protein e,True,5398,62
8896,QXV78674.1,molecular_function,MZ501065,endolysin protein e,True,5398,62
8894,XPK43256.1,molecular_function,PQ850628,endolysin,True,5398,62
8917,QXV80580.1,molecular_function,MZ501077,endolysin,True,5398,62
10768,QXV84041.1,biological_process,MZ501101,endolysin,True,5398,62
8883,NP_415087.1,molecular_function,NC_000913.3,lysozyme,False,5398,62
10787,QXV80722.1,biological_process,MZ501079,endolysin,True,5398,62
8875,AYD82725.1,molecular_function,MH751506.1,lysozyme murein hydrolase,True,5398,62
8873,QXV83690.1,molecular_function,MZ501099,endolysin,True,5398,62
8872,XPK42234.1,molecular_function,PQ850617,endolysin,True,5398,62
8871,XPK41559.1,molecular_function,PQ850610,endolysin,True,5398,62
8868,XPK41274.1,molecular_function,PQ850606,endolysin,True,5398,62
8867,XPK41957.1,molecular_function,PQ850614,endolysin,True,5398,62
8866,NP_049736.1,molecular_function,NC_000866.4,glycoside hydrolase family protein,True,5398,62
8865,XPK43736.1,molecular_function,PQ850632,endolysin,True,5398,62
8864,QXV83609.1,molecular_function,MZ501098,endolysin protein e,True,5398,62
8863,XPK41025.1,molecular_function,PQ850603,endolysin,True,5398,62
8862,QXV84041.1,molecular_function,MZ501101,endolysin,True,5398,62
10786,QXV80580.1,biological_process,MZ501077,endolysin,True,5398,62
8861,QXV79510.1,molecular_function,MZ501070,endolysin,True,5398,62
8859,XPK42515.1,molecular_function,PQ850619,endolysin,True,5398,62
8857,QXV83029.1,molecular_function,MZ501095,endolysin,True,5398,62
8856,QXV81647.1,molecular_function,MZ501085,endolysin,True,5398,62
8854,QXV81814.1,molecular_function,MZ501086,endolysin,True,5398,62
8853,XPK42147.1,molecular_function,PQ850615,endolysin,True,5398,62
8852,XPK43045.1,molecular_function,PQ850626,endolysin,True,5398,62
8851,QXV81880.1,molecular_function,MZ501087,endolysin,True,5398,62
8850,NP_416072.1,molecular_function,NC_000913.3,putative lysozyme,False,5398,62
8848,XPK43477.1,molecular_function,PQ850630,endolysin,True,5398,62
8845,QXV81548.1,molecular_function,MZ501084,endolysin,True,5398,62
8844,QXV79398.1,molecular_function,MZ501069,endolysin,True,5398,62
998,QXV77065.1,biological_process,MZ501056,endolysin protein e,True,5398,62
8860,QXV81978.1,molecular_function,MZ501088,endolysin,True,5398,62
8888,XPK40513.1,molecular_function,PQ850596,endolysin,True,5398,62
10785,QXV76185.1,biological_process,MZ501051,endolysin,True,5398,62
10783,YP_006484.1,biological_process,NC_005856.1,endolysin,True,5398,62
8882,QXV80816.1,molecular_function,MZ501080,endolysin,True,5398,62
8881,QXV85069.1,molecular_function,MZ501107,endolysin,True,5398,62
8880,QXV82478.1,molecular_function,MZ501092,endolysin,True,5398,62
8878,QXV76526.1,molecular_function,MZ501053,endolysin,True,5398,62
8877,XPK41712.1,molecular_function,PQ850611,endolysin,True,5398,62
8876,QXV83942.1,molecular_function,MZ501100,endolysin,True,5398,62
10763,QXV79398.1,biological_process,MZ501069,endolysin,True,5398,62
10764,NP_416072.1,biological_process,NC_000913.3,putative lysozyme,False,5398,62
10765,QXV81880.1,biological_process,MZ501087,endolysin,True,5398,62
10766,XPK43045.1,biological_process,PQ850626,endolysin,True,5398,62
10767,QXV81647.1,biological_process,MZ501085,endolysin,True,5398,62
1775,QXV79398.1,biological_process,MZ501069,endolysin,True,5398,62
10784,XPK41834.1,biological_process,PQ850613,endolysin,True,5398,62
10769,XPK41957.1,biological_process,PQ850614,endolysin,True,5398,62
10771,XPK42234.1,biological_process,PQ850617,endolysin,True,5398,62
10772,QXV83690.1,biological_process,MZ501099,endolysin,True,5398,62
10773,QXV76526.1,biological_process,MZ501053,endolysin,True,5398,62
10774,QXV82478.1,biological_process,MZ501092,endolysin,True,5398,62
10775,QXV80816.1,biological_process,MZ501080,endolysin,True,5398,62
10776,NP_415087.1,biological_process,NC_000913.3,lysozyme,False,5398,62
10777,QXV77418.1,biological_process,MZ501059,endolysin,True,5398,62
10778,XPK43256.1,biological_process,PQ850628,endolysin,True,5398,62
10779,XPK40173.1,biological_process,PQ850593,endolysin,True,5398,62
10780,QXV82301.1,biological_process,MZ501090,endolysin,True,5398,62
10781,XPK42671.1,biological_process,PQ850622,endolysin,True,5398,62
10782,XPK40271.1,biological_process,PQ850594,endolysin,True,5398,62
10770,XPK41559.1,biological_process,PQ850610,endolysin,True,5398,62
990,QXV76094.1,biological_process,MZ501050,endolysin protein e,True,5398,62
8898,QXV79233.1,molecular_function,MZ501067,endolysin protein e,True,5398,62
1847,QXV76185.1,biological_process,MZ501051,endolysin,True,5398,62
9481,XPK40513.1,molecular_function,PQ850596,endolysin,True,5398,62
9591,QXV77418.1,biological_process,MZ501059,endolysin,True,5398,62
9592,XPK43256.1,biological_process,PQ850628,endolysin,True,5398,62
1833,QXV84969.1,biological_process,MZ501106,endolysin protein e,True,5398,62
1834,QXV86078.1,biological_process,MZ501113,endolysin protein e,True,5398,62
1835,AXN58158.1,biological_process,MH550421.1,lysozyme murein hydrolase,True,5398,62
9480,QXV85069.1,molecular_function,MZ501107,endolysin,True,5398,62
1836,XPK40173.1,biological_process,PQ850593,endolysin,True,5398,62
9569,QXV79398.1,biological_process,MZ501069,endolysin,True,5398,62
9570,XPK43477.1,biological_process,PQ850630,endolysin,True,5398,62
9482,XPK43235.1,molecular_function,PQ850627,endolysin,True,5398,62
9483,QXV83365.1,molecular_function,MZ501097,endolysin,True,5398,62
9484,XPK41102.1,molecular_function,PQ850604,endolysin,True,5398,62
9485,XPK43256.1,molecular_function,PQ850628,endolysin,True,5398,62
9593,QXV78674.1,biological_process,MZ501065,endolysin protein e,True,5398,62
9486,XPK40173.1,molecular_function,PQ850593,endolysin,True,5398,62
9479,XPK41712.1,molecular_function,PQ850611,endolysin,True,5398,62
1838,XPK42671.1,biological_process,PQ850622,endolysin,True,5398,62
9583,XPK42234.1,biological_process,PQ850617,endolysin,True,5398,62
9478,XPK42234.1,molecular_function,PQ850617,endolysin,True,5398,62
9582,XPK41559.1,biological_process,PQ850610,endolysin,True,5398,62
9581,XPK41274.1,biological_process,PQ850606,endolysin,True,5398,62
9580,XPK41957.1,biological_process,PQ850614,endolysin,True,5398,62
9579,NP_049736.1,biological_process,NC_000866.4,glycoside hydrolase family protein,True,5398,62
1837,QXV82301.1,biological_process,MZ501090,endolysin,True,5398,62
9590,QXV75232.1,biological_process,MZ501047,endolysin protein e,True,5398,62
1844,XPK41834.1,biological_process,PQ850613,endolysin,True,5398,62
1843,YP_006484.1,biological_process,NC_005856.1,endolysin,True,5398,62
1842,QXV83267.1,biological_process,MZ501096,endolysin protein e,True,5398,62
1841,QXV75514.1,biological_process,MZ501046,endolysin protein e,True,5398,62
1840,XPK42940.1,biological_process,PQ850624,endolysin,True,5398,62
1839,XPK40271.1,biological_process,PQ850594,endolysin,True,5398,62
9587,QXV82478.1,biological_process,MZ501092,endolysin,True,5398,62
9599,QXV84969.1,biological_process,MZ501106,endolysin protein e,True,5398,62
9487,XPK42671.1,molecular_function,PQ850622,endolysin,True,5398,62
9489,XPK42940.1,molecular_function,PQ850624,endolysin,True,5398,62
9572,QXV81880.1,biological_process,MZ501087,endolysin,True,5398,62
9573,XPK43045.1,biological_process,PQ850626,endolysin,True,5398,62
9574,QXV81814.1,biological_process,MZ501086,endolysin,True,5398,62
9594,QXV82215.1,biological_process,MZ501089,endolysin protein e,True,5398,62
989,QXV78954.1,biological_process,MZ501066,endolysin protein e,True,5398,62
9595,QXV79233.1,biological_process,MZ501067,endolysin protein e,True,5398,62
9571,NP_416072.1,biological_process,NC_000913.3,putative lysozyme,False,5398,62
9596,QXV78954.1,biological_process,MZ501066,endolysin protein e,True,5398,62
9575,QXV81647.1,biological_process,MZ501085,endolysin,True,5398,62
9576,QXV84041.1,biological_process,MZ501101,endolysin,True,5398,62
9577,XPK41025.1,biological_process,PQ850603,endolysin,True,5398,62
9578,QXV83609.1,biological_process,MZ501098,endolysin protein e,True,5398,62
9601,AXN58158.1,biological_process,MH550421.1,lysozyme murein hydrolase,True,5398,62
9600,QXV86078.1,biological_process,MZ501113,endolysin protein e,True,5398,62
9597,QXV76094.1,biological_process,MZ501050,endolysin protein e,True,5398,62
9488,XPK40271.1,molecular_function,PQ850594,endolysin,True,5398,62
9602,XPK40173.1,biological_process,PQ850593,endolysin,True,5398,62
9604,XPK42671.1,biological_process,PQ850622,endolysin,True,5398,62
9490,XPK41834.1,molecular_function,PQ850613,endolysin,True,5398,62
9491,XPK42649.1,molecular_function,PQ850621,endolysin,True,5398,62
1797,NP_049736.1,biological_process,NC_000866.4,glycoside hydrolase family protein,True,5398,62
1798,XPK41957.1,biological_process,PQ850614,endolysin,True,5398,62
1799,XPK41274.1,biological_process,PQ850606,endolysin,True,5398,62
9613,QXV77065.1,biological_process,MZ501056,endolysin protein e,True,5398,62
9603,QXV82301.1,biological_process,MZ501090,endolysin,True,5398,62
9612,QXV80722.1,biological_process,MZ501079,endolysin,True,5398,62
9610,QXV76185.1,biological_process,MZ501051,endolysin,True,5398,62
9609,XPK41834.1,biological_process,PQ850613,endolysin,True,5398,62
9608,YP_006484.1,biological_process,NC_005856.1,endolysin,True,5398,62
9607,QXV83267.1,biological_process,MZ501096,endolysin protein e,True,5398,62
9606,QXV75514.1,biological_process,MZ501046,endolysin protein e,True,5398,62
9605,XPK40271.1,biological_process,PQ850594,endolysin,True,5398,62
9611,QXV80580.1,biological_process,MZ501077,endolysin,True,5398,62
9476,XPK41274.1,molecular_function,PQ850606,endolysin,True,5398,62
9477,XPK41559.1,molecular_function,PQ850610,endolysin,True,5398,62
1832,QXV76447.1,biological_process,MZ501052,endolysin protein e,True,5398,62
1782,QXV81880.1,biological_process,MZ501087,endolysin,True,5398,62
1783,XPK43045.1,biological_process,PQ850626,endolysin,True,5398,62
1811,QXV82478.1,biological_process,MZ501092,endolysin,True,5398,62
1812,QXV85069.1,biological_process,MZ501107,endolysin,True,5398,62
1784,XPK42147.1,biological_process,PQ850615,endolysin,True,5398,62
9588,QXV80816.1,biological_process,MZ501080,endolysin,True,5398,62
1781,NP_416072.1,biological_process,NC_000913.3,putative lysozyme,False,5398,62
1785,QXV81814.1,biological_process,MZ501086,endolysin,True,5398,62
1814,NP_415087.1,biological_process,NC_000913.3,lysozyme,False,5398,62
1819,XPK40513.1,biological_process,PQ850596,endolysin,True,5398,62
1787,QXV81647.1,biological_process,MZ501085,endolysin,True,5398,62
1788,QXV83029.1,biological_process,MZ501095,endolysin,True,5398,62
1790,XPK42515.1,biological_process,PQ850619,endolysin,True,5398,62
1791,QXV81978.1,biological_process,MZ501088,endolysin,True,5398,62
1813,QXV80816.1,biological_process,MZ501080,endolysin,True,5398,62
1820,XPK43235.1,biological_process,PQ850627,endolysin,True,5398,62
968,QXV81548.1,biological_process,MZ501084,endolysin,True,5398,62
974,NP_049736.1,biological_process,NC_000866.4,glycoside hydrolase family protein,True,5398,62
988,QXV79233.1,biological_process,MZ501067,endolysin protein e,True,5398,62
1804,QXV83690.1,biological_process,MZ501099,endolysin,True,5398,62
987,QXV82215.1,biological_process,MZ501089,endolysin protein e,True,5398,62
1806,AYD82725.1,biological_process,MH751506.1,lysozyme murein hydrolase,True,5398,62
1807,QXV83942.1,biological_process,MZ501100,endolysin,True,5398,62
986,QXV78674.1,biological_process,MZ501065,endolysin protein e,True,5398,62
973,QXV83609.1,biological_process,MZ501098,endolysin protein e,True,5398,62
1808,XPK41712.1,biological_process,PQ850611,endolysin,True,5398,62
1776,QXV81548.1,biological_process,MZ501084,endolysin,True,5398,62
1779,XPK43477.1,biological_process,PQ850630,endolysin,True,5398,62
985,QXV78337.1,biological_process,MZ501063,endolysin,True,5398,62
984,QXV75232.1,biological_process,MZ501047,endolysin protein e,True,5398,62
978,QXV83942.1,biological_process,MZ501100,endolysin,True,5398,62
977,AYD82725.1,biological_process,MH751506.1,lysozyme murein hydrolase,True,5398,62
1809,QXV76526.1,biological_process,MZ501053,endolysin,True,5398,62
9584,QXV83690.1,biological_process,MZ501099,endolysin,True,5398,62
1821,QXV75232.1,biological_process,MZ501047,endolysin protein e,True,5398,62
1823,QXV83365.1,biological_process,MZ501097,endolysin,True,5398,62
1827,QXV78674.1,biological_process,MZ501065,endolysin protein e,True,5398,62
1828,QXV82215.1,biological_process,MZ501089,endolysin protein e,True,5398,62
1829,QXV79233.1,biological_process,MZ501067,endolysin protein e,True,5398,62
1830,QXV78954.1,biological_process,MZ501066,endolysin protein e,True,5398,62
9586,QXV76526.1,biological_process,MZ501053,endolysin,True,5398,62
9585,AYD82725.1,biological_process,MH751506.1,lysozyme murein hydrolase,True,5398,62
1822,QXV77418.1,biological_process,MZ501059,endolysin,True,5398,62
1848,QXV80580.1,biological_process,MZ501077,endolysin,True,5398,62
9470,XPK42515.1,molecular_function,PQ850619,endolysin,True,5398,62
9471,QXV81978.1,molecular_function,MZ501088,endolysin,True,5398,62
9472,QXV79510.1,molecular_function,MZ501070,endolysin,True,5398,62
9473,XPK41025.1,molecular_function,PQ850603,endolysin,True,5398,62
9474,XPK43736.1,molecular_function,PQ850632,endolysin,True,5398,62
9475,XPK41957.1,molecular_function,PQ850614,endolysin,True,5398,62
1831,QXV76094.1,biological_process,MZ501050,endolysin protein e,True,5398,62
9589,NP_415087.1,biological_process,NC_000913.3,lysozyme,False,5398,62
9469,QXV83029.1,molecular_function,MZ501095,endolysin,True,5398,62
1849,QXV80722.1,biological_process,MZ501079,endolysin,True,5398,62
1792,QXV79510.1,biological_process,MZ501070,endolysin,True,5398,62
1793,QXV84041.1,biological_process,MZ501101,endolysin,True,5398,62
1824,XPK41102.1,biological_process,PQ850604,endolysin,True,5398,62
1794,XPK41025.1,biological_process,PQ850603,endolysin,True,5398,62
1825,XPK43256.1,biological_process,PQ850628,endolysin,True,5398,62
1826,QXV78337.1,biological_process,MZ501063,endolysin,True,5398,62
1795,QXV83609.1,biological_process,MZ501098,endolysin protein e,True,5398,62
9468,QXV81814.1,molecular_function,MZ501086,endolysin,True,5398,62
9598,QXV76447.1,biological_process,MZ501052,endolysin protein e,True,5398,62
1796,XPK43736.1,biological_process,PQ850632,endolysin,True,5398,62
9465,XPK43477.1,molecular_function,PQ850630,endolysin,True,5398,62
1852,XPK42649.1,biological_process,PQ850621,endolysin,True,5398,62
9466,XPK43045.1,molecular_function,PQ850626,endolysin,True,5398,62
9467,XPK42147.1,molecular_function,PQ850615,endolysin,True,5398,62
1851,QXV77065.1,biological_process,MZ501056,endolysin protein e,True,5398,62
5324,YP_588452.1,biological_process,NC_000913.3,putative prophage outer membrane lipoprotein RzoR,False,5641,2
5326,YP_001551744.1,biological_process,NC_001416,Rz-like spanin,True,5641,2
2981,NP_417370.1,biological_process,NC_000913.3,site-specific recombinase,False,5670,3
2980,NP_418256.1,biological_process,NC_000913.3,site-specific tyrosine recombinase,False,5670,3
6761,NP_418256.1,biological_process,NC_000913.3,site-specific tyrosine recombinase,False,5670,3
5992,NP_417370.1,biological_process,NC_000913.3,site-specific recombinase,False,5670,3
5991,NP_418256.1,biological_process,NC_000913.3,site-specific tyrosine recombinase,False,5670,3
5521,YP_006472.1,molecular_function,NC_005856.1,site-specific integrase,True,5670,3
5509,NP_417370.1,molecular_function,NC_000913.3,site-specific recombinase,False,5670,3
5508,NP_418256.1,molecular_function,NC_000913.3,site-specific tyrosine recombinase,False,5670,3
1681,NP_418256.1,biological_process,NC_000913.3,site-specific tyrosine recombinase,False,5670,3
1682,NP_417370.1,biological_process,NC_000913.3,site-specific recombinase,False,5670,3
1694,YP_006472.1,biological_process,NC_005856.1,site-specific integrase,True,5670,3
6774,YP_006472.1,biological_process,NC_005856.1,site-specific integrase,True,5670,3
6762,NP_417370.1,biological_process,NC_000913.3,site-specific recombinase,False,5670,3
1751,QXV85474.1,molecular_function,MZ501110,putative RNase H,True,5703,9
1139,NP_414725.1,molecular_function,NC_000913.3,RNase HII,False,5703,9
1737,QXV77157.1,molecular_function,MZ501057,RNAseH,True,5703,9
1742,QXV79568.1,molecular_function,MZ501071,putative RNase H,True,5703,9
1743,QXV84515.1,molecular_function,MZ501104,putative RNase H,True,5703,9
1745,QXV79311.1,molecular_function,MZ501068,RNAseH,True,5703,9
8754,NP_414725.1,molecular_function,NC_000913.3,RNase HII,False,5703,9
1736,QXV85796.1,molecular_function,MZ501112,putative RNase H,True,5703,9
9139,NP_414725.1,molecular_function,NC_000913.3,RNase HII,False,5703,9
9964,NP_414725.1,molecular_function,NC_000913.3,RNase HII,False,5703,9
9966,QXV77157.1,molecular_function,MZ501057,RNAseH,True,5703,9
9965,QXV85796.1,molecular_function,MZ501112,putative RNase H,True,5703,9
10006,QXV79568.1,molecular_function,MZ501071,putative RNase H,True,5703,9
10010,QXV79311.1,molecular_function,MZ501068,RNAseH,True,5703,9
10007,QXV84515.1,molecular_function,MZ501104,putative RNase H,True,5703,9
1752,QXV82397.1,molecular_function,MZ501091,putative RNase H,True,5703,9
10084,QXV82397.1,molecular_function,MZ501091,putative RNase H,True,5703,9
10075,QXV85474.1,molecular_function,MZ501110,putative RNase H,True,5703,9
3487,QXV84333.1,molecular_function,MZ501103,recombination nuclease subunit 1,True,5792,27
3518,AYD82656.1,molecular_function,MH751506.1,endonuclease subunit,True,5792,27
3523,AXN58098.1,molecular_function,MH550421.1,endonuclease subunit,True,5792,27
3488,QXV76383.1,molecular_function,MZ501052,host-DNA degrading endonuclease subunit,True,5792,27
3519,QXV79161.1,molecular_function,MZ501067,host-DNA degrading endonuclease subunit,True,5792,27
3520,QXV78611.1,molecular_function,MZ501065,host-DNA degrading endonuclease subunit,True,5792,27
3521,QXV77003.1,molecular_function,MZ501056,host-DNA degrading endonuclease subunit,True,5792,27
3522,QXV75169.1,molecular_function,MZ501047,host-DNA degrading endonuclease subunit,True,5792,27
3481,QXV82151.1,molecular_function,MZ501089,host-DNA degrading endonuclease subunit,True,5792,27
3499,NP_049672.1,molecular_function,NC_000866.4,SbcD-like subunit of palindrome specific endonuclease,True,5792,27
3471,QXV83537.1,molecular_function,MZ501098,host-DNA degrading endonuclease subunit,True,5792,27
3472,QXV76023.1,molecular_function,MZ501050,host-DNA degrading endonuclease subunit,True,5792,27
3513,QXV84584.1,molecular_function,MZ501105,recombination nuclease subunit 1,True,5792,27
3502,QXV83201.1,molecular_function,MZ501096,host-DNA degrading endonuclease subunit,True,5792,27
3503,QXV75447.1,molecular_function,MZ501046,host-DNA degrading endonuclease subunit,True,5792,27
3504,YP_006955.1,molecular_function,NC_005859.1,"putative recombination endonuclease, subunit D12",True,5792,27
3506,QXV77233.1,molecular_function,MZ501058,recombination nuclease subunit 1,True,5792,27
3473,QXV80041.1,molecular_function,MZ501074,recombination nuclease subunit 1,True,5792,27
3482,QXV80381.1,molecular_function,MZ501076,recombination nuclease subunit 1,True,5792,27
3476,QXV85268.1,molecular_function,MZ501109,recombination nuclease subunit 1,True,5792,27
3470,QXV78883.1,molecular_function,MZ501066,host-DNA degrading endonuclease subunit,True,5792,27
3512,QXV79634.1,molecular_function,MZ501072,recombination nuclease subunit 1,True,5792,27
3517,QXV84910.1,molecular_function,MZ501106,host-DNA degrading endonuclease subunit,True,5792,27
3492,QXV80210.1,molecular_function,MZ501075,recombination nuclease subunit 1,True,5792,27
3229,NP_414932.1,biological_process,NC_000913.3,ATP-dependent structure-specific DNA nuclease - SbcD subunit,False,5792,27
3508,QXV86008.1,molecular_function,MZ501113,host-DNA degrading endonuclease subunit,True,5792,27
3510,NP_414932.1,molecular_function,NC_000913.3,ATP-dependent structure-specific DNA nuclease - SbcD subunit,False,5792,27
3497,QXV85097.1,molecular_function,MZ501108,recombination nuclease subunit 1,True,5792,27
6412,NP_415659.1,biological_process,NC_000913.3,putative excisionase,False,5815,3
6411,NP_040610.1,biological_process,NC_001416,excisionase,True,5815,3
6410,YP_007112566.1,biological_process,NC_019723,excisionase,True,5815,3
2386,NP_040642.1,biological_process,NC_001416,antitermination protein,True,5841,3
2384,NP_416077.4,biological_process,NC_000913.3,putative antitermination protein Q,False,5841,3
2385,YP_007112598.1,biological_process,NC_019723,antitermination protein,True,5841,3
4504,QXV77236.1,molecular_function,MZ501058,ATP-dependent helicase,True,5864,17
4500,QXV85272.1,molecular_function,MZ501109,ATP-dependent helicase,True,5864,17
4508,QXV84336.1,molecular_function,MZ501103,ATP-dependent helicase,True,5864,17
4499,QXV80385.1,molecular_function,MZ501076,ATP-dependent helicase,True,5864,17
4509,QXV85101.1,molecular_function,MZ501108,ATP-dependent helicase,True,5864,17
4513,QXV84587.1,molecular_function,MZ501105,ATP-dependent helicase,True,5864,17
1088,YP_009518751.1,molecular_function,NC_000913.3,DNA polymerase III subunit gamma,False,5864,17
8714,YP_009518751.1,molecular_function,NC_000913.3,DNA polymerase III subunit gamma,False,5864,17
6304,YP_009518751.1,biological_process,NC_000913.3,DNA polymerase III subunit gamma,False,5864,17
5717,NP_417071.1,molecular_function,NC_000913.3,ATP-dependent RNA helicase SrmB,False,5864,17
5721,NP_418227.1,molecular_function,NC_000913.3,ATP-dependent RNA helicase RhlB,False,5864,17
4516,QXV80045.1,molecular_function,MZ501074,ATP-dependent helicase,True,5864,17
4506,YP_006952.1,molecular_function,NC_005859.1,putative ATP-dependent helicase,True,5864,17
5730,NP_415318.1,molecular_function,NC_000913.3,ATP-dependent RNA helicase RhlE,False,5864,17
8969,NP_418227.1,molecular_function,NC_000913.3,ATP-dependent RNA helicase RhlB,False,5864,17
9288,NP_415318.1,biological_process,NC_000913.3,ATP-dependent RNA helicase RhlE,False,5864,17
9287,NP_417071.1,biological_process,NC_000913.3,ATP-dependent RNA helicase SrmB,False,5864,17
2889,NP_415412.1,molecular_function,NC_000913.3,replication-associated recombination protein A,False,5864,17
9286,NP_415859.1,biological_process,NC_000913.3,ATP-dependent RNA helicase DbpA,False,5864,17
5039,NP_415412.1,biological_process,NC_000913.3,replication-associated recombination protein A,False,5864,17
4535,QXV79638.1,molecular_function,MZ501072,ATP-dependent helicase,True,5864,17
5038,YP_009518751.1,biological_process,NC_000913.3,DNA polymerase III subunit gamma,False,5864,17
4530,QXV80213.1,molecular_function,MZ501075,ATP-dependent helicase,True,5864,17
5722,NP_415859.1,molecular_function,NC_000913.3,ATP-dependent RNA helicase DbpA,False,5864,17
8993,NP_418202.4,molecular_function,NC_000913.3,regulatory ATPase RavA,False,5864,17
6864,NP_415318.1,molecular_function,NC_000913.3,ATP-dependent RNA helicase RhlE,False,5864,17
6862,NP_418227.1,molecular_function,NC_000913.3,ATP-dependent RNA helicase RhlB,False,5864,17
6861,NP_417071.1,molecular_function,NC_000913.3,ATP-dependent RNA helicase SrmB,False,5864,17
10849,NP_049778.1,molecular_function,NC_000866.4,terminase large subunit,True,5875,9
11135,YP_009518764.1,molecular_function,NC_000913.3,chimeric replication protein/phage terminase YmfN,False,5875,9
2316,NP_415638.3,molecular_function,NC_000913.3,protein-lysine deacetylase/desuccinylase/lipoamidase,False,5943,27
9270,NP_415638.3,molecular_function,NC_000913.3,protein-lysine deacetylase/desuccinylase/lipoamidase,False,5943,27
2317,QXV84609.1,molecular_function,MZ501105,Sir2-like protein,True,5943,27
9269,YP_010051180.1,molecular_function,NC_000913.3,CobB-S,False,5943,27
2315,QXV85122.1,molecular_function,MZ501108,Sir2-like protein,True,5943,27
2306,QXV75758.1,molecular_function,MZ501048,sirtuin domain NAD-dependent deacetylase,True,5943,27
2313,QXV77262.1,molecular_function,MZ501058,Sir2-like protein,True,5943,27
2307,QXV78115.1,molecular_function,MZ501062,sirtuin domain NAD-dependent deacetylase,True,5943,27
2308,QXV77888.1,molecular_function,MZ501061,sirtuin domain NAD-dependent deacetylase,True,5943,27
2304,QXV76781.1,molecular_function,MZ501054,sirtuin domain NAD-dependent deacetylase,True,5943,27
2303,QXV82953.1,molecular_function,MZ501094,sirtuin domain NAD-dependent deacetylase,True,5943,27
2302,QXV78315.1,molecular_function,MZ501063,sirtuin family protein,True,5943,27
2301,QXV79659.1,molecular_function,MZ501072,Sir2-like protein,True,5943,27
2300,QXV80406.1,molecular_function,MZ501076,Sir2-like protein,True,5943,27
2299,QXV81529.1,molecular_function,MZ501084,sirtuin family protein,True,5943,27
2298,YP_010051180.1,molecular_function,NC_000913.3,CobB-S,False,5943,27
2314,QXV83920.1,molecular_function,MZ501100,sirtuin family protein,True,5943,27
2297,QXV85726.1,molecular_function,MZ501111,sirtuin domain NAD-dependent deacetylase,True,5943,27
2295,QXV82727.1,molecular_function,MZ501093,sirtuin domain NAD-dependent deacetylase,True,5943,27
2309,QXV81109.1,molecular_function,MZ501082,sirtuin domain NAD-dependent deacetylase,True,5943,27
2294,QXV84290.1,molecular_function,MZ501102,sirtuin domain NAD-dependent deacetylase,True,5943,27
2293,QXV81332.1,molecular_function,MZ501083,sirtuin domain NAD-dependent deacetylase,True,5943,27
2292,QXV80066.1,molecular_function,MZ501074,Sir2-like protein,True,5943,27
2291,QXV85294.1,molecular_function,MZ501109,Sir2-like protein,True,5943,27
2236,NP_415301.1,molecular_function,NC_000913.3,putative transferase YbhK,False,5943,27
2311,YP_006930.1,molecular_function,NC_005859.1,Sir2 (NAD-dependent deacetylase),True,5943,27
2312,QXV80234.1,molecular_function,MZ501075,Sir2-like protein,True,5943,27
2296,QXV77680.1,molecular_function,MZ501060,sirtuin domain NAD-dependent deacetylase,True,5943,27
2305,QXV79997.1,molecular_function,MZ501073,sirtuin domain NAD-dependent deacetylase,True,5943,27
