AXN58174.1	AXN58174.1
AXN58174.1	AYD82741.1
AXN58174.1	NP_049751.1
AXN58174.1	QXV75531.1
AXN58174.1	QXV76112.1
AXN58174.1	QXV76463.1
AXN58174.1	QXV78689.1
AXN58174.1	QXV79246.1
AXN58174.1	QXV84987.1
AXN58174.1	QXV75257.1
AXN58174.1	QXV77093.1
AXN58174.1	QXV78970.1
AXN58174.1	QXV83626.1
AXN58174.1	QXV86095.1
AXN58179.1	AXN58179.1
AXN58179.1	AYD82746.1
AXN58179.1	NP_049756.1
AXN58179.1	QXV75262.1
AXN58179.1	QXV75536.1
AXN58179.1	QXV76117.1
AXN58179.1	QXV76468.1
AXN58179.1	QXV77099.1
AXN58179.1	QXV78694.1
AXN58179.1	QXV78975.1
AXN58179.1	QXV79251.1
AXN58179.1	QXV82239.1
AXN58179.1	QXV83289.1
AXN58179.1	QXV83631.1
AXN58179.1	QXV84992.1
AXN58179.1	QXV86100.1
AXN58181.1	AXN58181.1
AXN58182.1	AXN58182.1
AXN58201.1	AXN58201.1
AXN58204.1	AXN58204.1
AXN58215.1	AXN58215.1
AXN58215.1	NP_049795.1
AXN58215.1	QXV75293.1
AXN58215.1	QXV76227.1
AXN58215.1	QXV78458.1
AXN58215.1	QXV78726.1
AXN58215.1	QXV81998.1
AXN58215.1	QXV83441.1
AXN58215.1	AXN58115.1
AXN58215.1	NP_049657.1
AXN58215.1	NP_049691.2
AXN58215.1	QXV76456.1
AXN58215.1	AXN58167.1
AXN58215.1	NP_049745.2
AXN58215.1	QXV76104.1
AXN58215.1	QXV83618.1
AXN58215.1	QXV84979.1
AXN58215.1	QXV77097.1
AXN58215.1	QXV84367.1
AXN58215.1	QXV84747.1
AXN58215.1	AXN58209.1
AXN58215.1	NP_049788.2
AXN58215.1	QXV76220.1
AXN58215.1	QXV84995.1
AXN58215.1	QXV75539.1
AXN58216.1	AXN58216.1
AXN58217.1	AXN58217.1
AXN58234.1	AXN58234.1
AXN58245.1	AXN58245.1
AXN58256.1	AXN58256.1
AXN58256.1	AYD82813.1
AXN58256.1	NP_049835.1
AXN58256.1	QXV75062.1
AXN58256.1	QXV75333.1
AXN58256.1	QXV75911.1
AXN58256.1	QXV76268.1
AXN58256.1	QXV76901.1
AXN58256.1	QXV78498.1
AXN58256.1	QXV78767.1
AXN58256.1	QXV79046.1
AXN58256.1	QXV82038.1
AXN58256.1	QXV83088.1
AXN58256.1	QXV83424.1
AXN58256.1	QXV84793.1
AXN58256.1	QXV85894.1
AXN58261.1	AXN58261.1
AXN58261.1	AYD82818.1
AXN58261.1	NP_049840.1
AXN58261.1	QXV75067.1
AXN58261.1	QXV75338.1
AXN58261.1	QXV75916.1
AXN58261.1	QXV76273.1
AXN58261.1	QXV76906.1
AXN58261.1	QXV78503.1
AXN58261.1	QXV78772.1
AXN58261.1	QXV79051.1
AXN58261.1	QXV82043.1
AXN58261.1	QXV83093.1
AXN58261.1	QXV83429.1
AXN58261.1	QXV84798.1
AXN58261.1	QXV85899.1
AXN58286.1	AXN58286.1
AXN58286.1	QXV75363.1
AXN58286.1	QXV75940.1
AXN58286.1	QXV76298.1
AXN58286.1	QXV76926.1
AXN58286.1	QXV79075.1
AXN58286.1	QXV82069.1
AXN58286.1	QXV83117.1
AXN58286.1	NP_049866.1
AXN58286.1	QXV78528.1
AXN58286.1	QXV78798.1
AXN58286.1	QXV84825.1
AXN58286.1	QXV75088.1
AXN58286.1	QXV85923.1
AXN58286.1	AYD82841.1
AXN58286.1	QXV83451.1
AXN58287.1	AXN58287.1
AXN58287.1	QXV75364.1
AXN58287.1	QXV78529.1
AXN58287.1	QXV78799.1
AXN58287.1	QXV82070.1
AXN58287.1	QXV83452.1
AXN58287.1	QXV85924.1
AXN58289.1	AXN58289.1
AXN58291.1	AXN58291.1
AXN58291.1	QXV75368.1
AXN58291.1	QXV76931.1
AXN58291.1	QXV75093.1
AXN58291.1	QXV76303.1
AXN58291.1	NP_049871.1
AXN58291.1	AYD82846.1
AXN58291.1	QXV82074.1
AXN58291.1	QXV84830.1
AXN58291.1	QXV83122.1
AXN58291.1	QXV75944.1
AXN58291.1	QXV78533.1
AXN58291.1	QXV83456.1
AXN58291.1	QXV78803.1
AXN58291.1	QXV79080.1
AXN58291.1	QXV85928.1
AXN58294.1	AXN58294.1
AXN58295.1	AXN58295.1
AXN58295.1	NP_049876.1
AXN58295.1	QXV76308.1
AXN58295.1	QXV76935.1
AXN58295.1	QXV78538.1
AXN58295.1	QXV78808.1
AXN58295.1	QXV79085.1
AXN58295.1	QXV82079.1
AXN58295.1	QXV83128.1
AXN58295.1	QXV83461.1
AXN58295.1	QXV84835.1
AXN58295.1	QXV85935.1
AXN58296.1	AXN58296.1
AXN58296.1	QXV78539.1
AXN58296.1	QXV85936.1
AXN58297.1	AXN58297.1
AXN58300.1	AXN58300.1
AXN58302.1	AXN58302.1
AXN58302.1	AYD82857.1
AXN58302.1	QXV75380.1
AXN58302.1	QXV75956.1
AXN58302.1	QXV78815.1
AXN58302.1	QXV79093.1
AXN58302.1	QXV83135.1
AXN58302.1	QXV83468.1
AXN58302.1	QXV84842.1
AXN58302.1	QXV85942.1
AXN58303.1	AXN58303.1
AXN58308.1	AXN58308.1
AXN58308.1	AYD82862.1
AXN58308.1	NP_049889.1
AXN58308.1	QXV75107.1
AXN58308.1	QXV75387.1
AXN58308.1	QXV75963.1
AXN58308.1	QXV76323.1
AXN58308.1	QXV76944.1
AXN58308.1	QXV78551.1
AXN58308.1	QXV78822.1
AXN58308.1	QXV79099.1
AXN58308.1	QXV82092.1
AXN58308.1	QXV83142.1
AXN58308.1	QXV83476.1
AXN58308.1	QXV84849.1
AXN58308.1	QXV85948.1
AXN58308.1	QXV81776.1
AYD82617.1	AYD82617.1
AYD82617.1	AXN58063.1
AYD82617.1	QXV75410.1
AYD82617.1	QXV76346.1
AYD82617.1	QXV75986.1
AYD82617.1	QXV83164.1
AYD82617.1	QXV79124.1
AYD82617.1	QXV78573.1
AYD82617.1	QXV83498.1
AYD82617.1	QXV84872.1
AYD82619.1	AYD82619.1
AYD82625.1	AYD82625.1
AYD82627.1	AYD82627.1
AYD82627.1	NP_049647.1
AYD82627.1	QXV82123.1
AYD82627.1	NP_417846.1
AYD82628.1	AYD82628.1
AYD82836.1	AYD82836.1
AYD82836.1	AXN58282.1
AYD82836.1	NP_049861.1
AYD82836.1	QXV75358.1
AYD82836.1	QXV75935.1
AYD82836.1	QXV76293.1
AYD82836.1	QXV78523.1
AYD82836.1	QXV78793.1
AYD82836.1	QXV79070.1
AYD82836.1	QXV82064.1
AYD82836.1	QXV83112.1
AYD82836.1	QXV83446.1
AYD82836.1	QXV84820.1
AYD82836.1	QXV85918.1
AYD82836.1	QXV75083.1
AYD82836.1	QXV76921.1
AYD82842.1	AYD82842.1
AYD82844.1	AYD82844.1
AYD82847.1	AYD82847.1
AYD82848.1	AYD82848.1
AYD82853.1	AYD82853.1
AYD82856.1	AYD82856.1
AYD82858.1	AYD82858.1
AYD82858.1	QXV75957.1
AYD82858.1	QXV78546.1
AYD82858.1	QXV78816.1
AYD82858.1	QXV83136.1
AYD82858.1	QXV84843.1
NP_040602.1	NP_040602.1
NP_040603.1	NP_040603.1
NP_040604.1	NP_040604.1
NP_040604.1	NP_416065.1
NP_040606.1	NP_040606.1
NP_040606.1	YP_007112562.1
NP_040607.1	NP_040607.1
NP_040607.1	YP_007112563.1
NP_040614.1	NP_040614.1
NP_040620.1	NP_040620.1
NP_040621.1	NP_040621.1
NP_040622.1	NP_040622.1
NP_040623.1	NP_040623.1
NP_040625.1	NP_040625.1
NP_040626.1	NP_040626.1
NP_040627.1	NP_040627.1
NP_040627.1	NP_414927.1
NP_040627.1	QXV83968.1
NP_040627.1	QXV78363.1
NP_040627.1	QXV81574.1
NP_040627.1	XPK41311.1
NP_040627.1	XPK41815.1
NP_040627.1	YP_006536.1
NP_040630.1	NP_040630.1
NP_040632.1	NP_040632.1
NP_040633.1	NP_040633.1
NP_040635.1	NP_040635.1
NP_040636.1	NP_040636.1
NP_040637.1	NP_040637.1
NP_040638.1	NP_040638.1
NP_040638.1	YP_007112594.1
NP_040643.1	NP_040643.1
NP_040646.1	NP_040646.1
NP_041955.1	NP_041955.1
NP_041956.1	NP_041956.1
NP_041957.1	NP_041957.1
NP_041961.1	NP_041961.1
NP_041961.1	QXV80638.1
NP_041961.1	XPK42538.1
NP_041965.1	NP_041965.1
NP_041968.1	NP_041968.1
NP_041972.1	NP_041972.1
NP_041972.1	QXV76818.1
NP_041972.1	QXV78415.1
NP_041972.1	QXV80649.1
NP_041972.1	QXV80874.1
NP_041972.1	XPK40414.1
NP_041972.1	XPK40873.1
NP_041972.1	XPK40925.1
NP_041972.1	XPK42548.1
NP_041972.1	NP_049755.1
NP_041972.1	AXN58178.1
NP_041972.1	AYD82745.1
NP_041972.1	QXV75261.1
NP_041972.1	QXV75535.1
NP_041972.1	QXV76116.1
NP_041972.1	QXV76467.1
NP_041972.1	QXV77098.1
NP_041972.1	QXV78693.1
NP_041972.1	QXV78974.1
NP_041972.1	QXV79250.1
NP_041972.1	QXV82238.1
NP_041972.1	QXV83288.1
NP_041972.1	QXV83630.1
NP_041972.1	QXV84991.1
NP_041972.1	QXV86099.1
NP_041976.1	NP_041976.1
NP_041978.1	NP_041978.1
NP_041979.1	NP_041979.1
NP_041979.1	QXV76822.1
NP_041979.1	QXV78419.1
NP_041979.1	QXV80653.1
NP_041979.1	QXV80877.1
NP_041979.1	XPK40417.1
NP_041979.1	XPK40928.1
NP_041979.1	XPK42552.1
NP_041983.1	NP_041983.1
NP_041983.1	QXV84384.1
NP_041984.1	NP_041984.1
NP_041989.1	NP_041989.1
NP_041991.1	NP_041991.1
NP_041993.1	NP_041993.1
NP_042007.1	NP_042007.1
NP_042008.1	NP_042008.1
NP_042011.1	NP_042011.1
NP_042012.1	NP_042012.1
NP_042013.1	NP_042013.1
NP_042013.1	QXV80631.1
NP_042013.1	QXV80856.1
NP_046757.1	NP_046757.1
NP_046759.1	NP_046759.1
NP_046761.1	NP_046761.1
NP_046761.1	NP_415732.1
NP_046762.1	NP_046762.1
NP_046763.1	NP_046763.1
NP_046763.1	XPK41239.1
NP_046764.1	NP_046764.1
NP_046764.1	XPK41272.1
NP_046766.1	NP_046766.1
NP_046767.1	NP_046767.1
NP_046769.1	NP_046769.1
NP_046770.1	NP_046770.1
NP_046773.1	NP_046773.1
NP_046773.1	XPK41229.1
NP_046774.1	NP_046774.1
NP_046774.1	XPK41230.1
NP_046774.1	NP_415671.1
NP_046777.1	NP_046777.1
NP_046780.1	NP_046780.1
NP_046781.1	NP_046781.1
NP_046781.1	XPK41236.1
NP_046788.1	NP_046788.1
NP_046789.1	NP_046789.1
NP_046790.1	NP_046790.1
NP_046791.1	NP_046791.1
NP_046792.1	NP_046792.1
NP_046793.1	NP_046793.1
NP_046793.1	NP_415324.1
NP_046794.1	NP_046794.1
NP_046795.1	NP_046795.1
NP_046797.1	NP_046797.1
NP_414679.1	NP_414679.1
NP_414679.1	NP_414678.1
NP_414679.1	NP_415067.1
NP_414679.1	NP_416836.1
NP_414679.1	NP_417611.1
NP_414679.1	NP_415462.1
NP_414679.1	NP_415063.4
NP_414679.1	NP_415463.2
NP_414679.1	NP_416021.1
NP_414679.1	NP_418738.1
NP_414679.1	NP_414680.4
NP_414679.1	NP_417515.1
NP_414679.1	NP_415247.1
NP_414679.1	NP_418735.2
NP_414679.1	NP_415458.2
NP_414679.1	NP_418734.1
NP_414679.1	NP_418739.1
NP_414679.1	NP_416020.1
NP_414679.1	NP_416614.1
NP_414679.1	NP_414683.1
NP_414679.1	NP_416841.1
NP_414679.1	NP_417686.1
NP_414679.1	NP_417681.1
NP_414679.1	NP_414827.1
NP_414679.1	NP_416713.1
NP_414679.1	NP_416837.1
NP_414679.1	NP_416838.1
NP_414684.1	NP_414684.1
NP_414686.3	NP_414686.3
NP_414686.3	NP_417843.1
NP_414687.1	NP_414687.1
NP_414690.4	NP_414690.4
NP_414690.4	NP_416969.1
NP_414697.1	NP_414697.1
NP_414697.1	NP_416801.2
NP_414697.1	NP_416890.1
NP_414697.1	NP_416109.2
NP_414697.1	NP_417560.1
NP_414697.1	NP_415986.1
NP_414697.1	NP_415741.1
NP_414697.1	NP_416269.4
NP_414697.1	NP_414609.1
NP_414697.1	NP_418239.1
NP_414697.1	NP_416894.1
NP_414697.1	NP_416666.1
NP_414697.1	NP_416669.1
NP_414697.1	NP_416749.4
NP_414697.1	NP_417564.2
NP_414697.1	NP_418776.1
NP_414697.1	NP_416947.1
NP_414697.1	NP_417985.1
NP_414697.1	NP_418501.1
NP_414697.1	NP_418123.2
NP_414697.1	NP_416743.1
NP_414697.1	NP_418122.1
NP_414697.1	NP_416283.1
NP_414697.1	NP_416289.1
NP_414697.1	NP_416342.4
NP_414697.1	NP_416581.1
NP_414697.1	NP_416868.1
NP_414697.1	NP_417171.1
NP_414697.1	NP_417691.4
NP_414697.1	NP_418210.1
NP_414697.1	NP_418310.1
NP_414697.1	NP_417255.1
NP_414697.1	NP_418129.2
NP_414697.1	NP_415363.1
NP_414697.1	NP_415571.1
NP_414697.1	NP_416113.1
NP_414697.1	NP_416687.1
NP_414697.1	NP_418757.1
NP_414697.1	YP_025306.1
NP_414697.1	NP_416893.1
NP_414697.1	NP_417082.1
NP_414697.1	NP_416488.1
NP_414697.1	NP_417980.1
NP_414697.1	NP_418535.1
NP_414697.1	YP_009518786.1
NP_414697.1	NP_417269.1
NP_414697.1	NP_417596.1
NP_414697.1	NP_416251.1
NP_414697.1	YP_009518825.1
NP_414697.1	NP_417281.1
NP_414697.1	NP_414961.4
NP_414697.1	NP_415418.1
NP_414697.1	NP_415583.4
NP_414697.1	NP_416675.1
NP_414697.1	NP_418003.1
NP_414697.1	NP_418115.1
NP_414697.1	NP_415012.1
NP_414697.1	NP_414875.1
NP_414697.1	NP_414887.2
NP_414697.1	NP_415123.1
NP_414697.1	NP_415366.1
NP_414697.1	NP_416825.1
NP_414697.1	NP_417930.2
NP_414697.1	NP_418752.1
NP_414697.1	NP_416045.1
NP_414697.1	NP_414930.3
NP_414697.1	NP_416051.1
NP_414697.1	NP_416174.1
NP_414697.1	NP_416305.1
NP_414697.1	NP_417312.1
NP_414697.1	NP_418118.2
NP_414697.1	YP_025293.1
NP_414697.1	NP_416133.1
NP_414697.1	NP_414804.1
NP_414697.1	NP_418114.4
NP_414697.1	NP_418313.4
NP_414697.1	NP_418544.2
NP_414697.1	YP_026275.1
NP_414697.1	NP_417031.1
NP_414697.1	NP_416206.6
NP_414697.1	NP_417950.1
NP_414697.1	NP_417461.1
NP_414697.1	NP_418166.1
NP_414697.1	NP_416205.1
NP_414697.1	NP_417823.1
NP_414697.1	NP_418699.4
NP_414697.1	NP_415237.1
NP_414697.1	NP_416151.1
NP_414697.1	NP_417953.1
NP_414697.1	NP_418554.1
NP_414697.1	NP_414877.1
NP_414697.1	NP_417439.4
NP_414697.1	NP_414967.1
NP_414697.1	NP_416601.1
NP_414697.1	NP_416901.1
NP_414697.1	NP_418146.4
NP_414697.1	NP_417251.2
NP_414697.1	NP_415261.2
NP_414697.1	NP_415497.1
NP_414697.1	NP_418444.1
NP_414700.1	NP_414700.1
NP_414700.1	NP_414694.1
NP_414700.1	NP_415124.1
NP_414700.1	NP_418710.4
NP_414700.1	NP_416371.4
NP_414700.1	NP_417830.4
NP_414700.1	NP_418755.4
NP_414700.1	NP_418617.1
NP_414700.1	NP_418038.1
NP_414700.1	NP_415797.1
NP_414700.1	NP_417690.1
NP_414700.1	NP_417845.1
NP_414700.1	NP_418509.1
NP_414700.1	YP_026238.1
NP_414700.1	NP_418721.1
NP_414700.1	NP_414676.1
NP_414700.1	NP_416287.1
NP_414700.1	NP_418354.1
NP_414700.1	NP_418798.1
NP_414700.1	NP_415149.4
NP_414700.1	NP_417628.2
NP_414700.1	NP_418381.1
NP_414700.1	NP_415346.4
NP_414700.1	YP_025309.2
NP_414702.1	NP_414702.1
NP_414704.4	NP_414704.4
NP_414705.1	NP_414705.1
NP_414708.1	NP_414708.1
NP_414709.1	NP_414709.1
NP_414710.1	NP_414710.1
NP_414711.1	NP_414711.1
NP_414712.1	NP_414712.1
NP_414713.1	NP_414713.1
NP_414714.1	NP_414714.1
NP_414716.1	NP_414716.1
NP_414716.1	NP_418723.1
NP_414718.1	NP_414718.1
NP_414719.1	NP_414719.1
NP_414720.1	NP_414720.1
NP_414721.1	NP_414721.1
NP_414723.1	NP_414723.1
NP_414728.1	NP_414728.1
NP_414728.1	NP_418555.1
NP_414728.1	NP_417440.4
NP_414728.1	NP_415220.1
NP_414728.1	NP_418541.2
NP_414729.4	NP_414729.4
NP_414729.4	NP_416168.1
NP_414729.4	NP_418531.1
NP_414731.2	NP_414731.2
NP_414731.2	NP_418593.1
NP_414732.1	NP_414732.1
NP_414733.1	NP_414733.1
NP_414735.4	NP_414735.4
NP_414736.1	NP_414736.1
NP_414737.1	NP_414737.1
NP_414738.1	NP_414738.1
NP_414739.1	NP_414739.1
NP_414739.1	NP_418117.1
NP_414747.1	NP_414747.1
NP_414755.1	NP_414755.1
NP_414756.2	NP_414756.2
NP_414757.1	NP_414757.1
NP_414757.1	NP_417618.1
NP_414757.1	QXV76992.1
NP_414757.1	QXV75158.1
NP_414758.1	NP_414758.1
NP_414759.1	NP_414759.1
NP_414760.1	NP_414760.1
NP_414760.1	YP_588458.1
NP_414762.1	NP_414762.1
NP_414763.1	NP_414763.1
NP_414766.1	NP_414766.1
NP_414766.1	NP_415702.1
NP_414767.1	NP_414767.1
NP_414768.1	NP_414768.1
NP_414774.1	NP_414774.1
NP_414774.1	NP_416625.1
NP_414774.1	YP_950503.1
NP_414774.1	QXV75823.1
NP_414774.1	XPK42844.1
NP_414777.1	NP_414777.1
NP_414779.1	NP_414779.1
NP_414782.1	NP_414782.1
NP_414783.1	NP_414783.1
NP_416396.1	NP_416396.1
NP_416397.1	NP_416397.1
NP_416397.1	NP_416331.1
NP_416397.1	NP_417010.1
NP_416397.1	NP_415257.1
NP_416397.1	NP_417249.4
NP_416397.1	NP_414584.1
NP_416397.1	NP_416213.1
NP_416397.1	NP_417401.1
NP_416397.1	QXV75053.1
NP_416397.1	QXV76892.1
NP_416397.1	NP_416219.1
NP_416397.1	NP_415275.1
NP_416397.1	NP_417092.1
NP_416397.1	NP_418425.1
NP_416397.1	QXV83783.1
NP_416397.1	QXV78175.1
NP_416397.1	QXV81392.1
NP_416397.1	QXV78176.1
NP_416397.1	QXV81393.1
NP_416397.1	QXV83784.1
NP_416401.1	NP_416401.1
NP_416402.2	NP_416402.2
NP_416402.2	YP_010283911.1
NP_416403.1	NP_416403.1
NP_416405.1	NP_416405.1
NP_416406.4	NP_416406.4
NP_416411.1	NP_416411.1
NP_416411.1	NP_415287.1
NP_416411.1	NP_414980.2
NP_416411.1	NP_415365.4
NP_416411.1	NP_415343.1
NP_416411.1	YP_026267.1
NP_416411.1	NP_416464.1
NP_416411.1	NP_418152.1
NP_416416.2	NP_416416.2
NP_416418.1	NP_416418.1
NP_416418.1	NP_416415.1
NP_416418.1	NP_415333.1
NP_416418.1	XPK43098.1
NP_416418.1	XPK40215.1
NP_416418.1	XPK40323.1
NP_416418.1	XPK41599.1
NP_416418.1	XPK41884.1
NP_416418.1	XPK42007.1
NP_416418.1	XPK42274.1
NP_416418.1	XPK42720.1
NP_416418.1	XPK43303.1
NP_416418.1	NP_415774.1
NP_416418.1	NP_417795.1
NP_416418.1	NP_415773.1
NP_416419.1	NP_416419.1
NP_416425.1	NP_416425.1
NP_416426.1	NP_416426.1
NP_416429.4	NP_416429.4
NP_416429.4	NP_414570.1
NP_416429.4	NP_416909.1
NP_416429.4	NP_415777.1
NP_416429.4	NP_416916.1
NP_416429.4	NP_417587.1
NP_416429.4	NP_417314.1
NP_416429.4	NP_416656.1
NP_416429.4	NP_417194.2
NP_416429.4	NP_418369.1
NP_416429.4	NP_415836.1
NP_416429.4	NP_416137.1
NP_416429.4	NP_416175.1
NP_416429.4	NP_418209.1
NP_416429.4	NP_418662.1
NP_416429.4	NP_418685.1
NP_416429.4	NP_414622.1
NP_416429.4	NP_414879.3
NP_416429.4	YP_026222.1
NP_416431.2	NP_416431.2
NP_416432.3	NP_416432.3
NP_416432.3	NP_417918.1
NP_416432.3	NP_417221.1
NP_416435.1	NP_416435.1
NP_416436.1	NP_416436.1
NP_416437.1	NP_416437.1
NP_416437.1	NP_415825.4
NP_416438.1	NP_416438.1
NP_416447.1	NP_416447.1
NP_416449.1	NP_416449.1
NP_416450.2	NP_416450.2
NP_416451.1	NP_416451.1
NP_416451.1	NP_418188.1
NP_416451.1	NP_418190.1
NP_416451.1	NP_418230.1
NP_416452.1	NP_416452.1
NP_416453.1	NP_416453.1
NP_416454.1	NP_416454.1
NP_416455.1	NP_416455.1
NP_416456.1	NP_416456.1
NP_416457.4	NP_416457.4
NP_416459.1	NP_416459.1
NP_416460.1	NP_416460.1
NP_416463.4	NP_416463.4
NP_416465.2	NP_416465.2
NP_416465.2	NP_416299.1
NP_416465.2	NP_415544.1
NP_416465.2	NP_416300.2
NP_416469.1	NP_416469.1
NP_416470.1	NP_416470.1
NP_416471.1	NP_416471.1
NP_416472.3	NP_416472.3
NP_416476.1	NP_416476.1
NP_416479.1	NP_416479.1
NP_416480.1	NP_416480.1
NP_416481.1	NP_416481.1
NP_416482.1	NP_416482.1
NP_416483.4	NP_416483.4
NP_416483.4	NP_415575.1
NP_416483.4	NP_415935.2
NP_416484.2	NP_416484.2
NP_416489.1	NP_416489.1
NP_416490.1	NP_416490.1
NP_416490.1	NP_416378.1
NP_416494.1	NP_416494.1
NP_416494.1	NP_415340.1
NP_416494.1	NP_415631.1
NP_416494.1	NP_416193.1
NP_416495.1	NP_416495.1
NP_416496.1	NP_416496.1
NP_416496.1	NP_414717.2
NP_416496.1	NP_415927.1
NP_416497.1	NP_416497.1
NP_416505.2	NP_416505.2
NP_416506.1	NP_416506.1
NP_416506.1	NP_414781.1
NP_416506.1	NP_417131.1
NP_416508.1	NP_416508.1
NP_416512.1	NP_416512.1
NP_416729.1	NP_416729.1
NP_416730.1	NP_416730.1
NP_416733.4	NP_416733.4
NP_416739.1	NP_416739.1
NP_416742.1	NP_416742.1
NP_416745.1	NP_416745.1
NP_416746.1	NP_416746.1
NP_416746.1	YP_026190.1
NP_416752.1	NP_416752.1
NP_416752.1	NP_418096.4
NP_416755.1	NP_416755.1
NP_416758.1	NP_416758.1
NP_416762.2	NP_416762.2
NP_416764.1	NP_416764.1
NP_416764.1	NP_415841.4
NP_416765.1	NP_416765.1
NP_416765.1	NP_414578.2
NP_416765.1	NP_415911.1
NP_416765.1	NP_415912.1
NP_416765.1	NP_417394.4
NP_416769.1	NP_416769.1
NP_416772.1	NP_416772.1
NP_416772.1	NP_417091.1
NP_416773.1	NP_416773.1
NP_416775.1	NP_416775.1
NP_416776.1	NP_416776.1
NP_416777.2	NP_416777.2
NP_416778.2	NP_416778.2
NP_416782.1	NP_416782.1
NP_416783.1	NP_416783.1
NP_416784.1	NP_416784.1
NP_416786.4	NP_416786.4
NP_416787.1	NP_416787.1
NP_416788.1	NP_416788.1
NP_416789.2	NP_416789.2
NP_416789.2	NP_416982.1
NP_416789.2	NP_417201.1
NP_416790.1	NP_416790.1
NP_416791.3	NP_416791.3
NP_416794.1	NP_416794.1
NP_416796.2	NP_416796.2
NP_416796.2	NP_417175.1
NP_416796.2	NP_418171.1
NP_416796.2	NP_417844.1
NP_416796.2	NP_418257.1
NP_416796.2	NP_416241.1
NP_416796.2	NP_414742.1
NP_416796.2	NP_415833.1
NP_416796.2	NP_418321.4
NP_416796.2	QXV78199.1
NP_416796.2	QXV81416.1
NP_416796.2	QXV83807.1
NP_416796.2	NP_415201.1
NP_416796.2	NP_417055.4
NP_416796.2	NP_417858.4
NP_416797.2	NP_416797.2
NP_416798.1	NP_416798.1
NP_416802.1	NP_416802.1
NP_416802.1	NP_417365.1
NP_416802.1	NP_417506.1
NP_416802.1	NP_416962.1
NP_416802.1	NP_417856.1
NP_416806.1	NP_416806.1
NP_416806.1	NP_417530.2
NP_416814.1	NP_416814.1
NP_416814.1	NP_415172.1
NP_416816.1	NP_416816.1
NP_416817.2	NP_416817.2
NP_416819.1	NP_416819.1
NP_416821.1	NP_416821.1
NP_416821.1	NP_414600.1
NP_416821.1	NP_417271.1
NP_416821.1	NP_415653.4
NP_416821.1	NP_416688.1
NP_416822.1	NP_416822.1
NP_416822.1	NP_414885.1
NP_416822.1	NP_416293.1
NP_416822.1	NP_417402.1
NP_416822.1	NP_417891.1
NP_416822.1	NP_418393.1
NP_416822.1	NP_414637.1
NP_416823.1	NP_416823.1
NP_416824.1	NP_416824.1
NP_416827.4	NP_416827.4
NP_416828.1	NP_416828.1
NP_416829.1	NP_416829.1
QXV80308.1	QXV80308.1
QXV80315.1	QXV80315.1
QXV80316.1	QXV80316.1
QXV80318.1	QXV80318.1
QXV80319.1	QXV80319.1
QXV80326.1	QXV80326.1
QXV80328.1	QXV80328.1
QXV80330.1	QXV80330.1
QXV80331.1	QXV80331.1
QXV80331.1	QXV79761.1
QXV80332.1	QXV80332.1
QXV80333.1	QXV80333.1
QXV80334.1	QXV80334.1
QXV80334.1	QXV84712.1
QXV80334.1	QXV85398.1
QXV80338.1	QXV80338.1
QXV80338.1	QXV84716.1
QXV80340.1	QXV80340.1
QXV80346.1	QXV80346.1
QXV80346.1	QXV76612.1
QXV80346.1	QXV75596.1
QXV80346.1	QXV77513.1
QXV80346.1	QXV77739.1
QXV80346.1	QXV77948.1
QXV80346.1	QXV79832.1
QXV80346.1	QXV80946.1
QXV80346.1	QXV81169.1
QXV80346.1	QXV82567.1
QXV80346.1	QXV82786.1
QXV80346.1	QXV84125.1
QXV80346.1	QXV85556.1
QXV80348.1	QXV80348.1
QXV80348.1	QXV80175.1
QXV80350.1	QXV80350.1
QXV80351.1	QXV80351.1
QXV80353.1	QXV80353.1
QXV80353.1	QXV77375.1
QXV80353.1	YP_006985.1
QXV80353.1	QXV79786.1
QXV80353.1	QXV84460.1
QXV80353.1	QXV80535.1
QXV80353.1	QXV85240.1
QXV80353.1	QXV76141.1
QXV80353.1	QXV80181.1
QXV80353.1	QXV85422.1
QXV80353.1	QXV84736.1
QXV80374.1	QXV80374.1
QXV80374.1	QXV85446.1
QXV80383.1	QXV80383.1
QXV80398.1	QXV80398.1
QXV80398.1	QXV77251.1
QXV80398.1	QXV79651.1
QXV80398.1	QXV80059.1
QXV80398.1	QXV80226.1
QXV80398.1	QXV84350.1
QXV80398.1	QXV84600.1
QXV80398.1	QXV85114.1
QXV80398.1	QXV85286.1
QXV80398.1	YP_006939.1
QXV82408.1	QXV82408.1
QXV82410.1	QXV82410.1
QXV82410.1	QXV84528.1
QXV82410.1	QXV85811.1
QXV82414.1	QXV82414.1
QXV82415.1	QXV82415.1
QXV82417.1	QXV82417.1
QXV82418.1	QXV82418.1
QXV82419.1	QXV82419.1
QXV82420.1	QXV82420.1
QXV82422.1	QXV82422.1
QXV82425.1	QXV82425.1
QXV82436.1	QXV82436.1
QXV82437.1	QXV82437.1
QXV82444.1	QXV82444.1
QXV82444.1	QXV76489.1
QXV82444.1	QXV83652.1
QXV82444.1	QXV84006.1
QXV82444.1	QXV79364.1
QXV82469.1	QXV82469.1
QXV82469.1	QXV76514.1
QXV82469.1	QXV79390.1
QXV82469.1	QXV84033.1
QXV82469.1	NP_416689.1
QXV82469.1	QXV76173.1
QXV82469.1	QXV80803.1
QXV82469.1	QXV81868.1
QXV82469.1	QXV77409.1
QXV82469.1	QXV79305.1
QXV82469.1	QXV77152.1
QXV82469.1	QXV80569.1
QXV82469.1	QXV81637.1
QXV82469.1	QXV83681.1
QXV82469.1	QXV82293.1
QXV82469.1	QXV80714.1
QXV82469.1	QXV85468.1
QXV82469.1	QXV79563.1
QXV82469.1	QXV82392.1
QXV82469.1	QXV84510.1
QXV82469.1	QXV85791.1
QXV82469.1	XPK43536.1
QXV82469.1	XPK40595.1
QXV82469.1	XPK40688.1
QXV82469.1	XPK43018.1
QXV82469.1	XPK43441.1
QXV82471.1	QXV82471.1
QXV82471.1	QXV76517.1
QXV82471.1	QXV83683.1
QXV82471.1	QXV80572.1
QXV82471.1	QXV81639.1
QXV82471.1	QXV84035.1
QXV82471.1	QXV77412.1
QXV82471.1	QXV79392.1
QXV82471.1	QXV80716.1
QXV82471.1	QXV82295.1
QXV82472.1	QXV82472.1
QXV82473.1	QXV82473.1
QXV82474.1	QXV82474.1
QXV82477.1	QXV82477.1
QXV82477.1	QXV77417.1
QXV82477.1	QXV76525.1
QXV82477.1	QXV79397.1
QXV82477.1	QXV80721.1
QXV82477.1	QXV82300.1
QXV82477.1	QXV84040.1
QXV82477.1	QXV80815.1
QXV82477.1	QXV81646.1
QXV82477.1	QXV81879.1
QXV82477.1	QXV76184.1
QXV82477.1	QXV83689.1
QXV82477.1	QXV80579.1
QXV82479.1	QXV82479.1
QXV82480.1	QXV82480.1
QXV82480.1	QXV84043.1
QXV82480.1	QXV79400.1
QXV82480.1	QXV83692.1
QXV82483.1	QXV82483.1
QXV82486.1	QXV82486.1
QXV82486.1	QXV76533.1
QXV82488.1	QXV82488.1
QXV82490.1	QXV82490.1
QXV82491.1	QXV82491.1
QXV82493.1	QXV82493.1
QXV82493.1	QXV76543.1
QXV82496.1	QXV82496.1
QXV82498.1	QXV82498.1
QXV82499.1	QXV82499.1
QXV82500.1	QXV82500.1
QXV82501.1	QXV82501.1
QXV82503.1	QXV82503.1
QXV82504.1	QXV82504.1
QXV82505.1	QXV82505.1
QXV82507.1	QXV82507.1
QXV82508.1	QXV82508.1
QXV82509.1	QXV82509.1
QXV82512.1	QXV82512.1
QXV82514.1	QXV82514.1
QXV82515.1	QXV82515.1
QXV82518.1	QXV82518.1
QXV82518.1	QXV80623.1
QXV82518.1	QXV81689.1
QXV82518.1	QXV76564.1
QXV82518.1	QXV77464.1
QXV82520.1	QXV82520.1
QXV82520.1	QXV76566.1
QXV82522.1	QXV82522.1
QXV82527.1	QXV82527.1
QXV82527.1	QXV82747.1
QXV82527.1	QXV77908.1
QXV82527.1	QXV77473.1
QXV82527.1	QXV75557.1
QXV82527.1	QXV76572.1
QXV82527.1	QXV80906.1
QXV82527.1	QXV81129.1
QXV82527.1	QXV85517.1
QXV82538.1	QXV82538.1
QXV82546.1	QXV82546.1
QXV82546.1	QXV77492.1
QXV82546.1	QXV77719.1
QXV82546.1	QXV82766.1
QXV82546.1	QXV84104.1
QXV82546.1	QXV81371.1
QXV82546.1	QXV78154.1
QXV82546.1	QXV83760.1
QXV82546.1	QXV85536.1
QXV82546.1	QXV75576.1
QXV82546.1	QXV76591.1
QXV82546.1	QXV77927.1
QXV82546.1	QXV79812.1
QXV82546.1	QXV80925.1
QXV82546.1	QXV81148.1
QXV82563.1	QXV82563.1
QXV82563.1	QXV77509.1
QXV82563.1	QXV81165.1
QXV82563.1	QXV84121.1
QXV82572.1	QXV82572.1
QXV82572.1	QXV77953.1
QXV82572.1	QXV80951.1
QXV82572.1	QXV81174.1
QXV82572.1	QXV82791.1
QXV82572.1	QXV84130.1
QXV82572.1	QXV75601.1
QXV82572.1	QXV76617.1
QXV82572.1	QXV79837.1
QXV82572.1	QXV77518.1
QXV82572.1	QXV85561.1
QXV82572.1	QXV77744.1
QXV82581.1	QXV82581.1
QXV82582.1	QXV82582.1
QXV82605.1	QXV82605.1
QXV82605.1	QXV84164.1
QXV82605.1	QXV79872.1
QXV82605.1	QXV82824.1
QXV82605.1	QXV75634.1
QXV82605.1	QXV85597.1
QXV82605.1	QXV77777.1
QXV82605.1	QXV80984.1
QXV82605.1	QXV77552.1
QXV82605.1	QXV81207.1
QXV82605.1	QXV76651.1
QXV82605.1	QXV82517.1
QXV82605.1	QXV76563.1
QXV82605.1	QXV77989.1
QXV82606.1	QXV82606.1
NP_418044.1	NP_418044.1
NP_418044.1	NP_418055.1
NP_418047.1	NP_418047.1
NP_418049.1	NP_418049.1
NP_418049.1	NP_415359.4
NP_418049.1	NP_415582.1
NP_418049.1	NP_416804.1
NP_418049.1	NP_417696.1
NP_418049.1	NP_415971.1
NP_418049.1	NP_416152.1
NP_418049.1	NP_416805.1
NP_418050.1	NP_418050.1
NP_418050.1	NP_415229.1
NP_418050.1	YP_026224.1
NP_418050.1	NP_415030.1
NP_418051.1	NP_418051.1
NP_418056.1	NP_418056.1
NP_418056.1	NP_418333.1
NP_418058.1	NP_418058.1
NP_418059.1	NP_418059.1
NP_418064.1	NP_418064.1
NP_418066.1	NP_418066.1
NP_418068.1	NP_418068.1
NP_418069.1	NP_418069.1
NP_418070.6	NP_418070.6
NP_418081.1	NP_418081.1
NP_418084.1	NP_418084.1
NP_418084.1	NP_418083.1
NP_418091.1	NP_418091.1
NP_418091.1	NP_414898.4
NP_418093.1	NP_418093.1
NP_418094.1	NP_418094.1
NP_418095.4	NP_418095.4
NP_418101.1	NP_418101.1
NP_418101.1	QXV75205.1
NP_418101.1	QXV77039.1
NP_418101.1	NP_049709.1
NP_418101.1	AXN58134.1
NP_418101.1	AYD82693.1
NP_418101.1	QXV75485.1
NP_418101.1	QXV76064.1
NP_418101.1	QXV76419.1
NP_418101.1	QXV78647.1
NP_418101.1	QXV78923.1
NP_418101.1	QXV82187.1
NP_418101.1	QXV83239.1
NP_418101.1	QXV83576.1
NP_418101.1	QXV84946.1
NP_418101.1	QXV86048.1
NP_418102.2	NP_418102.2
NP_418103.4	NP_418103.4
NP_418103.4	NP_414699.1
NP_418104.2	NP_418104.2
NP_418104.2	NP_416906.1
NP_418106.1	NP_418106.1
NP_418109.1	NP_418109.1
NP_418109.1	NP_417645.1
NP_418112.1	NP_418112.1
NP_418112.1	NP_416568.1
NP_418112.1	NP_417981.2
NP_418119.2	NP_418119.2
NP_418121.1	NP_418121.1
NP_418128.1	NP_418128.1
NP_418130.1	NP_418130.1
NP_418131.1	NP_418131.1
NP_418132.1	NP_418132.1
NP_418133.1	NP_418133.1
NP_418140.4	NP_418140.4
NP_418140.4	NP_415368.1
NP_418142.1	NP_418142.1
NP_418142.1	NP_418141.2
NP_418143.2	NP_418143.2
QXV79607.1	QXV79607.1
QXV79620.1	QXV79620.1
QXV79620.1	QXV77219.1
QXV79620.1	QXV80027.1
QXV79620.1	QXV80195.1
QXV79620.1	QXV80366.1
QXV79620.1	QXV84318.1
QXV79620.1	QXV84569.1
QXV79620.1	QXV85083.1
QXV79620.1	QXV85255.1
QXV79620.1	YP_006971.1
QXV79620.1	XPK41664.1
QXV79620.1	QXV79464.1
QXV79620.1	QXV81932.1
QXV79620.1	QXV82982.1
QXV79620.1	QXV83319.1
QXV79620.1	QXV85023.1
QXV79620.1	XPK41051.1
QXV79620.1	XPK42889.1
QXV79620.1	XPK41761.1
QXV79620.1	QXV79526.1
QXV79620.1	QXV82356.1
QXV79620.1	QXV84474.1
QXV79620.1	QXV85436.1
QXV79620.1	QXV85754.1
QXV79620.1	XPK40979.1
QXV79620.1	XPK40468.1
QXV79620.1	XPK42100.1
QXV79620.1	XPK42468.1
QXV79620.1	XPK42602.1
QXV79620.1	XPK43189.1
QXV79620.1	XPK43688.1
QXV79620.1	QXV79278.1
QXV79620.1	QXV77126.1
QXV79627.1	QXV79627.1
QXV79627.1	QXV79286.1
QXV79627.1	QXV84576.1
QXV79627.1	QXV85090.1
QXV79627.1	QXV77226.1
QXV79636.1	QXV79636.1
QXV79649.1	QXV79649.1
QXV79649.1	QXV77249.1
QXV79649.1	QXV80057.1
QXV79649.1	QXV80224.1
QXV79649.1	QXV80396.1
QXV79649.1	QXV84348.1
QXV79649.1	QXV84598.1
QXV79649.1	QXV85112.1
QXV79649.1	QXV85284.1
QXV79649.1	YP_006941.1
QXV79649.1	QXV79774.1
QXV79649.1	QXV77363.1
QXV79649.1	QXV80168.1
QXV79649.1	QXV80342.1
QXV79649.1	QXV80523.1
QXV79649.1	QXV84447.1
QXV79649.1	QXV84723.1
QXV79649.1	QXV85230.1
QXV79649.1	QXV85410.1
QXV79649.1	YP_006834.1
QXV79653.1	QXV79653.1
QXV79653.1	QXV77256.1
QXV79653.1	QXV80061.1
QXV79653.1	QXV80229.1
QXV79653.1	QXV80400.1
QXV79653.1	QXV84352.1
QXV79653.1	QXV84603.1
QXV79653.1	QXV85116.1
QXV79653.1	QXV85288.1
QXV79653.1	YP_006936.1
QXV79658.1	QXV79658.1
QXV79673.1	QXV79673.1
QXV79675.1	QXV79675.1
QXV79676.1	QXV79676.1
QXV79678.1	QXV79678.1
QXV79683.1	QXV79683.1
QXV79683.1	QXV77286.1
QXV79683.1	QXV80090.1
QXV79683.1	QXV80257.1
QXV79683.1	QXV80432.1
QXV79683.1	QXV84380.1
QXV79683.1	QXV84634.1
QXV79683.1	QXV85149.1
QXV79683.1	QXV85320.1
QXV79683.1	QXV83814.1
QXV79683.1	QXV78206.1
QXV79683.1	QXV81423.1
QXV79683.1	YP_006909.1
QXV79684.1	QXV79684.1
QXV79685.1	QXV79685.1
QXV79689.1	QXV79689.1
QXV79695.1	QXV79695.1
QXV79695.1	QXV80097.1
QXV79695.1	QXV80445.1
QXV79695.1	QXV84642.1
QXV79695.1	QXV85163.1
QXV79695.1	QXV85328.1
QXV79710.1	QXV79710.1
QXV79711.1	QXV79711.1
QXV79715.1	QXV79715.1
QXV79715.1	QXV77307.1
QXV79715.1	QXV80114.1
QXV79715.1	QXV80284.1
QXV79715.1	QXV80465.1
QXV79715.1	QXV84660.1
QXV79715.1	QXV85177.1
QXV79715.1	QXV85349.1
QXV79715.1	YP_006886.1
QXV79716.1	QXV79716.1
QXV79718.1	QXV79718.1
QXV79719.1	QXV79719.1
QXV79729.1	QXV79729.1
QXV79730.1	QXV79730.1
QXV79730.1	QXV77319.1
QXV79741.1	QXV79741.1
QXV79741.1	QXV77331.1
QXV79741.1	QXV80489.1
QXV79741.1	QXV84685.1
QXV79744.1	QXV79744.1
QXV79747.1	QXV79747.1
QXV79751.1	QXV79751.1
QXV79752.1	QXV79752.1
QXV79757.1	QXV79757.1
QXV79759.1	QXV79759.1
QXV79760.1	QXV79760.1
QXV79762.1	QXV79762.1
QXV79763.1	QXV79763.1
QXV79765.1	QXV79765.1
QXV79765.1	QXV80335.1
QXV79766.1	QXV79766.1
QXV79769.1	QXV79769.1
QXV79769.1	QXV77358.1
QXV79771.1	QXV79771.1
QXV79772.1	QXV79772.1
QXV79777.1	QXV79777.1
QXV79780.1	QXV79780.1
QXV79782.1	QXV79782.1
QXV79783.1	QXV79783.1
QXV79787.1	QXV79787.1
QXV79804.1	QXV79804.1
YP_006537.1	YP_006537.1
YP_006538.1	YP_006538.1
YP_006539.1	YP_006539.1
YP_006540.1	YP_006540.1
YP_006541.1	YP_006541.1
YP_006542.1	YP_006542.1
YP_006545.1	YP_006545.1
YP_006545.1	QXV81368.1
YP_006545.1	QXV78151.1
YP_006545.1	QXV83757.1
YP_006545.1	NP_046771.1
YP_006545.1	XPK41227.1
YP_006545.1	QXV80922.1
YP_006545.1	QXV75573.1
YP_006545.1	QXV76588.1
YP_006545.1	QXV77489.1
YP_006545.1	QXV77716.1
YP_006545.1	QXV77924.1
YP_006545.1	QXV79809.1
YP_006545.1	QXV81145.1
YP_006545.1	QXV82543.1
YP_006545.1	QXV82763.1
YP_006545.1	QXV84101.1
YP_006545.1	QXV85533.1
YP_006545.1	QXV81712.1
YP_006545.1	XPK42356.1
YP_006545.1	XPK41133.1
YP_006545.1	XPK41394.1
YP_006545.1	XPK43580.1
YP_006547.1	YP_006547.1
YP_006548.1	YP_006548.1
YP_006549.1	YP_006549.1
YP_006550.1	YP_006550.1
YP_006551.1	YP_006551.1
YP_006552.1	YP_006552.1
YP_006553.1	YP_006553.1
YP_006555.1	YP_006555.1
YP_006555.1	YP_006554.1
YP_006557.1	YP_006557.1
YP_006558.1	YP_006558.1
YP_006559.1	YP_006559.1
YP_006561.1	YP_006561.1
YP_006562.1	YP_006562.1
YP_006563.1	YP_006563.1
YP_006564.1	YP_006564.1
YP_006565.1	YP_006565.1
YP_006566.1	YP_006566.1
YP_006567.1	YP_006567.1
YP_006568.1	YP_006568.1
YP_006569.1	YP_006569.1
YP_006569.1	NP_415701.1
YP_006570.1	YP_006570.1
YP_006570.1	NP_416521.2
YP_006571.1	YP_006571.1
YP_006572.1	YP_006572.1
YP_006574.1	YP_006574.1
YP_006575.1	YP_006575.1
YP_006577.1	YP_006577.1
YP_006578.1	YP_006578.1
YP_006579.1	YP_006579.1
YP_006580.1	YP_006580.1
YP_006836.1	YP_006836.1
YP_006837.1	YP_006837.1
YP_006839.1	YP_006839.1
YP_006839.1	QXV79770.1
YP_006839.1	QXV80165.1
YP_006839.1	QXV80519.1
YP_006839.1	QXV84443.1
YP_006839.1	QXV77359.1
YP_006839.1	QXV84719.1
YP_006839.1	QXV85226.1
YP_006839.1	QXV85405.1
YP_006841.1	YP_006841.1
YP_006844.1	YP_006844.1
YP_006845.1	YP_006845.1
YP_006846.1	YP_006846.1
YP_006847.1	YP_006847.1
YP_006847.1	QXV80507.1
YP_006847.1	QXV79758.1
YP_006847.1	QXV84706.1
YP_006847.1	QXV80154.1
YP_006847.1	QXV84433.1
YP_006847.1	QXV85392.1
YP_006847.1	QXV77348.1
YP_006847.1	QXV85217.1
YP_006847.1	QXV80327.1
YP_006848.1	YP_006848.1
YP_006849.1	YP_006849.1
YP_006849.1	QXV80325.1
YP_006854.1	YP_006854.1
YP_006854.1	QXV80320.1
YP_006854.1	QXV84428.1
YP_006855.1	YP_006855.1
YP_006859.1	YP_006859.1
YP_006860.1	YP_006860.1
YP_006872.1	YP_006872.1
YP_006872.1	QXV85192.1
YP_006872.1	QXV77320.1
YP_006872.1	QXV79731.1
YP_006872.1	QXV80479.1
YP_006872.1	QXV84406.1
YP_006872.1	QXV80127.1
YP_006872.1	QXV84676.1
YP_006872.1	QXV85365.1
YP_006872.1	QXV80299.1
YP_006873.1	YP_006873.1
YP_006873.1	QXV80478.1
YP_006882.1	YP_006882.1
YP_006882.1	QXV77311.1
YP_006882.1	QXV80289.1
YP_006883.1	YP_006883.1
YP_006885.1	YP_006885.1
YP_006891.1	YP_006891.1
YP_006894.1	YP_006894.1
YP_006894.1	QXV80276.1
YP_006895.1	YP_006895.1
YP_006895.1	QXV77298.1
YP_006895.1	QXV80105.1
YP_006895.1	QXV80275.1
YP_006897.1	YP_006897.1
YP_006897.1	QXV77296.1
YP_006897.1	QXV79700.1
YP_006897.1	QXV85344.1
YP_006897.1	QXV80278.1
YP_006897.1	QXV80458.1
YP_006897.1	QXV85249.1
YP_006897.1	QXV84312.1
YP_006898.1	YP_006898.1
YP_006901.1	YP_006901.1
YP_006902.1	YP_006902.1
YP_006902.1	QXV77292.1
YP_006902.1	QXV80099.1
YP_006902.1	QXV80268.1
YP_006902.1	QXV84385.1
YP_006903.1	YP_006903.1
YP_006904.1	YP_006904.1
YP_006904.1	QXV77290.1
YP_006904.1	QXV80095.1
YP_006904.1	QXV80265.1
YP_006905.1	YP_006905.1
YP_006906.1	YP_006906.1
YP_006906.1	QXV80263.1
YP_006907.1	YP_006907.1
YP_006910.1	YP_006910.1
YP_006910.1	QXV80089.1
YP_006910.1	QXV84633.1
YP_006910.1	QXV80256.1
YP_006910.1	QXV84379.1
YP_006910.1	QXV85319.1
YP_006910.1	QXV79682.1
YP_006910.1	QXV77285.1
YP_006910.1	QXV80431.1
YP_006910.1	QXV85148.1
YP_006914.1	YP_006914.1
YP_006916.1	YP_006916.1
YP_006917.1	YP_006917.1
YP_006917.1	QXV77277.1
YP_006917.1	QXV79674.1
YP_006917.1	QXV84625.1
YP_006917.1	QXV80423.1
YP_006917.1	QXV85139.1
YP_006917.1	QXV84371.1
YP_006917.1	QXV80082.1
YP_006917.1	QXV85311.1
YP_006917.1	QXV80248.1
YP_006925.1	YP_006925.1
YP_006928.1	YP_006928.1
YP_006928.1	QXV80069.1
YP_006931.1	YP_006931.1
YP_006938.1	YP_006938.1
YP_006938.1	QXV80060.1
YP_006938.1	QXV84351.1
YP_006949.1	YP_006949.1
YP_006949.1	QXV77240.1
YP_006949.1	QXV79641.1
YP_006949.1	QXV80048.1
YP_006949.1	QXV80216.1
YP_006949.1	QXV80388.1
YP_006949.1	QXV84339.1
YP_006949.1	QXV84590.1
YP_006949.1	QXV85104.1
YP_006949.1	QXV85275.1
YP_006949.1	QXV85982.1
YP_006949.1	AXN58074.1
YP_006949.1	AYD82630.1
YP_006949.1	NP_049648.1
YP_006949.1	QXV75136.1
YP_006949.1	QXV75421.1
YP_006949.1	QXV75997.1
YP_006949.1	QXV76355.1
YP_006949.1	QXV76971.1
YP_006949.1	QXV78584.1
YP_006949.1	QXV78856.1
YP_006949.1	QXV79135.1
YP_006949.1	QXV82126.1
YP_006949.1	QXV83175.1
YP_006949.1	QXV83509.1
YP_006949.1	QXV84884.1
YP_006949.1	QXV84031.1
YP_006949.1	QXV79388.1
YP_006949.1	QXV80712.1
YP_006949.1	QXV82291.1
YP_006949.1	QXV76512.1
YP_006949.1	QXV77407.1
YP_006949.1	QXV80567.1
YP_006949.1	QXV81635.1
YP_006949.1	QXV83679.1
YP_006949.1	XPK40689.1
YP_006949.1	XPK40597.1
YP_006949.1	XPK43020.1
YP_006949.1	XPK43442.1
YP_006949.1	XPK43537.1
YP_006949.1	QXV81865.1
YP_006949.1	QXV76170.1
YP_006949.1	QXV80801.1
YP_006949.1	QXV82467.1
YP_006953.1	YP_006953.1
YP_006953.1	QXV80212.1
YP_006953.1	QXV85270.1
YP_006955.1	YP_006955.1
YP_006955.1	QXV77233.1
YP_006955.1	QXV79634.1
YP_006955.1	QXV80041.1
YP_006955.1	QXV80210.1
YP_006955.1	QXV80381.1
YP_006955.1	QXV84333.1
YP_006955.1	QXV84584.1
YP_006955.1	QXV85097.1
YP_006955.1	QXV85268.1
YP_006955.1	NP_414932.1
YP_006955.1	QXV78883.1
YP_006955.1	AXN58098.1
YP_006955.1	AYD82656.1
YP_006955.1	NP_049672.1
YP_006955.1	QXV75169.1
YP_006955.1	QXV75447.1
YP_006955.1	QXV76023.1
YP_006955.1	QXV76383.1
YP_006955.1	QXV77003.1
YP_006955.1	QXV78611.1
YP_006955.1	QXV79161.1
YP_006955.1	QXV82151.1
YP_006955.1	QXV83201.1
YP_006955.1	QXV83537.1
YP_006955.1	QXV84910.1
YP_006955.1	QXV86008.1
YP_006960.1	YP_006960.1
YP_006960.1	QXV80035.1
YP_006960.1	QXV84328.1
YP_006960.1	QXV77228.1
YP_006962.1	YP_006962.1
YP_006963.1	YP_006963.1
YP_006964.1	YP_006964.1
YP_006966.1	YP_006966.1
YP_006966.1	QXV77223.1
YP_006966.1	QXV79624.1
YP_006966.1	QXV80031.1
YP_006966.1	QXV80200.1
YP_006966.1	QXV80370.1
YP_006966.1	QXV84322.1
YP_006966.1	QXV84573.1
YP_006966.1	QXV85087.1
YP_006966.1	QXV85259.1
YP_006969.1	YP_006969.1
YP_006969.1	QXV80197.1
YP_006969.1	QXV84378.1
YP_006969.1	QXV80184.1
YP_006969.1	QXV85243.1
YP_006969.1	YP_006982.1
YP_006969.1	QXV80298.1
YP_006969.1	QXV84346.1
YP_006974.1	YP_006974.1
YP_006974.1	QXV77216.1
YP_006974.1	QXV79617.1
YP_006974.1	QXV80192.1
YP_006974.1	QXV80363.1
YP_006974.1	QXV84566.1
YP_006974.1	QXV85080.1
YP_006974.1	QXV85252.1
YP_006974.1	QXV80024.1
YP_006974.1	QXV84315.1
YP_006974.1	NP_046768.1
YP_006974.1	QXV79462.1
YP_006974.1	QXV80778.1
YP_006974.1	QXV81930.1
YP_006974.1	QXV82980.1
YP_006974.1	QXV83317.1
YP_006974.1	QXV85021.1
YP_006974.1	XPK41049.1
YP_006974.1	XPK41662.1
YP_006974.1	XPK42887.1
YP_006974.1	QXV83658.1
YP_006974.1	QXV76147.1
YP_006974.1	QXV77388.1
YP_006974.1	QXV79370.1
YP_006974.1	QXV80549.1
YP_006974.1	QXV80688.1
YP_006974.1	QXV81617.1
YP_006974.1	QXV81843.1
YP_006974.1	QXV82266.1
YP_006974.1	QXV84012.1
YP_006974.1	XPK42596.1
YP_006974.1	XPK40462.1
YP_006974.1	XPK40973.1
YP_006974.1	XPK42094.1
YP_006974.1	XPK42462.1
YP_006974.1	XPK43183.1
YP_006974.1	XPK43682.1
YP_006974.1	QXV79524.1
YP_006974.1	QXV77124.1
YP_006974.1	QXV79276.1
YP_006974.1	QXV82354.1
YP_006974.1	QXV84472.1
YP_006974.1	QXV85434.1
YP_006974.1	QXV85752.1
YP_006974.1	XPK41758.1
YP_006974.1	XPK42342.1
YP_006974.1	XPK41119.1
YP_006974.1	XPK41380.1
YP_006974.1	XPK43566.1
YP_006975.1	YP_006975.1
YP_006975.1	QXV85251.1
YP_006975.1	QXV77215.1
YP_006975.1	QXV80191.1
YP_006975.1	QXV84314.1
YP_006975.1	QXV85079.1
YP_006975.1	QXV79616.1
YP_006975.1	QXV80023.1
YP_006975.1	QXV80362.1
YP_006975.1	QXV84565.1
YP_006980.1	YP_006980.1
YP_006980.1	QXV77210.1
YP_006980.1	QXV79611.1
YP_006980.1	QXV80015.1
YP_006980.1	QXV80186.1
YP_006980.1	QXV80357.1
YP_006980.1	QXV84308.1
YP_006980.1	QXV84560.1
YP_006980.1	QXV85074.1
YP_006980.1	QXV85245.1
YP_006980.1	XPK43469.1
YP_006980.1	XPK40533.1
YP_006980.1	XPK40624.1
YP_006980.1	XPK42955.1
YP_006980.1	XPK43377.1
YP_006980.1	XPK41729.1
YP_006980.1	QXV81350.1
YP_006980.1	QXV78133.1
YP_006980.1	QXV83739.1
YP_006980.1	QXV81694.1
YP_006980.1	QXV81832.1
YP_006980.1	QXV76137.1
YP_006980.1	QXV76485.1
YP_006980.1	QXV77378.1
YP_006980.1	QXV79360.1
YP_006980.1	QXV80538.1
YP_006980.1	QXV80678.1
YP_006980.1	QXV80770.1
YP_006980.1	QXV81607.1
YP_006980.1	QXV82256.1
YP_006980.1	QXV82440.1
YP_006980.1	QXV83648.1
YP_006980.1	QXV84002.1
YP_006980.1	QXV85425.1
YP_006980.1	QXV79515.1
YP_006980.1	QXV82345.1
YP_006980.1	QXV84463.1
YP_006980.1	QXV85743.1
YP_006980.1	QXV79268.1
YP_006980.1	QXV77116.1
YP_006980.1	XPK42875.1
YP_006980.1	QXV79451.1
YP_006980.1	QXV81919.1
YP_006980.1	QXV82969.1
YP_006980.1	QXV83306.1
YP_006980.1	QXV85010.1
YP_006980.1	XPK41037.1
YP_006980.1	XPK41651.1
YP_006980.1	XPK41220.1
YP_006980.1	YP_007112542.1
YP_006980.1	NP_040583.1
YP_006980.1	XPK42567.1
YP_006980.1	NP_041995.1
YP_006980.1	QXV80666.1
YP_006980.1	QXV80891.1
YP_006980.1	XPK40431.1
YP_006980.1	XPK40942.1
YP_006980.1	QXV78432.1
YP_006980.1	QXV76835.1
YP_006980.1	XPK40890.1
YP_006980.1	YP_006480.1
YP_006980.1	QXV78713.1
YP_006980.1	AXN58203.1
YP_006980.1	AYD82767.1
YP_006980.1	NP_049782.1
YP_006980.1	QXV75010.1
YP_006980.1	QXV75281.1
YP_006980.1	QXV75859.1
YP_006980.1	QXV76214.1
YP_006980.1	QXV76849.1
YP_006980.1	QXV78446.1
YP_006980.1	QXV78994.1
YP_006980.1	QXV81986.1
YP_006980.1	QXV83036.1
YP_006980.1	QXV83372.1
YP_006980.1	QXV84741.1
YP_006980.1	QXV85842.1
YP_006980.1	QXV85515.1
YP_006980.1	QXV75555.1
YP_006980.1	QXV76570.1
YP_006980.1	QXV77471.1
YP_006980.1	QXV77698.1
YP_006980.1	QXV77906.1
YP_006980.1	QXV79791.1
YP_006980.1	QXV80904.1
YP_006980.1	QXV81127.1
YP_006980.1	QXV82525.1
YP_006980.1	QXV82745.1
YP_006980.1	QXV84083.1
YP_006980.1	XPK43167.1
YP_006980.1	XPK40445.1
YP_006980.1	XPK40956.1
YP_006980.1	XPK42078.1
YP_006980.1	XPK42445.1
YP_006980.1	XPK42580.1
YP_006980.1	XPK43666.1
YP_006987.1	YP_006987.1
YP_006988.1	YP_006988.1
YP_006990.1	YP_006990.1
YP_007112541.1	YP_007112541.1
YP_007112541.1	NP_040582.1
YP_007112543.1	YP_007112543.1
YP_007112543.1	NP_040584.1
YP_007112543.1	QXV81697.1
YP_007112544.1	YP_007112544.1
YP_007112544.1	NP_040585.1
YP_007112545.1	YP_007112545.1
YP_007112545.1	NP_040586.1
YP_007112545.1	QXV81698.1
YP_007112547.1	YP_007112547.1
YP_007112547.1	NP_040588.1
YP_007112552.1	YP_007112552.1
YP_007112552.1	NP_040593.1
YP_007112553.1	YP_007112553.1
YP_007112553.1	NP_040594.1
YP_007112555.1	YP_007112555.1
YP_007112555.1	NP_040596.1
YP_007112555.1	QXV82455.1
YP_007112555.1	QXV76500.1
YP_007112555.1	QXV77393.1
YP_007112555.1	QXV79375.1
YP_007112555.1	QXV80554.1
YP_007112555.1	QXV80693.1
YP_007112555.1	QXV81622.1
YP_007112555.1	QXV82271.1
YP_007112555.1	QXV83663.1
YP_007112555.1	QXV76153.1
YP_007112555.1	QXV80785.1
YP_007112555.1	QXV81849.1
YP_007112555.1	QXV84017.1
YP_007112555.1	XPK41238.1
YP_007112557.1	YP_007112557.1
YP_007112557.1	NP_040598.1
YP_007112564.1	YP_007112564.1
YP_007112564.1	NP_040608.1
YP_007112566.1	YP_007112566.1
YP_007112566.1	NP_040610.1
YP_007112566.1	NP_415659.1
YP_007112568.1	YP_007112568.1
YP_007112568.1	NP_040611.1
YP_007112569.1	YP_007112569.1
YP_007112569.1	NP_040612.1
YP_007112570.1	YP_007112570.1
YP_007112570.1	NP_040613.1
YP_007112571.1	YP_007112571.1
YP_007112572.1	YP_007112572.1
YP_007112572.1	NP_040615.1
YP_007112573.1	YP_007112573.1
YP_007112573.1	NP_040616.1
YP_007112574.1	YP_007112574.1
YP_007112574.1	NP_040617.1
YP_007112575.1	YP_007112575.1
YP_007112575.1	NP_040618.1
YP_007112576.1	YP_007112576.1
YP_007112576.1	NP_040619.1
YP_007112577.1	YP_007112577.1
YP_007112578.1	YP_007112578.1
YP_007112579.1	YP_007112579.1
YP_007112580.1	YP_007112580.1
YP_007112581.1	YP_007112581.1
YP_007112582.1	YP_007112582.1
YP_007112585.1	YP_007112585.1
YP_007112585.1	XPK40750.1
YP_007112586.1	YP_007112586.1
YP_007112587.1	YP_007112587.1
YP_007112587.1	NP_040631.1
YP_007112589.1	YP_007112589.1
YP_007112590.1	YP_007112590.1
YP_007112591.1	YP_007112591.1
YP_007112591.1	XPK40758.1
YP_007112591.1	NP_040634.1
YP_007112591.1	NP_415079.1
YP_007112592.1	YP_007112592.1
YP_007112593.1	YP_007112593.1
YP_007112595.1	YP_007112595.1
YP_007112595.1	NP_040639.1
YP_007112595.1	XPK40761.1
YP_007112596.1	YP_007112596.1
YP_007112596.1	XPK40762.1
YP_007112596.1	NP_040640.1
YP_007112598.1	YP_007112598.1
YP_007112598.1	NP_040642.1
YP_007112598.1	NP_416077.4
YP_007112599.1	YP_007112599.1
YP_007112603.1	YP_007112603.1
YP_007112604.1	YP_007112604.1
YP_007112605.1	YP_007112605.1
YP_007112605.1	NP_415089.1
YP_007112605.1	NP_597780.1
YP_007112606.1	YP_007112606.1
YP_007112606.1	NP_597781.1
YP_007112607.1	YP_007112607.1
YP_007112607.1	NP_415091.1
YP_007112607.1	NP_597782.1
YP_008592385.1	YP_008592385.1
YP_009029994.1	YP_009029994.1
YP_009029994.1	NP_414855.1
YP_009029995.1	YP_009029995.1
YP_009518733.1	YP_009518733.1
YP_009518734.1	YP_009518734.1
YP_009518735.1	YP_009518735.1
YP_009518738.1	YP_009518738.1
YP_009518741.1	YP_009518741.1
YP_009518742.1	YP_009518742.1
YP_009518743.1	YP_009518743.1
YP_009518744.1	YP_009518744.1
YP_009518746.1	YP_009518746.1
YP_009518747.1	YP_009518747.1
YP_009518748.2	YP_009518748.2
YP_009518749.1	YP_009518749.1
YP_009518750.1	YP_009518750.1
YP_009518751.1	YP_009518751.1
YP_009518751.1	NP_415412.1
YP_009518751.1	NP_415318.1
YP_009518751.1	NP_415859.1
YP_009518751.1	NP_417071.1
YP_009518751.1	NP_418227.1
YP_009518751.1	QXV85272.1
YP_009518751.1	QXV77236.1
YP_009518751.1	QXV79638.1
YP_009518751.1	QXV80045.1
YP_009518751.1	QXV80213.1
YP_009518751.1	QXV80385.1
YP_009518751.1	QXV84336.1
YP_009518751.1	QXV84587.1
YP_009518751.1	QXV85101.1
YP_009518751.1	YP_006952.1
YP_009518751.1	NP_418202.4
YP_009518752.1	YP_009518752.1
YP_009518753.1	YP_009518753.1
YP_009518754.1	YP_009518754.1
YP_009518755.1	YP_009518755.1
NP_415118.1	NP_415118.1
NP_415126.1	NP_415126.1
NP_415126.1	NP_416216.5
NP_415126.1	NP_414579.4
NP_415126.1	NP_414869.1
NP_415126.1	NP_416319.1
NP_415126.1	NP_416763.1
NP_415126.1	NP_418493.1
NP_415127.1	NP_415127.1
NP_415134.1	NP_415134.1
NP_415135.1	NP_415135.1
NP_415139.2	NP_415139.2
NP_415143.1	NP_415143.1
NP_415143.1	YP_026216.2
NP_415143.1	NP_417648.4
NP_415144.1	NP_415144.1
NP_415146.1	NP_415146.1
NP_415150.1	NP_415150.1
NP_415157.1	NP_415157.1
NP_415160.1	NP_415160.1
NP_415161.1	NP_415161.1
NP_415161.1	NP_418570.1
NP_415163.2	NP_415163.2
NP_415166.1	NP_415166.1
NP_415168.1	NP_415168.1
NP_415168.1	NP_414626.1
NP_415169.1	NP_415169.1
NP_415169.1	NP_418063.1
NP_415170.4	NP_415170.4
NP_415171.1	NP_415171.1
NP_415171.1	NP_418812.1
NP_415171.1	NP_415276.1
NP_415176.1	NP_415176.1
NP_415179.1	NP_415179.1
NP_415179.1	NP_415182.1
NP_415180.1	NP_415180.1
NP_415180.1	NP_418053.1
NP_415180.1	NP_418500.1
NP_415180.1	NP_417008.1
NP_415180.1	NP_417328.1
NP_415181.1	NP_415181.1
NP_415181.1	NP_415178.1
NP_415183.1	NP_415183.1
NP_415183.1	NP_414555.1
NP_415183.1	NP_417021.1
NP_415190.1	NP_415190.1
NP_415191.1	NP_415191.1
NP_415192.1	NP_415192.1
NP_415200.1	NP_415200.1
NP_415200.1	NP_414957.1
NP_415200.1	NP_416815.1
NP_415204.1	NP_415204.1
NP_415204.1	NP_417610.1
NP_415204.1	YP_026242.1
NP_415206.1	NP_415206.1
NP_415207.1	NP_415207.1
NP_415207.1	NP_416132.2
NP_415207.1	NP_415895.1
NP_415207.1	NP_414776.1
NP_415207.1	NP_415449.1
NP_415207.1	NP_416719.1
NP_415207.1	NP_416846.2
NP_415207.1	NP_417550.1
NP_415207.1	NP_418176.1
NP_415207.1	NP_418460.1
NP_415207.1	XPK40463.1
NP_415207.1	XPK40974.1
NP_415207.1	XPK42095.1
NP_415207.1	XPK42463.1
NP_415207.1	XPK42597.1
NP_415207.1	XPK43184.1
NP_415207.1	XPK43683.1
NP_415207.1	XPK41759.1
NP_415208.1	NP_415208.1
NP_415209.1	NP_415209.1
NP_415209.1	NP_418470.4
NP_415211.2	NP_415211.2
NP_415213.1	NP_415213.1
NP_415215.1	NP_415215.1
NP_415223.1	NP_415223.1
NP_415224.1	NP_415224.1
NP_415228.1	NP_415228.1
NP_415646.4	NP_415646.4
NP_415650.1	NP_415650.1
NP_415656.1	NP_415656.1
NP_415657.1	NP_415657.1
NP_415661.2	NP_415661.2
NP_415662.2	NP_415662.2
NP_415664.2	NP_415664.2
NP_415665.2	NP_415665.2
NP_415666.1	NP_415666.1
NP_415668.1	NP_415668.1
NP_415672.1	NP_415672.1
NP_415672.1	NP_416955.1
NP_415673.1	NP_415673.1
NP_415673.1	XPK41232.1
NP_415673.1	NP_416855.1
NP_415677.1	NP_415677.1
NP_415678.1	NP_415678.1
NP_415679.1	NP_415679.1
NP_415681.1	NP_415681.1
NP_415682.1	NP_415682.1
NP_415682.1	NP_415684.1
NP_415683.1	NP_415683.1
NP_415685.1	NP_415685.1
NP_415689.2	NP_415689.2
NP_415689.2	NP_417967.1
NP_415690.5	NP_415690.5
NP_415692.1	NP_415692.1
NP_415694.1	NP_415694.1
NP_415695.1	NP_415695.1
NP_415697.5	NP_415697.5
NP_415698.1	NP_415698.1
NP_415699.5	NP_415699.5
NP_415703.3	NP_415703.3
NP_415706.1	NP_415706.1
NP_415709.2	NP_415709.2
NP_415712.1	NP_415712.1
NP_415714.1	NP_415714.1
NP_415715.1	NP_415715.1
NP_415715.1	NP_417976.1
NP_415717.1	NP_415717.1
NP_415718.6	NP_415718.6
NP_415721.1	NP_415721.1
NP_415722.1	NP_415722.1
NP_415722.1	NP_415842.2
NP_415722.1	NP_417197.1
NP_415722.1	NP_417467.1
NP_415722.1	NP_415494.1
NP_415723.1	NP_415723.1
NP_415728.1	NP_415728.1
NP_415728.1	NP_415193.2
NP_415728.1	NP_414972.1
NP_415728.1	NP_418366.1
NP_415728.1	NP_415151.4
NP_415728.1	NP_417425.2
NP_415728.1	NP_418162.1
NP_415729.1	NP_415729.1
NP_415729.1	NP_417367.1
NP_415730.1	NP_415730.1
NP_415730.1	NP_416398.1
NP_415730.1	NP_416833.4
NP_415730.1	NP_415328.4
NP_415730.1	NP_416385.1
NP_415730.1	NP_418720.1
NP_415730.1	NP_415361.1
NP_415730.1	NP_416284.1
NP_415730.1	NP_417285.1
NP_415730.1	NP_415800.1
NP_415730.1	NP_417187.1
NP_415730.1	NP_417215.2
NP_415730.1	NP_418320.2
NP_415730.1	NP_417600.1
NP_415730.1	NP_418612.1
NP_415731.1	NP_415731.1
NP_415735.1	NP_415735.1
NP_415736.2	NP_415736.2
NP_415737.1	NP_415737.1
NP_415737.1	NP_417803.1
NP_415737.1	NP_417802.1
NP_415737.1	NP_417804.1
NP_415738.2	NP_415738.2
NP_415738.2	QXV81815.1
NP_415743.1	NP_415743.1
NP_415743.1	NP_415984.1
NP_415745.1	NP_415745.1
NP_415745.1	NP_415982.1
NP_415747.2	NP_415747.2
NP_415748.1	NP_415748.1
NP_415749.1	NP_415749.1
NP_415750.2	NP_415750.2
NP_415750.2	NP_418794.1
NP_415751.1	NP_415751.1
NP_415757.1	NP_415757.1
NP_415757.1	NP_414640.1
NP_415757.1	NP_414601.1
NP_415757.1	YP_026225.1
NP_415761.1	NP_415761.1
NP_415761.1	NP_415808.1
NP_415761.1	NP_417999.1
NP_415761.1	NP_415828.1
NP_415761.1	NP_416002.1
NP_415761.1	NP_415353.1
NP_415761.1	NP_417935.1
NP_415761.1	NP_416684.1
NP_415761.1	NP_414901.1
NP_415761.1	NP_415454.4
NP_415761.1	NP_415377.1
NP_415761.1	NP_415959.1
NP_415761.1	NP_415378.1
NP_415761.1	NP_415643.3
NP_415761.1	NP_415960.1
NP_415761.1	NP_415642.1
NP_415761.1	NP_417164.1
NP_415761.1	NP_417908.1
NP_415761.1	NP_417909.1
NP_415761.1	NP_415827.1
NP_415761.1	NP_418182.1
NP_415761.1	NP_418183.1
NP_415761.1	NP_418456.1
NP_415761.1	NP_417736.2
NP_415761.1	YP_026209.1
NP_415761.1	NP_418000.1
NP_415761.1	NP_415809.1
NP_415761.1	NP_415760.1
NP_415761.1	NP_416003.1
NP_415761.1	NP_416634.1
NP_415761.1	NP_416683.1
NP_415761.1	NP_417934.1
NP_415761.1	NP_415352.1
NP_415764.4	NP_415764.4
NP_415765.1	NP_415765.1
NP_415766.1	NP_415766.1
NP_415766.1	QXV79841.1
NP_415766.1	QXV75604.1
NP_415766.1	QXV76621.1
NP_415766.1	QXV77522.1
NP_415766.1	QXV77748.1
NP_415766.1	QXV77957.1
NP_415766.1	QXV80954.1
NP_415766.1	QXV81177.1
NP_415766.1	QXV82575.1
NP_415766.1	QXV82795.1
NP_415766.1	QXV84134.1
NP_415766.1	QXV85565.1
NP_415766.1	NP_416298.1
NP_415766.1	YP_007112588.1
NP_415766.1	NP_418476.1
NP_415766.1	YP_006543.1
NP_415766.1	QXV76003.1
NP_415766.1	AXN58080.1
NP_415766.1	AYD82636.1
NP_415766.1	NP_049654.1
NP_415766.1	QXV75147.1
NP_415766.1	QXV75427.1
NP_415766.1	QXV76362.1
NP_415766.1	QXV76981.1
NP_415766.1	QXV78591.1
NP_415766.1	QXV78863.1
NP_415766.1	QXV79142.1
NP_415766.1	QXV82132.1
NP_415766.1	QXV83181.1
NP_415766.1	QXV83516.1
NP_415766.1	QXV84890.1
NP_415766.1	QXV85988.1
NP_415766.1	NP_041977.1
NP_415766.1	NP_041975.1
NP_415766.1	QXV76821.1
NP_415766.1	QXV78418.1
NP_415766.1	QXV80652.1
NP_415766.1	QXV80876.1
NP_415766.1	XPK40416.1
NP_415766.1	XPK40927.1
NP_415766.1	XPK42550.1
NP_415766.1	XPK40877.1
NP_415766.1	YP_006947.1
NP_415766.1	QXV80049.1
NP_415766.1	QXV77242.1
NP_415766.1	QXV79642.1
NP_415766.1	QXV80217.1
NP_415766.1	QXV80389.1
NP_415766.1	QXV84340.1
NP_415766.1	QXV84591.1
NP_415766.1	QXV85105.1
NP_415766.1	QXV85276.1
NP_415768.1	NP_415768.1
NP_415770.1	NP_415770.1
NP_415771.1	NP_415771.1
NP_415775.4	NP_415775.4
NP_415782.1	NP_415782.1
NP_415782.1	NP_415552.1
NP_415784.1	NP_415784.1
NP_415784.1	NP_418161.1
NP_415786.1	NP_415786.1
NP_415786.1	NP_415478.1
NP_415786.1	NP_418781.1
NP_415786.1	NP_415878.1
NP_415786.1	XPK40753.1
NP_415788.1	NP_415788.1
NP_415788.1	NP_414727.1
NP_415788.1	NP_416930.1
NP_415788.1	NP_418299.1
NP_415789.1	NP_415789.1
NP_415790.1	NP_415790.1
NP_415793.1	NP_415793.1
NP_415794.1	NP_415794.1
NP_415795.1	NP_415795.1
NP_415796.1	NP_415796.1
NP_415796.1	NP_415177.4
NP_415796.1	NP_418246.1
NP_415798.2	NP_415798.2
NP_415798.2	NP_416686.1
NP_415798.2	NP_416957.4
NP_415799.1	NP_415799.1
NP_415802.1	NP_415802.1
NP_415802.1	NP_415431.1
NP_415805.1	NP_415805.1
NP_415811.1	NP_415811.1
NP_415814.4	NP_415814.4
NP_415814.4	NP_418437.1
NP_415820.1	NP_415820.1
NP_415821.1	NP_415821.1
NP_415822.1	NP_415822.1
NP_415823.1	NP_415823.1
NP_415824.1	NP_415824.1
NP_415837.1	NP_415837.1
NP_415838.1	NP_415838.1
NP_415843.2	NP_415843.2
NP_415843.2	NP_414889.1
NP_415843.2	NP_416659.1
NP_415843.2	NP_415009.1
NP_415843.2	NP_415212.1
NP_415843.2	NP_416766.1
NP_415843.2	NP_417871.1
NP_415843.2	NP_415529.1
NP_415843.2	NP_414883.5
NP_415843.2	NP_417029.4
NP_415843.2	YP_026266.1
NP_415843.2	YP_026268.1
NP_415843.2	NP_417812.1
NP_415843.2	NP_418611.1
NP_415843.2	NP_416208.1
NP_415843.2	NP_416968.2
NP_415848.1	NP_415848.1
NP_415849.1	NP_415849.1
NP_415849.1	NP_415008.1
NP_415849.1	NP_415710.1
NP_415849.1	QXV85325.1
NP_415849.1	QXV79692.1
NP_415849.1	QXV80442.1
NP_415849.1	QXV84639.1
NP_415849.1	QXV85161.1
NP_415849.1	NP_418807.4
NP_415851.1	NP_415851.1
NP_415853.1	NP_415853.1
NP_415853.1	NP_415854.4
NP_415853.1	NP_414772.1
NP_415853.1	NP_415049.1
NP_415857.2	NP_415857.2
NP_415862.4	NP_415862.4
NP_415863.1	NP_415863.1
NP_415864.1	NP_415864.1
NP_415865.1	NP_415865.1
NP_415866.1	NP_415866.1
NP_415867.1	NP_415867.1
NP_415869.2	NP_415869.2
NP_415869.2	XPK43200.1
NP_415869.2	XPK40480.1
NP_415869.2	XPK42112.1
NP_415869.2	XPK42479.1
NP_415869.2	XPK42614.1
NP_415869.2	XPK43700.1
NP_415869.2	XPK41344.1
NP_415869.2	QXV77565.1
NP_415869.2	QXV75646.1
NP_415869.2	QXV76663.1
NP_415869.2	QXV77789.1
NP_415869.2	QXV78002.1
NP_415869.2	QXV79885.1
NP_415869.2	QXV80996.1
NP_415869.2	QXV82618.1
NP_415869.2	QXV84176.1
NP_415869.2	QXV85610.1
NP_415869.2	XPK40990.1
NP_415869.2	QXV79569.1
NP_415869.2	QXV84516.1
NP_415869.2	QXV85797.1
NP_415869.2	QXV82836.1
NP_415869.2	QXV81219.1
NP_415870.4	NP_415870.4
NP_415870.4	NP_597779.1
NP_415873.2	NP_415873.2
NP_415874.1	NP_415874.1
NP_415875.1	NP_415875.1
NP_415876.1	NP_415876.1
NP_415883.1	NP_415883.1
NP_415890.2	NP_415890.2
NP_415890.2	QXV80034.1
NP_415890.2	QXV85762.1
NP_415890.2	YP_006961.1
NP_415890.2	YP_006502.1
NP_415890.2	QXV79072.1
NP_415890.2	QXV75937.1
NP_415894.4	NP_415894.4
NP_415894.4	NP_415140.1
NP_415894.4	NP_417952.1
NP_415894.4	NP_416409.1
NP_415894.4	NP_418358.1
NP_415894.4	XPK41340.1
NP_415894.4	YP_006560.1
NP_415894.4	QXV82707.1
NP_415894.4	QXV75739.1
NP_415894.4	QXV76760.1
NP_415894.4	QXV77659.1
NP_415894.4	QXV77867.1
NP_415894.4	QXV78096.1
NP_415894.4	QXV79977.1
NP_415894.4	QXV81089.1
NP_415894.4	QXV81312.1
NP_415894.4	QXV82933.1
NP_415894.4	QXV84269.1
NP_415894.4	QXV85706.1
NP_415894.4	NP_418791.1
NP_415894.4	QXV83960.1
NP_415894.4	QXV78355.1
NP_415894.4	QXV81566.1
NP_415894.4	XPK42904.1
NP_415894.4	QXV82996.1
NP_415894.4	QXV83334.1
NP_415894.4	QXV85037.1
NP_415894.4	XPK41067.1
NP_415894.4	XPK41679.1
NP_415894.4	QXV77447.1
NP_415894.4	QXV76556.1
NP_415894.4	QXV79428.1
NP_415894.4	QXV80604.1
NP_415894.4	QXV81669.1
NP_415894.4	QXV81897.1
NP_415894.4	QXV82324.1
NP_415894.4	QXV82511.1
NP_415894.4	QXV83718.1
NP_415896.1	NP_415896.1
NP_415897.1	NP_415897.1
NP_415899.1	NP_415899.1
NP_415899.1	NP_414596.1
NP_415900.1	NP_415900.1
NP_415901.2	NP_415901.2
NP_415904.3	NP_415904.3
NP_415905.1	NP_415905.1
NP_415906.1	NP_415906.1
NP_415906.1	NP_415908.1
NP_415906.1	QXV81560.1
NP_415906.1	QXV78349.1
NP_415906.1	QXV83954.1
NP_415906.1	NP_416738.1
NP_415906.1	NP_417162.1
NP_415906.1	QXV81755.1
NP_415906.1	QXV82701.1
NP_415906.1	QXV75733.1
NP_415906.1	QXV76754.1
NP_415906.1	QXV77653.1
NP_415906.1	QXV77861.1
NP_415906.1	QXV78090.1
NP_415906.1	QXV79971.1
NP_415906.1	QXV81083.1
NP_415906.1	QXV81306.1
NP_415906.1	QXV82927.1
NP_415906.1	QXV84263.1
NP_415906.1	QXV85700.1
NP_415906.1	YP_006922.1
NP_415906.1	QXV77270.1
NP_415906.1	QXV79667.1
NP_415906.1	QXV80075.1
NP_415906.1	QXV80242.1
NP_415906.1	QXV80415.1
NP_415906.1	QXV84364.1
NP_415906.1	QXV84617.1
NP_415906.1	QXV85131.1
NP_415906.1	QXV85303.1
NP_415906.1	QXV78504.1
NP_415906.1	AXN58262.1
NP_415906.1	AYD82819.1
NP_415906.1	NP_049841.1
NP_415906.1	QXV75068.1
NP_415906.1	QXV75339.1
NP_415906.1	QXV75917.1
NP_415906.1	QXV76274.1
NP_415906.1	QXV76907.1
NP_415906.1	QXV78773.1
NP_415906.1	QXV79052.1
NP_415906.1	QXV82044.1
NP_415906.1	QXV83094.1
NP_415906.1	QXV83430.1
NP_415906.1	QXV84799.1
NP_415906.1	QXV85900.1
NP_415907.1	NP_415907.1
NP_415909.4	NP_415909.4
NP_415916.1	NP_415916.1
NP_415922.1	NP_415922.1
NP_415922.1	NP_414790.1
NP_415922.1	NP_418704.1
NP_415925.2	NP_415925.2
NP_415926.4	NP_415926.4
NP_415926.4	NP_416272.2
NP_415926.4	NP_416422.1
NP_415928.1	NP_415928.1
NP_415929.1	NP_415929.1
NP_415931.4	NP_415931.4
NP_415932.1	NP_415932.1
NP_415936.1	NP_415936.1
NP_415937.1	NP_415937.1
NP_415940.1	NP_415940.1
NP_415941.5	NP_415941.5
NP_415941.5	NP_415566.1
NP_415943.4	NP_415943.4
NP_415945.1	NP_415945.1
NP_415946.1	NP_415946.1
NP_415949.3	NP_415949.3
NP_415952.2	NP_415952.2
NP_415953.1	NP_415953.1
NP_415954.2	NP_415954.2
NP_415955.2	NP_415955.2
NP_415963.1	NP_415963.1
NP_415964.1	NP_415964.1
NP_415965.1	NP_415965.1
NP_415965.1	NP_414769.1
NP_415965.1	NP_416101.1
NP_415965.1	NP_417898.1
NP_415965.1	NP_418006.1
NP_415965.1	NP_418436.1
NP_415965.1	NP_418790.1
NP_415965.1	YP_026287.1
NP_415965.1	NP_415944.1
NP_415965.1	NP_415584.1
NP_415965.1	NP_416929.4
NP_415965.1	NP_418517.1
NP_415965.1	NP_417625.1
NP_415965.1	NP_416442.1
NP_415965.1	NP_418727.1
NP_415972.1	NP_415972.1
NP_415974.1	NP_415974.1
NP_415977.1	NP_415977.1
NP_415977.1	NP_417941.1
NP_415977.1	NP_418698.1
NP_415978.1	NP_415978.1
NP_415980.1	NP_415980.1
NP_415981.1	NP_415981.1
NP_415981.1	NP_415290.1
NP_415981.1	NP_418254.2
NP_415983.1	NP_415983.1
NP_415983.1	NP_415744.1
NP_415985.1	NP_415985.1
NP_415985.1	NP_415742.1
NP_415985.1	NP_418330.1
NP_415985.1	NP_415991.1
NP_415994.4	NP_415994.4
NP_415994.4	NP_415016.4
NP_415996.2	NP_415996.2
NP_415996.2	NP_417616.1
NP_415997.1	NP_415997.1
NP_415998.4	NP_415998.4
NP_416004.1	NP_416004.1
NP_416004.1	NP_415351.1
NP_416004.1	NP_415759.1
NP_416004.1	NP_415810.1
NP_416004.1	NP_415845.2
NP_416004.1	NP_417492.1
NP_416004.1	NP_416682.4
NP_416004.1	NP_417933.1
NP_416004.1	NP_418001.1
NP_416005.1	NP_416005.1
NP_416011.1	NP_416011.1
NP_416011.1	NP_417298.1
NP_416015.2	NP_416015.2
NP_416015.2	NP_418134.1
NP_416015.2	NP_418245.1
NP_416017.1	NP_416017.1
NP_416025.1	NP_416025.1
NP_416025.1	NP_046787.1
NP_416025.1	XPK40749.1
NP_416025.1	XPK40492.1
NP_416025.1	XPK42492.1
NP_416025.1	XPK42627.1
NP_416025.1	XPK43713.1
NP_416030.1	NP_416030.1
NP_416030.1	NP_415350.2
NP_416030.1	NP_416413.1
NP_416030.1	NP_416654.1
NP_416030.1	YP_026286.1
NP_416030.1	NP_416685.1
NP_416030.1	NP_417042.1
NP_416030.1	NP_418024.1
NP_416030.1	NP_418205.1
NP_416030.1	NP_418511.1
NP_416030.1	NP_418808.1
NP_416030.1	NP_415281.1
NP_416030.1	NP_415315.4
NP_416030.1	NP_415341.1
NP_416030.1	NP_415469.1
NP_416030.1	NP_417811.1
NP_416030.1	YP_026172.1
NP_416030.1	NP_046798.1
NP_416030.1	NP_415397.1
NP_416030.1	NP_418806.1
NP_416037.2	NP_416037.2
NP_416040.1	NP_416040.1
NP_416044.1	NP_416044.1
NP_416049.1	NP_416049.1
NP_416052.1	NP_416052.1
NP_416052.1	NP_416039.1
NP_416059.1	NP_416059.1
NP_416062.2	NP_416062.2
NP_416062.2	NP_415893.2
NP_416067.2	NP_416067.2
NP_416067.2	NP_415090.2
NP_416069.2	NP_416069.2
NP_416071.1	NP_416071.1
NP_416073.1	NP_416073.1
NP_416074.4	NP_416074.4
NP_416075.1	NP_416075.1
NP_416075.1	NP_415156.1
NP_416075.1	NP_415401.1
NP_416075.1	NP_415509.1
NP_416075.1	NP_415510.1
NP_416075.1	NP_416070.1
NP_416075.1	NP_416076.1
NP_416075.1	NP_416337.1
NP_416075.1	NP_418012.1
NP_416078.4	NP_416078.4
NP_416078.4	YP_006573.1
NP_416079.1	NP_416079.1
NP_416082.1	NP_416082.1
NP_416082.1	NP_414761.1
NP_416083.1	NP_416083.1
NP_416084.1	NP_416084.1
NP_416087.1	NP_416087.1
NP_416088.1	NP_416088.1
NP_416089.1	NP_416089.1
NP_416089.1	NP_415872.2
NP_416089.1	XPK41257.1
NP_416090.2	NP_416090.2
NP_416091.1	NP_416091.1
NP_416092.1	NP_416092.1
NP_416100.1	NP_416100.1
NP_416103.2	NP_416103.2
NP_416106.1	NP_416106.1
NP_416106.1	NP_415415.1
NP_416106.1	NP_416186.4
NP_416106.1	NP_418496.1
NP_416107.1	NP_416107.1
NP_416107.1	NP_415416.1
NP_416107.1	NP_418497.1
NP_416114.2	NP_416114.2
NP_416115.1	NP_416115.1
NP_416116.1	NP_416116.1
NP_416116.1	NP_416117.1
NP_416116.1	NP_416099.1
NP_416116.1	NP_416761.4
NP_416116.1	NP_415075.1
NP_416116.1	NP_418572.4
NP_416116.1	YP_588462.1
NP_416120.1	NP_416120.1
NP_416121.1	NP_416121.1
NP_416121.1	NP_417286.1
NP_416124.1	NP_416124.1
NP_416127.1	NP_416127.1
NP_416130.3	NP_416130.3
NP_416131.1	NP_416131.1
NP_416131.1	NP_418298.4
NP_416138.1	NP_416138.1
NP_416138.1	NP_415619.1
NP_416142.1	NP_416142.1
NP_416142.1	NP_414993.1
NP_416143.2	NP_416143.2
NP_416144.1	NP_416144.1
NP_416144.1	NP_416149.1
NP_416145.1	NP_416145.1
NP_416145.1	NP_416709.1
NP_416146.1	NP_416146.1
NP_416147.1	NP_416147.1
NP_416147.1	NP_417620.1
NP_416148.1	NP_416148.1
NP_416150.1	NP_416150.1
NP_416155.1	NP_416155.1
NP_416156.4	NP_416156.4
NP_416163.1	NP_416163.1
NP_416165.2	NP_416165.2
NP_416170.1	NP_416170.1
NP_416171.1	NP_416171.1
NP_416172.1	NP_416172.1
NP_416173.1	NP_416173.1
NP_416173.1	NP_418344.3
NP_416178.1	NP_416178.1
NP_416178.1	NP_417747.1
NP_416181.1	NP_416181.1
NP_416181.1	NP_416547.1
NP_416184.1	NP_416184.1
NP_416185.1	NP_416185.1
NP_416187.1	NP_416187.1
NP_416188.1	NP_416188.1
NP_416189.1	NP_416189.1
NP_416190.1	NP_416190.1
NP_416192.1	NP_416192.1
NP_416194.1	NP_416194.1
NP_416194.1	NP_417291.1
NP_416198.2	NP_416198.2
NP_416198.2	NP_416196.1
NP_416200.2	NP_416200.2
NP_416201.1	NP_416201.1
NP_416201.1	NP_415129.1
NP_416201.1	NP_415914.1
NP_416201.1	NP_418264.4
NP_416201.1	NP_414722.1
NP_416201.1	NP_415474.1
NP_416202.1	NP_416202.1
NP_416204.2	NP_416204.2
NP_416217.1	NP_416217.1
NP_416218.1	NP_416218.1
NP_416220.1	NP_416220.1
NP_416221.1	NP_416221.1
NP_416222.1	NP_416222.1
NP_416222.1	NP_417982.2
NP_416223.1	NP_416223.1
NP_416223.1	NP_416680.1
NP_416228.1	NP_416228.1
NP_416229.1	NP_416229.1
NP_416231.1	NP_416231.1
NP_416232.3	NP_416232.3
NP_416233.1	NP_416233.1
NP_416234.1	NP_416234.1
NP_416238.1	NP_416238.1
NP_416238.1	NP_418552.1
NP_416239.1	NP_416239.1
NP_416239.1	NP_415439.1
NP_416239.1	NP_415624.1
NP_416239.1	NP_418082.1
NP_416239.1	NP_418296.1
NP_416240.1	NP_416240.1
NP_416244.2	NP_416244.2
NP_416245.2	NP_416245.2
NP_416248.1	NP_416248.1
NP_416248.1	NP_418543.1
NP_416250.1	NP_416250.1
NP_416253.1	NP_416253.1
NP_416253.1	NP_417107.2
NP_416254.1	NP_416254.1
NP_416254.1	NP_414978.1
NP_416254.1	QXV79557.1
NP_416254.1	QXV82386.1
NP_416254.1	QXV84504.1
NP_416254.1	QXV85462.1
NP_416254.1	QXV85783.1
NP_416254.1	NP_415860.1
NP_416255.1	NP_416255.1
NP_416258.1	NP_416258.1
NP_416259.1	NP_416259.1
NP_416265.4	NP_416265.4
NP_416267.1	NP_416267.1
NP_416271.4	NP_416271.4
NP_416274.1	NP_416274.1
NP_416275.1	NP_416275.1
NP_416276.4	NP_416276.4
NP_416277.1	NP_416277.1
NP_416278.1	NP_416278.1
NP_416278.1	NP_414951.1
NP_416278.1	NP_416994.1
NP_416278.1	NP_417210.2
NP_416280.1	NP_416280.1
NP_416281.1	NP_416281.1
NP_416281.1	NP_417432.1
NP_416290.1	NP_416290.1
NP_416290.1	NP_414859.1
NP_416290.1	NP_414890.1
NP_416290.1	NP_415141.1
NP_416290.1	NP_415829.1
NP_416290.1	NP_415995.4
NP_416290.1	NP_416097.1
NP_416290.1	NP_418778.4
NP_416290.1	NP_416288.1
NP_416290.1	NP_416594.1
NP_416290.1	NP_417040.2
NP_416290.1	NP_418073.1
NP_416290.1	NP_418475.1
NP_416290.1	NP_418688.1
NP_416290.1	NP_418690.4
NP_416290.1	YP_026187.1
NP_416290.1	NP_415966.6
NP_416290.1	NP_417719.1
NP_416291.4	NP_416291.4
NP_416292.1	NP_416292.1
QXV75611.1	QXV75611.1
QXV75648.1	QXV75648.1
QXV75649.1	QXV75649.1
QXV75653.1	QXV75653.1
QXV75653.1	QXV77572.1
QXV75653.1	QXV77797.1
QXV75653.1	QXV78011.1
QXV75653.1	QXV81005.1
QXV75653.1	QXV82627.1
QXV75653.1	QXV84185.1
QXV75653.1	QXV85619.1
QXV75657.1	QXV75657.1
QXV75658.1	QXV75658.1
QXV75663.1	QXV75663.1
QXV75671.1	QXV75671.1
QXV75671.1	QXV76690.1
QXV75671.1	QXV77815.1
QXV75671.1	QXV78028.1
QXV75671.1	QXV78264.1
QXV75671.1	QXV79911.1
QXV75671.1	QXV81245.1
QXV75671.1	QXV81479.1
QXV75671.1	QXV82645.1
QXV75671.1	QXV84201.1
QXV75674.1	QXV75674.1
QXV75676.1	QXV75676.1
QXV75677.1	QXV75677.1
QXV75682.1	QXV75682.1
QXV75684.1	QXV75684.1
QXV75686.1	QXV75686.1
QXV75690.1	QXV75690.1
QXV75700.1	QXV75700.1
QXV80408.1	QXV80408.1
QXV80408.1	QXV77264.1
QXV80408.1	QXV84611.1
QXV80418.1	QXV80418.1
QXV80418.1	QXV84620.1
QXV80418.1	QXV85134.1
QXV80418.1	QXV85306.1
QXV80425.1	QXV80425.1
QXV80425.1	QXV80083.1
QXV80427.1	QXV80427.1
QXV80427.1	QXV80252.1
QXV80434.1	QXV80434.1
QXV80435.1	QXV80435.1
QXV80438.1	QXV80438.1
QXV80438.1	QXV79688.1
QXV80439.1	QXV80439.1
QXV80440.1	QXV80440.1
QXV80440.1	QXV79690.1
QXV80441.1	QXV80441.1
QXV80441.1	NP_416698.1
QXV80441.1	QXV79691.1
QXV80447.1	QXV80447.1
QXV80447.1	QXV79697.1
QXV80448.1	QXV80448.1
QXV80450.1	QXV80450.1
QXV80451.1	QXV80451.1
QXV80456.1	QXV80456.1
QXV80457.1	QXV80457.1
QXV80457.1	QXV85343.1
QXV80457.1	QXV77300.1
QXV80457.1	QXV79705.1
QXV80457.1	QXV80277.1
QXV80457.1	QXV84651.1
QXV80457.1	YP_006893.1
QXV80460.1	QXV80460.1
QXV80461.1	QXV80461.1
QXV80463.1	QXV80463.1
QXV80463.1	QXV84390.1
QXV80463.1	QXV84658.1
QXV80463.1	QXV80282.1
QXV80463.1	QXV80111.1
QXV80463.1	QXV77305.1
QXV80463.1	YP_006888.1
QXV80463.1	QXV85175.1
QXV80463.1	QXV79713.1
QXV80467.1	QXV80467.1
QXV80468.1	QXV80468.1
QXV80475.1	QXV80475.1
QXV80475.1	QXV77316.1
QXV80475.1	QXV79727.1
QXV80475.1	QXV80294.1
QXV80475.1	QXV84402.1
QXV80475.1	QXV84672.1
QXV80475.1	QXV85361.1
QXV80475.1	YP_006877.1
QXV80475.1	QXV80123.1
QXV80475.1	QXV85188.1
QXV80492.1	QXV80492.1
QXV80493.1	QXV80493.1
QXV80493.1	QXV84690.1
QXV80494.1	QXV80494.1
QXV80494.1	QXV77334.1
QXV80494.1	QXV79746.1
QXV80497.1	QXV80497.1
QXV80498.1	QXV80498.1
QXV80498.1	QXV85383.1
QXV80498.1	QXV85209.1
QXV80498.1	QXV79750.1
QXV80498.1	QXV84695.1
QXV80498.1	NP_416863.1
QXV80498.1	QXV80317.1
QXV80498.1	QXV80145.1
QXV80498.1	QXV77338.1
QXV80498.1	QXV84425.1
QXV80498.1	YP_006856.1
QXV80499.1	QXV80499.1
QXV80500.1	QXV80500.1
QXV80501.1	QXV80501.1
QXV80502.1	QXV80502.1
QXV80502.1	QXV79754.1
QXV80502.1	QXV84429.1
QXV80502.1	QXV84699.1
QXV80502.1	QXV85213.1
QXV80502.1	QXV85387.1
QXV80505.1	QXV80505.1
QXV80505.1	QXV77346.1
QXV80506.1	QXV80506.1
QXV80508.1	QXV80508.1
QXV80509.1	QXV80509.1
QXV80510.1	QXV80510.1
QXV80511.1	QXV80511.1
QXV80514.1	QXV80514.1
QXV80516.1	QXV80516.1
QXV80516.1	QXV77356.1
QXV80516.1	QXV80339.1
QXV80516.1	QXV84442.1
QXV80516.1	QXV84717.1
QXV80516.1	YP_006840.1
QXV80516.1	QXV80164.1
QXV80516.1	QXV85403.1
QXV80518.1	QXV80518.1
QXV80520.1	QXV80520.1
QXV80521.1	QXV80521.1
QXV80525.1	QXV80525.1
QXV80525.1	QXV79776.1
QXV80525.1	QXV84449.1
QXV80525.1	QXV84725.1
QXV80525.1	QXV85232.1
QXV80525.1	QXV85412.1
QXV80525.1	QXV80170.1
QXV80525.1	QXV77365.1
QXV80525.1	QXV80344.1
QXV80525.1	YP_006832.1
QXV80529.1	QXV80529.1
QXV80530.1	QXV80530.1
QXV80531.1	QXV80531.1
QXV80532.1	QXV80532.1
QXV80533.1	QXV80533.1
QXV80543.1	QXV80543.1
QXV80552.1	QXV80552.1
QXV80552.1	QXV77391.1
QXV80552.1	QXV80691.1
QXV80552.1	QXV84015.1
QXV80552.1	QXV81620.1
QXV80552.1	QXV82269.1
QXV80552.1	QXV82453.1
QXV80552.1	QXV83661.1
QXV80552.1	QXV79373.1
QXV80571.1	QXV80571.1
QXV80571.1	QXV77411.1
QXV80573.1	QXV80573.1
QXV80581.1	QXV80581.1
QXV80586.1	QXV80586.1
QXV80587.1	QXV80587.1
QXV80587.1	QXV81653.1
QXV80587.1	QXV76161.1
QXV80587.1	QXV77766.1
QXV80587.1	QXV75622.1
QXV80587.1	QXV76640.1
QXV80587.1	QXV77541.1
QXV80587.1	QXV77976.1
QXV80587.1	QXV79859.1
QXV80587.1	QXV80973.1
QXV80587.1	QXV81196.1
QXV80587.1	QXV82594.1
QXV80587.1	QXV82813.1
QXV80587.1	QXV84153.1
QXV80587.1	QXV85584.1
QXV80587.1	QXV80729.1
QXV80587.1	QXV79406.1
QXV80587.1	QXV82308.1
QXV80587.1	QXV80792.1
QXV80587.1	QXV84049.1
QXV80587.1	XPK42910.1
QXV80587.1	QXV77426.1
QXV80587.1	QXV79484.1
QXV80587.1	QXV81952.1
QXV80587.1	QXV82492.1
QXV80587.1	QXV83002.1
QXV80587.1	QXV83339.1
QXV80587.1	QXV83698.1
QXV80587.1	XPK41073.1
QXV80587.1	NP_414593.1
QXV80587.1	XPK40989.1
QXV80587.1	XPK42478.1
QXV80587.1	XPK42613.1
QXV80587.1	XPK43199.1
QXV80587.1	QXV76773.1
QXV80587.1	XPK42111.1
QXV80587.1	XPK40479.1
QXV80587.1	XPK40566.1
QXV80587.1	XPK40656.1
QXV80587.1	XPK42987.1
QXV80587.1	XPK43409.1
QXV80587.1	XPK43699.1
QXV80593.1	QXV80593.1
QXV80594.1	QXV80594.1
QXV80596.1	QXV80596.1
QXV80596.1	QXV81661.1
QXV80596.1	QXV82494.1
QXV80611.1	QXV80611.1
QXV80619.1	QXV80619.1
QXV80626.1	QXV80626.1
QXV80627.1	QXV80627.1
QXV80629.1	QXV80629.1
QXV80629.1	NP_042009.1
QXV80635.1	QXV80635.1
QXV80635.1	NP_041958.1
QXV80635.1	XPK42534.1
QXV80635.1	QXV83852.1
QXV80635.1	QXV78242.1
QXV80635.1	QXV81458.1
QXV80642.1	QXV80642.1
QXV80643.1	QXV80643.1
QXV80645.1	QXV80645.1
QXV80645.1	NP_041967.1
QXV80645.1	QXV78411.1
QXV80645.1	XPK40920.1
QXV80645.1	QXV80870.1
QXV80645.1	XPK40409.1
QXV80651.1	QXV80651.1
QXV80651.1	NP_041973.1
QXV80651.1	QXV76819.1
QXV80651.1	QXV78416.1
QXV80651.1	QXV80875.1
QXV80651.1	XPK40415.1
QXV80651.1	XPK40875.1
QXV80651.1	XPK40926.1
QXV80651.1	XPK42549.1
QXV80651.1	NP_414652.1
QXV80655.1	QXV80655.1
QXV80655.1	NP_041981.1
QXV80655.1	QXV80879.1
QXV80655.1	QXV78421.1
QXV80661.1	QXV80661.1
QXV80662.1	QXV80662.1
QXV80662.1	XPK40938.1
QXV80663.1	QXV80663.1
QXV80665.1	QXV80665.1
QXV80670.1	QXV80670.1
QXV80670.1	NP_042000.1
QXV80670.1	QXV80895.1
QXV80670.1	XPK40436.1
QXV80670.1	XPK40947.1
QXV80670.1	XPK42572.1
QXV80670.1	QXV78436.1
QXV80670.1	QXV76839.1
QXV80670.1	XPK40895.1
QXV80670.1	XPK41294.1
QXV80674.1	QXV80674.1
QXV80674.1	NP_042004.1
QXV80674.1	QXV76843.1
QXV80674.1	QXV78440.1
QXV80674.1	XPK40440.1
QXV80674.1	XPK40899.1
QXV80674.1	QXV80899.1
QXV80674.1	XPK40951.1
QXV80674.1	XPK42576.1
QXV80697.1	QXV80697.1
QXV80701.1	QXV80701.1
QXV80701.1	QXV79475.1
QXV80701.1	QXV81943.1
QXV80701.1	QXV83330.1
QXV80701.1	QXV83670.1
QXV80701.1	QXV84024.1
QXV80701.1	NP_417310.1
QXV80701.1	NP_417289.2
QXV80701.1	QXV82462.1
QXV80701.1	YP_006986.1
QXV80701.1	QXV76507.1
QXV80701.1	QXV81858.1
QXV80701.1	QXV83863.1
QXV80701.1	QXV78254.1
QXV80701.1	QXV81469.1
QXV80701.1	QXV84459.1
QXV80701.1	QXV80534.1
QXV80701.1	QXV85239.1
QXV80701.1	QXV77374.1
QXV80701.1	QXV80180.1
QXV80701.1	QXV79785.1
QXV80701.1	QXV80352.1
QXV80703.1	QXV80703.1
QXV80708.1	QXV80708.1
QXV80708.1	QXV77404.1
QXV80708.1	QXV82286.1
QXV80708.1	QXV82367.1
QXV80708.1	QXV79537.1
QXV80708.1	XPK41719.1
QXV80708.1	QXV84485.1
QXV80708.1	QXV83676.1
QXV80709.1	QXV80709.1
QXV80710.1	QXV80710.1
QXV80713.1	QXV80713.1
QXV80713.1	QXV76513.1
QXV80713.1	QXV79389.1
QXV80713.1	QXV80568.1
QXV80713.1	QXV81636.1
QXV80713.1	QXV82292.1
QXV80713.1	QXV82468.1
QXV80713.1	QXV83680.1
QXV80713.1	QXV84032.1
QXV80717.1	QXV80717.1
QXV80717.1	QXV79393.1
QXV80717.1	QXV84036.1
QXV80717.1	QXV82296.1
QXV80719.1	QXV80719.1
QXV80723.1	QXV80723.1
QXV80731.1	QXV80731.1
QXV80733.1	QXV80733.1
QXV80734.1	QXV80734.1
QXV80736.1	QXV80736.1
QXV80740.1	QXV80740.1
QXV80741.1	QXV80741.1
QXV80746.1	QXV80746.1
QXV80746.1	QXV79424.1
QXV80746.1	QXV82322.1
QXV80748.1	QXV80748.1
QXV80751.1	QXV80751.1
QXV80752.1	QXV80752.1
QXV80752.1	QXV77452.1
QXV80752.1	QXV79434.1
QXV80755.1	QXV80755.1
QXV80758.1	QXV80758.1
QXV80758.1	QXV82334.1
QXV80758.1	QXV84071.1
QXV80760.1	QXV80760.1
QXV80764.1	QXV80764.1
QXV80789.1	QXV80789.1
QXV80789.1	QXV76158.1
QXV80789.1	QXV81855.1
QXV80789.1	QXV77397.1
QXV80789.1	QXV79256.1
QXV80789.1	AXN58187.1
QXV80789.1	QXV75542.1
QXV80789.1	QXV76122.1
QXV80789.1	QXV76473.1
QXV80789.1	QXV82244.1
QXV80789.1	QXV81626.1
QXV80789.1	QXV80558.1
QXV80789.1	QXV82276.1
QXV80789.1	QXV84021.1
QXV80789.1	QXV82459.1
QXV80789.1	QXV76504.1
QXV80789.1	QXV79379.1
QXV80789.1	QXV80698.1
QXV80789.1	QXV83667.1
QXV80789.1	YP_007112559.1
QXV80789.1	NP_040600.1
QXV80789.1	QXV82990.1
QXV80789.1	QXV79472.1
QXV80789.1	QXV81940.1
QXV80789.1	QXV83327.1
QXV80789.1	QXV85031.1
QXV80789.1	XPK41061.1
QXV80789.1	XPK41673.1
QXV80789.1	XPK42898.1
QXV80789.1	QXV85760.1
QXV80789.1	QXV79532.1
QXV80789.1	QXV84480.1
QXV80789.1	QXV79284.1
QXV80789.1	QXV80931.1
QXV80789.1	QXV76597.1
QXV80789.1	QXV77497.1
QXV80789.1	QXV79817.1
QXV80789.1	QXV82771.1
QXV80789.1	QXV82362.1
QXV80789.1	QXV82551.1
QXV80789.1	QXV75581.1
QXV80789.1	QXV77724.1
QXV80789.1	QXV77933.1
QXV80789.1	QXV81153.1
QXV80789.1	QXV84109.1
QXV80789.1	QXV85541.1
QXV80789.1	QXV85442.1
QXV80789.1	QXV77132.1
QXV80789.1	YP_950543.1
QXV80789.1	QXV75777.1
QXV80791.1	QXV80791.1
QXV80791.1	QXV76160.1
QXV80791.1	XPK42900.1
QXV80791.1	XPK41675.1
QXV80791.1	QXV82992.1
QXV80791.1	XPK41063.1
QXV80793.1	QXV80793.1
QXV80794.1	QXV80794.1
QXV80797.1	QXV80797.1
QXV80802.1	QXV80802.1
QXV80802.1	QXV76172.1
QXV80802.1	QXV81867.1
QXV80806.1	QXV80806.1
QXV80806.1	QXV80805.1
QXV80806.1	QXV81870.1
QXV85310.1	QXV85310.1
QXV85313.1	QXV85313.1
QXV85315.1	QXV85315.1
QXV85321.1	QXV85321.1
QXV85321.1	QXV77287.1
QXV85322.1	QXV85322.1
QXV85322.1	QXV80436.1
QXV85327.1	QXV85327.1
QXV85327.1	QXV80444.1
QXV85327.1	QXV79694.1
QXV85329.1	QXV85329.1
QXV85329.1	QXV79696.1
QXV85330.1	QXV85330.1
QXV85330.1	QXV80098.1
QXV85331.1	QXV85331.1
QXV85332.1	QXV85332.1
QXV85332.1	QXV84386.1
NP_417178.1	NP_417178.1
NP_417180.1	NP_417180.1
NP_417180.1	NP_416055.1
NP_417181.1	NP_417181.1
NP_417184.1	NP_417184.1
NP_417185.1	NP_417185.1
NP_417185.1	NP_415611.1
NP_417185.1	NP_416123.1
NP_417185.1	NP_416921.4
NP_417185.1	NP_417319.1
NP_417185.1	NP_417254.4
NP_417185.1	XPK42376.1
NP_417185.1	XPK41152.1
NP_417185.1	XPK41415.1
NP_417185.1	XPK43599.1
NP_417185.1	NP_417476.1
NP_417185.1	NP_416136.1
NP_417185.1	NP_415026.1
NP_417185.1	NP_415128.1
NP_417185.1	NP_415787.1
NP_417185.1	NP_415804.1
NP_417185.1	NP_416057.1
NP_417185.1	NP_416641.1
NP_417185.1	NP_417036.1
NP_417185.1	NP_417378.1
NP_417185.1	NP_418670.1
NP_417185.1	NP_418687.1
NP_417185.1	NP_417621.2
NP_417186.1	NP_417186.1
NP_417190.1	NP_417190.1
NP_417192.1	NP_417192.1
NP_417193.1	NP_417193.1
NP_417193.1	NP_416976.4
NP_417193.1	NP_417204.1
NP_417193.1	NP_417362.4
NP_417193.1	NP_418030.1
NP_417196.1	NP_417196.1
NP_417196.1	NP_417377.1
NP_417196.1	NP_418177.1
NP_417196.1	NP_417563.1
NP_417198.1	NP_417198.1
NP_417200.1	NP_417200.1
NP_417200.1	NP_416983.1
NP_417205.1	NP_417205.1
NP_417209.1	NP_417209.1
NP_417212.1	NP_417212.1
NP_417213.1	NP_417213.1
NP_417217.1	NP_417217.1
NP_417217.1	NP_417726.1
NP_417217.1	NP_414802.2
NP_417217.1	NP_418718.4
NP_417217.1	NP_414865.1
NP_417217.1	NP_415625.1
NP_417217.1	NP_416645.1
NP_417217.1	NP_416973.1
NP_417217.1	NP_417692.1
NP_417218.1	NP_417218.1
NP_417218.1	NP_417280.1
NP_417218.1	NP_418040.1
NP_417218.1	NP_414603.1
NP_417218.1	NP_418619.1
NP_417222.1	NP_417222.1
NP_417222.1	NP_416370.2
NP_417224.1	NP_417224.1
NP_417225.1	NP_417225.1
NP_417226.1	NP_417226.1
NP_417228.1	NP_417228.1
NP_417229.1	NP_417229.1
NP_417231.1	NP_417231.1
NP_417231.1	NP_417798.1
NP_417231.1	NP_418407.1
NP_417231.1	NP_418792.1
NP_417232.1	NP_417232.1
NP_417234.2	NP_417234.2
NP_417236.1	NP_417236.1
NP_417237.2	NP_417237.2
NP_417238.1	NP_417238.1
NP_417239.1	NP_417239.1
NP_417240.1	NP_417240.1
NP_417241.1	NP_417241.1
NP_417242.1	NP_417242.1
NP_417243.1	NP_417243.1
NP_417244.1	NP_417244.1
NP_417245.1	NP_417245.1
NP_417248.1	NP_417248.1
NP_417248.1	NP_417426.1
NP_417248.1	NP_418421.1
NP_417248.1	NP_417059.1
NP_417257.1	NP_417257.1
NP_417260.1	NP_417260.1
NP_417261.1	NP_417261.1
NP_417262.1	NP_417262.1
NP_417262.1	NP_418646.1
QXV79857.1	QXV79857.1
QXV79857.1	QXV75620.1
QXV79857.1	QXV77764.1
QXV79857.1	QXV82811.1
QXV79857.1	QXV81194.1
QXV79857.1	QXV76638.1
QXV79857.1	QXV77539.1
QXV79857.1	QXV77974.1
QXV79857.1	QXV80971.1
QXV79857.1	QXV82592.1
QXV79857.1	QXV84151.1
QXV79857.1	QXV85582.1
QXV79866.1	QXV79866.1
QXV79866.1	QXV76645.1
QXV79866.1	QXV77771.1
QXV79866.1	QXV82599.1
QXV79866.1	QXV85591.1
QXV79866.1	QXV75628.1
QXV79866.1	QXV77546.1
QXV79866.1	QXV77770.1
QXV79866.1	QXV77983.1
QXV79866.1	QXV82818.1
QXV79866.1	QXV80978.1
QXV79866.1	QXV81201.1
QXV79866.1	QXV84158.1
QXV79869.1	QXV79869.1
QXV79869.1	QXV82821.1
QXV79869.1	QXV80981.1
QXV79869.1	QXV81204.1
QXV79869.1	QXV75631.1
QXV79869.1	QXV76648.1
QXV79869.1	QXV84161.1
QXV79869.1	QXV82602.1
QXV79869.1	QXV77774.1
QXV79869.1	QXV85594.1
QXV79869.1	QXV77986.1
QXV79869.1	QXV77549.1
QXV79871.1	QXV79871.1
QXV79873.1	QXV79873.1
QXV79888.1	QXV79888.1
QXV79890.1	QXV79890.1
QXV79894.1	QXV79894.1
QXV79898.1	QXV79898.1
QXV79903.1	QXV79903.1
QXV79904.1	QXV79904.1
QXV79916.1	QXV79916.1
QXV79921.1	QXV79921.1
QXV79923.1	QXV79923.1
QXV79925.1	QXV79925.1
QXV79925.1	QXV81259.1
QXV79925.1	QXV82660.1
QXV79925.1	QXV82878.1
QXV79939.1	QXV79939.1
QXV79945.1	QXV79945.1
QXV79945.1	QXV78062.1
QXV79945.1	QXV75706.1
QXV79945.1	QXV81056.1
QXV79945.1	QXV81279.1
QXV79945.1	QXV82680.1
QXV79945.1	QXV82898.1
QXV79945.1	QXV84236.1
QXV79945.1	QXV85669.1
QXV79945.1	QXV76725.1
QXV79945.1	QXV77624.1
QXV79946.1	QXV79946.1
QXV79946.1	QXV77625.1
QXV79946.1	QXV75707.1
QXV79946.1	QXV85670.1
QXV79946.1	QXV78063.1
QXV79946.1	QXV81057.1
QXV79946.1	QXV81280.1
QXV79946.1	QXV84237.1
QXV79946.1	QXV76726.1
QXV79948.1	QXV79948.1
QXV79948.1	QXV81060.1
QXV79948.1	QXV85673.1
QXV79948.1	QXV84240.1
QXV79948.1	QXV75710.1
QXV79948.1	QXV76729.1
QXV79948.1	QXV78066.1
QXV79948.1	QXV81283.1
QXV79948.1	QXV82902.1
QXV79948.1	XPK43697.1
QXV79948.1	XPK40477.1
QXV79948.1	XPK42109.1
QXV79948.1	XPK42611.1
QXV79948.1	QXV77628.1
QXV79951.1	QXV79951.1
QXV79951.1	QXV76732.1
QXV79951.1	QXV78069.1
QXV79951.1	QXV81063.1
QXV79951.1	QXV84243.1
QXV79951.1	QXV75713.1
QXV79951.1	QXV81286.1
QXV79951.1	QXV77631.1
QXV79951.1	QXV82905.1
QXV79951.1	QXV85676.1
QXV79954.1	QXV79954.1
QXV79966.1	QXV79966.1
QXV79990.1	QXV79990.1
QXV79990.1	QXV75752.1
QXV79990.1	QXV76774.1
QXV79990.1	QXV77672.1
QXV79990.1	QXV77880.1
QXV79990.1	QXV78109.1
QXV79990.1	QXV81102.1
QXV79990.1	QXV81325.1
QXV79990.1	QXV82720.1
QXV79990.1	QXV82946.1
QXV79990.1	QXV84282.1
QXV79990.1	QXV85719.1
QXV79995.1	QXV79995.1
QXV79995.1	QXV78113.1
QXV79995.1	QXV77678.1
QXV79995.1	QXV81330.1
QXV79995.1	QXV75756.1
QXV79995.1	QXV82725.1
QXV79995.1	QXV82951.1
QXV79995.1	QXV85724.1
QXV79995.1	QXV84288.1
QXV79995.1	QXV81107.1
QXV79996.1	QXV79996.1
QXV79996.1	QXV76780.1
QXV79996.1	QXV78114.1
QXV79996.1	QXV82726.1
QXV79996.1	QXV77887.1
QXV79996.1	QXV75757.1
QXV79996.1	QXV77679.1
QXV79996.1	QXV81108.1
QXV79996.1	QXV81331.1
QXV79996.1	QXV82952.1
QXV79996.1	QXV84289.1
QXV79996.1	QXV85725.1
QXV79996.1	QXV78365.1
QXV79996.1	QXV81576.1
QXV79996.1	QXV83970.1
QXV80003.1	QXV80003.1
QXV80004.1	QXV80004.1
QXV80005.1	QXV80005.1
QXV80107.1	QXV80107.1
QXV80107.1	QXV79708.1
QXV80108.1	QXV80108.1
QXV80109.1	QXV80109.1
QXV80109.1	QXV77303.1
QXV80109.1	QXV80280.1
QXV80109.1	QXV80462.1
QXV80109.1	QXV85174.1
QXV80109.1	YP_006890.1
QXV80109.1	QXV79712.1
QXV80109.1	QXV84657.1
QXV80110.1	QXV80110.1
QXV80113.1	QXV80113.1
QXV80113.1	QXV76538.1
QXV80113.1	QXV82489.1
QXV80113.1	QXV80591.1
QXV80113.1	QXV77433.1
QXV80113.1	QXV81657.1
QXV80113.1	QXV76162.1
QXV80113.1	QXV83895.1
QXV80113.1	QXV78290.1
QXV80113.1	QXV81504.1
QXV80116.1	QXV80116.1
QXV80116.1	QXV77309.1
QXV80117.1	QXV80117.1
QXV80118.1	QXV80118.1
QXV80121.1	QXV80121.1
QXV80121.1	QXV77314.1
QXV80121.1	QXV79725.1
QXV80121.1	QXV80473.1
QXV80121.1	QXV84400.1
QXV80121.1	QXV84670.1
QXV80121.1	QXV85359.1
QXV80122.1	QXV80122.1
QXV80124.1	QXV80124.1
QXV80125.1	QXV80125.1
QXV80125.1	QXV84674.1
QXV80125.1	QXV80296.1
QXV80125.1	QXV85363.1
QXV80125.1	QXV84404.1
QXV80125.1	QXV85190.1
QXV80125.1	YP_006875.1
QXV80125.1	QXV80477.1
QXV80129.1	QXV80129.1
QXV80129.1	QXV77322.1
QXV80129.1	QXV79733.1
QXV80129.1	QXV80301.1
QXV80129.1	QXV80481.1
QXV80129.1	QXV84408.1
QXV80129.1	QXV84678.1
QXV80129.1	QXV85194.1
QXV80129.1	QXV85367.1
QXV80129.1	YP_006870.1
QXV80129.1	NP_414971.1
QXV80132.1	QXV80132.1
QXV80132.1	QXV77325.1
QXV80132.1	QXV79736.1
QXV80132.1	QXV80484.1
QXV80132.1	QXV80304.1
QXV80132.1	QXV84412.1
QXV80132.1	QXV85197.1
QXV80132.1	QXV85370.1
QXV80132.1	QXV84681.1
QXV80132.1	YP_006867.1
QXV80135.1	QXV80135.1
QXV80135.1	QXV80487.1
QXV80135.1	QXV79739.1
QXV80135.1	QXV85374.1
QXV80135.1	QXV85200.1
QXV80138.1	QXV80138.1
QXV80144.1	QXV80144.1
QXV80146.1	QXV80146.1
QXV80147.1	QXV80147.1
QXV80149.1	QXV80149.1
QXV80149.1	QXV77342.1
QXV80149.1	QXV80321.1
QXV80149.1	YP_006853.1
QXV80151.1	QXV80151.1
QXV80151.1	QXV77344.1
QXV80151.1	QXV80323.1
QXV80151.1	QXV80503.1
QXV80151.1	QXV84431.1
QXV80151.1	QXV85214.1
QXV80151.1	YP_006851.1
QXV80151.1	QXV85389.1
QXV80151.1	QXV79755.1
QXV80151.1	QXV84702.1
QXV80152.1	QXV80152.1
QXV80153.1	QXV80153.1
QXV80156.1	QXV80156.1
QXV80158.1	QXV80158.1
QXV80159.1	QXV80159.1
QXV80160.1	QXV80160.1
QXV80160.1	QXV85399.1
QXV80160.1	QXV85222.1
QXV80160.1	YP_006843.1
QXV80161.1	QXV80161.1
QXV80163.1	QXV80163.1
QXV80166.1	QXV80166.1
QXV80169.1	QXV80169.1
QXV80169.1	QXV77364.1
QXV80169.1	QXV79775.1
QXV80169.1	QXV80343.1
QXV80169.1	QXV80524.1
QXV80169.1	QXV84448.1
QXV80169.1	QXV84724.1
QXV80169.1	YP_006833.1
QXV80171.1	QXV80171.1
QXV80173.1	QXV80173.1
QXV80173.1	QXV77368.1
QXV80173.1	QXV79779.1
QXV80173.1	QXV80347.1
QXV80173.1	QXV80527.1
QXV80173.1	QXV84453.1
QXV80173.1	QXV84728.1
QXV80173.1	QXV85235.1
QXV80173.1	QXV85415.1
QXV80173.1	YP_006829.1
QXV80173.1	QXV78746.1
QXV80173.1	AXN58237.1
QXV80173.1	AYD82796.1
QXV80173.1	NP_049815.1
QXV80173.1	QXV75041.1
QXV80173.1	QXV75313.1
QXV80173.1	QXV75890.1
QXV80173.1	QXV76248.1
QXV80173.1	QXV76880.1
QXV80173.1	QXV78478.1
QXV80173.1	QXV79025.1
QXV80173.1	QXV82018.1
QXV80173.1	QXV83067.1
QXV80173.1	QXV83403.1
QXV80173.1	QXV84773.1
QXV80173.1	QXV85873.1
QXV80173.1	XPK43600.1
QXV80173.1	XPK42377.1
QXV80173.1	XPK41153.1
QXV80173.1	XPK41416.1
QXV80177.1	QXV80177.1
QXV80178.1	QXV80178.1
QXV80178.1	QXV77372.1
QXV80179.1	QXV80179.1
QXV80203.1	QXV80203.1
QXV80203.1	QXV82290.1
QXV80203.1	QXV84030.1
QXV82208.1	QXV82208.1
QXV82222.1	QXV82222.1
QXV82222.1	AYD82731.1
QXV82222.1	QXV75247.1
QXV82222.1	QXV77081.1
QXV82222.1	QXV77187.1
QXV82222.1	QXV79339.1
QXV82222.1	QXV83616.1
QXV82224.1	QXV82224.1
QXV82224.1	QXV77084.1
QXV82224.1	QXV83275.1
QXV82224.1	QXV86086.1
QXV82227.1	QXV82227.1
QXV82234.1	QXV82234.1
QXV82250.1	QXV82250.1
QXV82250.1	QXV75548.1
QXV82250.1	QXV76479.1
QXV82250.1	QXV83300.1
QXV82250.1	QXV86111.1
QXV82250.1	QXV85004.1
QXV82250.1	AXN58193.1
QXV82250.1	AYD82759.1
QXV82250.1	NP_049771.1
QXV82250.1	QXV76128.1
QXV82250.1	QXV78705.1
QXV82250.1	QXV78986.1
QXV82250.1	QXV79262.1
QXV82250.1	QXV83642.1
QXV82250.1	QXV75273.1
QXV82250.1	QXV77110.1
QXV82263.1	QXV82263.1
QXV82263.1	QXV77385.1
QXV82263.1	QXV80685.1
QXV82263.1	QXV83655.1
QXV82263.1	QXV79367.1
QXV82263.1	QXV76144.1
QXV82263.1	QXV76492.1
QXV82263.1	QXV80546.1
QXV82263.1	QXV80775.1
QXV82263.1	QXV81614.1
QXV82263.1	QXV81840.1
QXV82263.1	QXV82447.1
QXV82263.1	QXV84009.1
QXV82275.1	QXV82275.1
QXV82277.1	QXV82277.1
QXV82278.1	QXV82278.1
QXV82278.1	QXV84022.1
QXV82278.1	QXV79381.1
QXV82278.1	QXV81629.1
QXV82278.1	QXV80561.1
QXV82278.1	QXV80699.1
QXV82278.1	QXV79473.1
QXV82278.1	QXV81856.1
QXV82278.1	QXV82460.1
QXV82278.1	QXV83328.1
QXV82278.1	QXV76505.1
QXV82278.1	QXV81941.1
QXV82278.1	QXV83668.1
QXV82279.1	QXV82279.1
QXV82281.1	QXV82281.1
QXV82284.1	QXV82284.1
QXV82287.1	QXV82287.1
QXV82288.1	QXV82288.1
QXV82288.1	QXV84028.1
QXV82297.1	QXV82297.1
QXV82302.1	QXV82302.1
QXV82306.1	QXV82306.1
QXV82306.1	QXV80727.1
QXV82306.1	QXV81651.1
QXV82306.1	QXV77424.1
QXV82306.1	QXV80584.1
QXV82306.1	QXV83696.1
QXV82306.1	QXV84047.1
QXV82306.1	QXV79404.1
QXV82306.1	QXV83986.1
QXV82306.1	QXV78380.1
QXV82306.1	QXV81591.1
QXV82306.1	XPK43350.1
QXV82306.1	XPK40370.1
QXV82306.1	XPK42762.1
QXV82306.1	NP_416462.1
QXV82310.1	QXV82310.1
QXV82311.1	QXV82311.1
QXV82311.1	QXV79409.1
QXV82311.1	QXV80732.1
QXV82311.1	QXV83700.1
QXV82311.1	QXV84053.1
QXV82312.1	QXV82312.1
QXV82314.1	QXV82314.1
QXV82314.1	QXV80738.1
QXV82314.1	QXV79416.1
QXV82314.1	QXV84057.1
QXV82315.1	QXV82315.1
QXV82315.1	QXV80739.1
QXV82315.1	QXV84058.1
QXV82315.1	QXV84059.1
QXV82315.1	XPK40866.1
QXV82315.1	XPK40206.1
QXV82315.1	XPK40402.1
QXV82315.1	QXV76810.1
QXV82315.1	NP_041962.1
QXV82315.1	QXV80639.1
QXV82315.1	XPK42539.1
QXV82315.1	QXV77886.1
QXV82315.1	QXV80864.1
QXV82315.1	QXV78408.1
QXV82315.1	XPK40914.1
QXV82317.1	QXV82317.1
QXV82320.1	QXV82320.1
QXV82320.1	QXV80744.1
QXV82320.1	QXV79422.1
QXV82327.1	QXV82327.1
QXV82327.1	QXV80750.1
QXV82328.1	QXV82328.1
QXV82330.1	QXV82330.1
QXV82330.1	QXV80754.1
QXV82330.1	QXV84067.1
QXV82330.1	NP_049694.1
QXV82330.1	AYD82675.1
QXV82330.1	QXV76405.1
QXV82330.1	QXV82173.1
QXV82330.1	QXV83223.1
QXV82330.1	QXV83560.1
QXV82330.1	QXV84935.1
QXV82330.1	QXV75469.1
QXV82330.1	QXV76047.1
QXV82330.1	QXV79183.1
QXV82330.1	QXV78633.1
QXV82330.1	QXV78906.1
QXV82330.1	QXV86031.1
QXV82330.1	AXN58118.1
QXV82330.1	QXV79436.1
QXV82332.1	QXV82332.1
QXV82332.1	QXV79438.1
QXV82332.1	QXV84069.1
QXV82332.1	QXV83724.1
QXV82332.1	QXV83901.1
QXV82332.1	QXV81510.1
QXV82332.1	QXV78296.1
QXV82332.1	QXV80756.1
QXV82333.1	QXV82333.1
QXV82333.1	QXV79439.1
QXV82333.1	QXV80757.1
QXV82333.1	QXV84070.1
QXV82336.1	QXV82336.1
QXV82337.1	QXV82337.1
QXV82337.1	QXV79443.1
QXV82337.1	QXV80761.1
QXV82337.1	QXV84074.1
QXV82337.1	QXV80620.1
QXV82337.1	QXV77461.1
QXV82337.1	QXV81686.1
QXV82337.1	QXV83731.1
QXV82339.1	QXV82339.1
QXV82342.1	QXV82342.1
QXV82343.1	QXV82343.1
QXV82343.1	QXV77114.1
QXV82343.1	QXV79266.1
QXV82343.1	QXV79513.1
QXV82343.1	QXV84461.1
QXV82343.1	QXV85423.1
QXV82343.1	QXV85741.1
QXV82343.1	QXV75773.1
QXV82343.1	XPK42780.1
QXV82343.1	YP_950547.1
QXV82343.1	XPK43644.1
QXV82343.1	XPK41197.1
QXV82343.1	XPK41462.1
QXV82343.1	XPK42422.1
QXV82350.1	QXV82350.1
QXV82366.1	QXV82366.1
QXV82368.1	QXV82368.1
QXV82368.1	QXV79538.1
QXV82368.1	QXV80707.1
QXV82368.1	QXV77403.1
QXV82368.1	QXV82285.1
QXV82368.1	QXV83675.1
QXV82368.1	QXV84486.1
QXV82368.1	XPK41720.1
QXV82369.1	QXV82369.1
QXV82369.1	QXV79539.1
QXV82369.1	QXV85765.1
QXV82370.1	QXV82370.1
QXV82384.1	QXV82384.1
QXV82384.1	QXV85460.1
QXV82384.1	QXV85781.1
QXV82384.1	QXV79555.1
QXV82384.1	QXV84502.1
QXV82387.1	QXV82387.1
QXV82391.1	QXV82391.1
QXV82400.1	QXV82400.1
QXV82401.1	QXV82401.1
QXV82401.1	QXV77159.1
QXV82401.1	QXV84519.1
QXV82401.1	QXV79572.1
QXV82401.1	QXV85477.1
QXV82401.1	QXV85801.1
QXV82404.1	QXV82404.1
QXV82404.1	QXV79575.1
QXV82404.1	QXV84522.1
QXV82404.1	QXV85805.1
QXV82404.1	QXV85481.1
QXV82405.1	QXV82405.1
XPK40362.1	XPK40362.1
XPK40366.1	XPK40366.1
XPK40367.1	XPK40367.1
XPK40368.1	XPK40368.1
XPK40373.1	XPK40373.1
XPK40374.1	XPK40374.1
XPK40375.1	XPK40375.1
XPK40377.1	XPK40377.1
XPK40377.1	XPK43357.1
XPK40380.1	XPK40380.1
XPK40380.1	XPK42772.1
XPK40380.1	XPK43360.1
XPK40380.1	QXV81850.1
XPK40380.1	XPK41940.1
XPK40381.1	XPK40381.1
XPK40384.1	XPK40384.1
XPK40384.1	XPK43363.1
XPK40384.1	XPK43160.1
XPK40384.1	XPK42071.1
XPK40389.1	XPK40389.1
XPK40391.1	XPK40391.1
XPK40391.1	QXV80628.1
XPK40393.1	XPK40393.1
XPK40394.1	XPK40394.1
XPK40395.1	XPK40395.1
XPK40395.1	NP_041954.1
XPK40395.1	QXV80632.1
XPK40395.1	QXV80857.1
XPK40395.1	XPK40906.1
XPK40395.1	XPK40856.1
XPK40395.1	XPK42531.1
XPK40397.1	XPK40397.1
XPK40399.1	XPK40399.1
XPK40399.1	NP_041959.1
XPK40399.1	QXV76806.1
XPK40399.1	QXV78404.1
XPK40399.1	XPK40911.1
XPK40399.1	XPK42536.1
XPK40399.1	QXV80636.1
XPK40399.1	QXV80861.1
XPK40401.1	XPK40401.1
XPK40405.1	XPK40405.1
XPK40406.1	XPK40406.1
XPK40407.1	XPK40407.1
XPK40408.1	XPK40408.1
XPK40410.1	XPK40410.1
XPK40411.1	XPK40411.1
XPK40411.1	QXV79444.1
XPK40411.1	QXV80621.1
XPK40411.1	QXV80762.1
XPK40411.1	QXV82338.1
XPK40411.1	QXV80646.1
XPK40411.1	QXV81687.1
XPK40411.1	QXV84075.1
XPK40411.1	XPK40922.1
XPK40419.1	XPK40419.1
XPK40419.1	XPK40930.1
XPK40419.1	XPK42554.1
XPK40422.1	XPK40422.1
XPK40422.1	XPK42557.1
XPK40426.1	XPK40426.1
XPK40427.1	XPK40427.1
XPK40427.1	NP_041990.1
XPK40427.1	QXV76832.1
XPK40427.1	QXV80887.1
XPK40427.1	XPK42562.1
XPK40428.1	XPK40428.1
XPK40428.1	QXV78430.1
XPK40430.1	XPK40430.1
XPK40434.1	XPK40434.1
XPK40442.1	XPK40442.1
XPK40450.1	XPK40450.1
XPK40451.1	XPK40451.1
XPK40454.1	XPK40454.1
XPK40459.1	XPK40459.1
XPK40464.1	XPK40464.1
XPK40464.1	XPK40975.1
XPK40464.1	XPK42096.1
XPK40464.1	XPK42464.1
XPK40464.1	XPK42598.1
XPK40464.1	XPK43185.1
XPK40464.1	XPK43684.1
XPK40467.1	XPK40467.1
XPK40482.1	XPK40482.1
XPK40483.1	XPK40483.1
XPK40491.1	XPK40491.1
XPK40494.1	XPK40494.1
XPK40497.1	XPK40497.1
XPK40498.1	XPK40498.1
XPK40510.1	XPK40510.1
XPK40514.1	XPK40514.1
XPK40517.1	XPK40517.1
XPK40518.1	XPK40518.1
XPK40518.1	XPK41029.1
XPK40518.1	XPK42152.1
XPK40518.1	XPK42654.1
XPK40518.1	XPK43240.1
XPK40520.1	XPK40520.1
XPK40520.1	XPK41031.1
XPK40520.1	XPK42154.1
XPK40520.1	XPK42522.1
XPK40520.1	XPK42656.1
XPK40520.1	XPK43242.1
XPK40520.1	XPK43745.1
XPK40522.1	XPK40522.1
XPK40523.1	XPK40523.1
XPK40526.1	XPK40526.1
XPK40526.1	XPK40615.1
XPK40526.1	XPK42946.1
XPK40526.1	XPK43370.1
XPK40528.1	XPK40528.1
XPK40529.1	XPK40529.1
XPK40531.1	XPK40531.1
XPK40532.1	XPK40532.1
XPK40537.1	XPK40537.1
XPK40539.1	XPK40539.1
XPK40539.1	XPK40630.1
XPK40539.1	XPK42961.1
XPK40539.1	XPK43383.1
XPK40542.1	XPK40542.1
XPK40542.1	XPK43386.1
XPK40543.1	XPK40543.1
XPK40548.1	XPK40548.1
XPK40549.1	XPK40549.1
XPK40550.1	XPK40550.1
NP_414902.1	NP_414902.1
NP_414902.1	NP_417145.4
NP_414909.2	NP_414909.2
NP_414909.2	NP_416668.3
NP_414909.2	NP_415850.1
NP_414909.2	NP_417816.1
NP_414911.1	NP_414911.1
NP_414913.1	NP_414913.1
NP_414914.2	NP_414914.2
NP_414916.1	NP_414916.1
NP_414918.4	NP_414918.4
NP_414921.2	NP_414921.2
NP_414921.2	NP_415676.1
NP_414921.2	YP_006499.1
NP_414921.2	NP_416063.1
NP_414921.2	NP_415892.1
NP_414923.1	NP_414923.1
NP_414925.1	NP_414925.1
NP_414931.1	NP_414931.1
NP_414934.1	NP_414934.1
NP_414934.1	NP_416582.1
NP_414934.1	NP_415102.1
NP_414934.1	NP_415647.1
NP_414934.1	NP_416126.1
NP_414934.1	NP_416477.1
NP_414934.1	NP_417051.2
NP_414934.1	NP_417498.1
NP_414934.1	NP_417863.1
NP_414934.1	NP_418347.1
NP_414934.1	NP_418431.1
NP_414934.1	NP_418816.1
NP_414934.1	NP_418536.1
NP_414938.1	NP_414938.1
NP_414939.1	NP_414939.1
NP_414941.1	NP_414941.1
NP_414942.1	NP_414942.1
NP_414942.1	NP_416448.1
NP_414944.1	NP_414944.1
NP_414946.4	NP_414946.4
NP_414947.1	NP_414947.1
NP_414948.1	NP_414948.1
NP_414950.1	NP_414950.1
NP_414952.1	NP_414952.1
NP_414954.1	NP_414954.1
NP_414954.1	YP_026188.1
NP_414954.1	NP_416960.1
NP_414956.1	NP_414956.1
NP_414960.2	NP_414960.2
NP_414962.1	NP_414962.1
NP_414962.1	NP_418464.1
NP_414962.1	NP_418365.1
NP_414962.1	NP_414955.1
NP_414962.1	NP_417654.1
NP_414963.1	NP_414963.1
NP_414964.1	NP_414964.1
NP_414965.1	NP_414965.1
NP_414966.1	NP_414966.1
NP_414970.1	NP_414970.1
NP_414973.1	NP_414973.1
NP_414975.1	NP_414975.1
NP_414976.1	NP_414976.1
NP_414986.1	NP_414986.1
NP_414987.3	NP_414987.3
NP_414988.1	NP_414988.1
NP_414991.4	NP_414991.4
NP_414994.1	NP_414994.1
NP_414999.1	NP_414999.1
NP_415000.1	NP_415000.1
NP_415001.1	NP_415001.1
NP_415002.1	NP_415002.1
NP_415002.1	NP_418099.1
NP_415003.1	NP_415003.1
NP_415003.1	NP_415101.1
NP_415004.1	NP_415004.1
NP_415005.1	NP_415005.1
NP_415006.1	NP_415006.1
NP_415006.1	QXV76948.1
NP_415006.1	QXV75111.1
NP_415006.1	NP_417502.1
NP_415006.1	QXV83145.1
NP_415006.1	AXN58044.1
NP_415006.1	AYD82600.1
NP_415006.1	QXV75390.1
NP_415006.1	QXV75966.1
NP_415006.1	QXV76326.1
NP_415006.1	QXV78554.1
NP_415006.1	QXV78825.1
NP_415006.1	QXV79103.1
NP_415006.1	QXV82095.1
NP_415006.1	QXV83479.1
NP_415006.1	QXV84852.1
NP_415006.1	QXV85951.1
NP_415010.1	NP_415010.1
NP_415011.1	NP_415011.1
NP_415011.1	NP_415535.1
NP_415011.1	NP_417809.1
NP_415011.1	NP_414589.1
NP_415011.1	NP_418489.1
NP_415011.1	NP_416119.1
NP_415011.1	NP_415407.1
NP_415011.1	NP_414982.1
NP_415011.1	NP_414983.1
NP_415011.1	NP_415406.1
NP_415011.1	NP_415434.1
NP_415011.1	NP_416715.1
NP_415011.1	NP_416013.1
NP_415011.1	NP_415724.2
NP_415011.1	NP_416760.1
NP_415011.1	NP_415852.2
NP_415011.1	NP_417408.1
NP_415011.1	NP_418505.2
NP_415011.1	NP_415480.2
NP_415011.1	NP_416162.1
NP_415011.1	NP_417707.1
NP_415011.1	NP_417817.2
NP_415011.1	YP_026244.1
NP_415013.1	NP_415013.1
NP_415013.1	NP_418634.1
NP_415014.1	NP_415014.1
NP_415014.1	NP_416301.1
NP_415015.1	NP_415015.1
NP_415021.2	NP_415021.2
NP_415022.1	NP_415022.1
NP_415022.1	NP_418596.1
NP_415022.1	QXV77289.1
NP_415022.1	QXV79687.1
NP_415022.1	QXV80094.1
NP_415022.1	QXV80261.1
NP_415022.1	QXV80437.1
NP_415022.1	QXV84383.1
NP_415022.1	QXV84638.1
NP_415022.1	QXV85154.1
NP_415022.1	QXV85324.1
NP_415022.1	YP_006908.1
NP_415022.1	YP_950498.1
NP_415022.1	QXV75829.1
NP_415024.4	NP_415024.4
NP_415025.4	NP_415025.4
NP_415029.1	NP_415029.1
NP_415036.1	NP_415036.1
NP_415038.1	NP_415038.1
NP_415051.1	NP_415051.1
NP_415051.1	NP_414854.1
NP_415051.1	NP_415778.3
NP_415053.1	NP_415053.1
NP_415053.1	NP_414853.1
NP_415053.1	NP_417235.1
NP_415056.1	NP_415056.1
NP_415056.1	NP_415027.1
NP_415058.1	NP_415058.1
NP_415058.1	NP_417822.1
NP_415059.1	NP_415059.1
NP_415059.1	NP_416154.1
NP_415059.1	NP_416899.1
NP_415059.1	NP_417640.1
NP_415060.1	NP_415060.1
NP_415060.1	NP_416242.6
NP_415061.2	NP_415061.2
NP_415076.1	NP_415076.1
NP_415076.1	NP_415716.4
NP_415080.1	NP_415080.1
NP_415081.1	NP_415081.1
NP_415082.1	NP_415082.1
NP_415083.1	NP_415083.1
NP_415086.1	NP_415086.1
NP_415088.1	NP_415088.1
NP_415100.1	NP_415100.1
NP_415100.1	NP_415543.1
NP_415100.1	YP_026226.4
NP_415104.1	NP_415104.1
NP_415104.1	NP_417507.2
NP_415104.1	NP_418504.1
NP_415110.1	NP_415110.1
NP_415110.1	NP_415528.1
NP_415110.1	NP_416279.1
NP_415112.1	NP_415112.1
NP_415113.1	NP_415113.1
NP_415113.1	NP_414943.1
NP_415113.1	XPK42736.1
NP_415113.1	XPK40230.1
NP_415113.1	XPK40340.1
NP_415113.1	XPK41614.1
NP_415113.1	XPK41904.1
NP_415113.1	XPK42025.1
NP_415113.1	XPK42293.1
NP_415113.1	XPK43115.1
NP_415113.1	XPK43320.1
NP_415116.1	NP_415116.1
NP_415116.1	NP_414692.1
NP_415116.1	NP_415326.1
NP_415116.1	NP_415620.1
NP_415116.1	NP_415968.1
NP_415116.1	NP_416012.1
NP_415116.1	NP_416660.1
NP_415116.1	NP_418401.1
NP_415116.1	NP_418711.1
NP_415230.1	NP_415230.1
NP_415232.1	NP_415232.1
NP_415234.1	NP_415234.1
NP_415235.1	NP_415235.1
NP_415236.1	NP_415236.1
NP_415238.1	NP_415238.1
NP_415239.1	NP_415239.1
NP_415240.1	NP_415240.1
NP_415242.1	NP_415242.1
NP_415242.1	NP_418092.1
NP_415250.1	NP_415250.1
NP_415252.1	NP_415252.1
NP_415252.1	NP_418577.1
NP_415254.1	NP_415254.1
NP_415255.1	NP_415255.1
NP_415256.1	NP_415256.1
NP_415259.1	NP_415259.1
NP_415260.1	NP_415260.1
NP_415263.1	NP_415263.1
NP_415264.1	NP_415264.1
NP_415264.1	NP_414977.1
NP_415264.1	NP_415769.1
NP_415267.1	NP_415267.1
NP_415270.1	NP_415270.1
NP_415274.1	NP_415274.1
NP_415283.1	NP_415283.1
NP_415285.1	NP_415285.1
NP_415285.1	NP_416919.1
NP_415285.1	YP_026168.2
NP_415285.1	NP_415187.1
NP_415285.1	NP_414740.1
NP_415285.1	NP_415186.1
NP_415285.1	NP_415383.1
NP_415285.1	NP_416428.1
NP_415285.1	NP_416632.1
NP_415285.1	NP_416810.1
NP_415285.1	NP_415331.1
NP_415285.1	NP_415382.1
NP_415285.1	NP_416811.1
NP_415292.2	NP_415292.2
NP_415292.2	NP_415792.1
NP_415293.1	NP_415293.1
NP_415294.1	NP_415294.1
NP_415294.1	NP_415077.1
NP_415299.1	NP_415299.1
NP_415299.1	NP_416110.4
NP_415299.1	NP_415693.1
NP_415303.1	NP_415303.1
NP_415304.1	NP_415304.1
NP_415306.1	NP_415306.1
NP_415308.1	NP_415308.1
NP_415308.1	NP_415490.1
NP_415308.1	NP_415307.1
NP_415308.1	NP_416703.1
NP_415310.1	NP_415310.1
NP_415310.1	NP_415564.2
NP_415310.1	NP_417080.4
NP_415311.1	NP_415311.1
NP_415311.1	NP_416263.1
NP_415311.1	NP_414745.1
NP_415312.1	NP_415312.1
NP_415313.1	NP_415313.1
NP_415313.1	NP_415314.1
NP_415313.1	NP_417942.6
NP_415325.4	NP_415325.4
NP_415329.4	NP_415329.4
NP_415329.4	NP_415740.1
NP_415329.4	NP_416630.1
NP_415329.4	NP_416723.1
NP_415329.4	NP_416881.1
NP_415329.4	NP_416964.1
NP_415329.4	NP_418124.4
NP_415329.4	NP_418549.1
NP_415329.4	NP_415152.1
NP_415329.4	NP_418775.1
NP_415329.4	NP_415938.1
NP_415329.4	NP_416399.1
NP_415329.4	NP_416400.1
NP_415335.1	NP_415335.1
NP_415335.1	NP_415155.1
NP_415335.1	NP_416753.4
NP_415338.1	NP_415338.1
NP_415342.1	NP_415342.1
NP_415347.1	NP_415347.1
NP_415347.1	NP_418420.4
NP_415347.1	NP_417292.1
NP_415349.1	NP_415349.1
NP_415354.1	NP_415354.1
NP_415354.1	NP_416006.4
NP_415354.1	NP_417718.1
NP_415354.1	NP_417266.1
NP_415354.1	NP_415513.2
NP_415354.1	NP_416720.1
NP_415354.1	NP_416722.2
NP_415354.1	NP_417306.1
NP_415354.1	YP_026207.1
NP_415356.1	NP_415356.1
NP_415356.1	NP_415194.1
NP_415356.1	NP_416008.1
NP_415356.1	NP_417002.1
NP_415356.1	NP_417049.1
NP_415356.1	NP_414864.1
NP_415356.1	NP_416724.1
NP_415356.1	NP_417880.1
NP_415356.1	NP_418304.1
NP_415356.1	NP_418432.1
NP_415356.1	NP_418214.2
NP_415356.1	XPK41786.1
NP_415356.1	XPK41256.1
NP_415356.1	NP_417388.1
NP_415356.1	NP_418448.1
NP_415356.1	NP_418788.1
NP_415356.1	NP_417555.4
NP_415357.1	NP_415357.1
NP_415362.1	NP_415362.1
NP_415362.1	NP_416679.4
NP_415364.1	NP_415364.1
NP_415369.1	NP_415369.1
NP_415371.1	NP_415371.1
NP_415372.1	NP_415372.1
NP_415379.1	NP_415379.1
NP_415386.1	NP_415386.1
NP_415387.1	NP_415387.1
NP_415388.1	NP_415388.1
NP_415394.4	NP_415394.4
NP_415394.4	NP_418567.1
NP_415396.1	NP_415396.1
NP_415396.1	NP_418362.1
NP_415396.1	YP_026212.2
NP_415396.1	NP_416849.1
NP_415396.1	NP_416987.1
NP_415396.1	NP_415424.1
NP_415398.1	NP_415398.1
NP_415400.1	NP_415400.1
NP_415402.1	NP_415402.1
NP_415402.1	NP_418413.1
NP_415403.1	NP_415403.1
NP_415405.1	NP_415405.1
NP_415408.1	NP_415408.1
NP_415410.1	NP_415410.1
NP_415411.2	NP_415411.2
NP_415411.2	NP_415727.1
NP_415411.2	NP_416102.2
NP_415413.1	NP_415413.1
NP_415425.4	NP_415425.4
NP_415426.1	NP_415426.1
NP_415427.1	NP_415427.1
NP_415427.1	NP_415297.1
NP_415427.1	NP_416756.6
NP_415427.1	NP_417046.1
NP_415427.1	NP_417481.1
NP_415427.1	NP_417974.1
NP_415427.1	NP_416010.1
NP_415427.1	NP_418074.1
NP_415427.1	NP_418164.4
NP_415427.1	YP_026169.1
NP_415427.1	NP_416195.1
NP_415427.1	NP_417290.1
NP_415427.1	NP_415818.1
NP_415427.1	NP_417148.1
NP_415427.1	NP_414696.1
NP_415427.1	NP_415295.1
NP_415427.1	NP_417544.5
NP_415427.1	NP_417818.1
NP_415427.1	NP_416262.1
NP_415427.1	NP_417835.1
NP_415427.1	NP_418374.1
NP_415427.1	NP_416880.1
NP_415427.1	NP_415133.1
NP_415427.1	NP_415391.1
NP_415427.1	NP_415956.1
NP_415427.1	NP_418760.1
NP_415427.1	NP_416139.1
NP_415427.1	NP_416525.1
NP_415427.1	NP_416793.1
NP_415427.1	NP_418048.1
NP_415427.1	NP_418238.1
NP_415427.1	NP_418478.1
NP_415427.1	NP_415448.1
NP_415427.1	YP_026231.1
NP_415432.1	NP_415432.1
NP_415432.1	NP_414974.1
NP_415432.1	NP_416227.1
NP_415432.1	NP_418428.1
NP_415433.4	NP_415433.4
NP_415435.1	NP_415435.1
NP_415436.1	NP_415436.1
NP_415437.1	NP_415437.1
NP_415440.1	NP_415440.1
NP_415440.1	NP_415321.1
NP_415440.1	NP_417557.1
NP_415440.1	NP_416649.1
NP_415442.1	NP_415442.1
NP_415443.2	NP_415443.2
NP_415444.1	NP_415444.1
NP_415445.1	NP_415445.1
NP_415446.1	NP_415446.1
NP_415447.1	NP_415447.1
NP_415447.1	NP_414748.1
NP_415447.1	NP_418516.1
NP_415447.1	NP_416771.4
NP_415450.1	NP_415450.1
NP_415450.1	NP_418553.1
NP_415450.1	NP_417366.1
NP_415450.1	NP_416380.1
NP_415451.1	NP_415451.1
NP_415452.1	NP_415452.1
NP_415456.4	NP_415456.4
NP_415456.4	NP_414899.2
NP_415456.4	NP_417165.1
NP_415456.4	NP_418529.1
NP_415456.4	NP_415284.1
NP_415456.4	NP_418036.1
NP_415456.4	NP_415188.1
NP_415456.4	NP_415332.1
NP_415456.4	NP_416430.1
NP_415456.4	NP_415384.1
NP_415456.4	NP_415381.1
NP_415456.4	NP_416813.1
NP_415456.4	NP_416812.1
NP_415456.4	NP_418184.1
NP_415456.4	NP_418402.2
NP_415456.4	NP_418207.1
NP_415456.4	NP_415514.1
NP_415456.4	NP_416033.1
NP_415456.4	NP_416414.1
NP_415456.4	NP_416635.1
NP_415456.4	NP_416655.1
NP_415456.4	NP_417043.1
NP_415456.4	NP_417546.1
NP_415456.4	NP_418023.1
NP_415456.4	NP_418351.1
NP_415456.4	NP_418376.1
NP_415456.4	NP_418512.1
NP_415456.4	NP_418648.1
NP_415456.4	NP_418458.1
NP_415456.4	NP_415375.1
NP_415456.4	NP_415641.1
NP_415456.4	NP_415957.1
NP_415456.4	NP_418352.1
NP_415456.4	NP_414610.1
NP_415456.4	NP_416268.2
NP_415456.4	NP_416920.1
NP_415456.4	NP_417910.1
NP_415456.4	NP_415826.1
NP_415466.4	NP_415466.4
NP_415467.1	NP_415467.1
NP_415468.1	NP_415468.1
NP_415470.1	NP_415470.1
NP_415470.1	NP_416347.1
NP_415470.1	NP_417948.4
NP_415471.1	NP_415471.1
NP_415472.2	NP_415472.2
NP_415472.2	NP_414968.4
NP_415472.2	NP_415174.1
NP_415472.2	NP_415623.1
NP_415472.2	NP_414752.1
NP_415472.2	NP_415555.1
NP_415472.2	NP_415948.1
NP_415473.1	NP_415473.1
NP_415475.1	NP_415475.1
NP_415476.1	NP_415476.1
NP_415477.1	NP_415477.1
NP_415479.1	NP_415479.1
NP_415481.1	NP_415481.1
NP_415482.1	NP_415482.1
NP_415482.1	NP_417296.1
NP_415482.1	NP_418370.1
NP_415485.4	NP_415485.4
NP_415486.4	NP_415486.4
NP_415489.4	NP_415489.4
NP_415492.1	NP_415492.1
NP_415492.1	NP_417468.1
NP_415493.1	NP_415493.1
NP_415493.1	NP_418282.1
NP_415493.1	NP_418328.1
NP_415493.1	NP_415993.1
NP_415496.1	NP_415496.1
NP_415498.1	NP_415498.1
NP_415498.1	NP_415262.1
NP_415498.1	NP_417469.1
NP_415498.1	NP_417914.1
NP_415498.1	NP_416373.1
NP_415498.1	NP_417759.1
NP_415503.1	NP_415503.1
NP_415503.1	NP_416566.1
NP_415507.2	NP_415507.2
NP_415511.1	NP_415511.1
NP_415512.1	NP_415512.1
NP_415519.1	NP_415519.1
NP_415520.1	NP_415520.1
NP_415520.1	NP_414556.1
NP_415521.1	NP_415521.1
NP_415522.1	NP_415522.1
NP_415522.1	NP_415500.1
NP_415523.1	NP_415523.1
NP_415525.2	NP_415525.2
NP_415527.4	NP_415527.4
NP_415527.4	NP_415979.2
NP_415527.4	XPK43528.1
NP_415527.4	XPK40587.1
NP_415527.4	XPK40678.1
NP_415527.4	XPK43008.1
NP_415527.4	XPK43431.1
NP_415527.4	XPK41767.1
NP_415527.4	QXV79815.1
NP_415527.4	QXV75579.1
NP_415527.4	QXV76595.1
NP_415527.4	QXV77495.1
NP_415527.4	QXV80929.1
NP_415527.4	QXV81151.1
NP_415527.4	QXV82549.1
NP_415527.4	QXV82769.1
NP_415527.4	QXV79530.1
NP_415527.4	QXV77130.1
NP_415527.4	QXV77722.1
NP_415527.4	QXV77931.1
NP_415527.4	QXV79282.1
NP_415527.4	QXV82360.1
NP_415527.4	QXV84107.1
NP_415527.4	QXV84478.1
NP_415527.4	QXV85440.1
NP_415527.4	QXV85539.1
NP_415527.4	QXV85758.1
NP_415527.4	XPK43692.1
NP_415527.4	XPK40472.1
NP_415527.4	XPK40983.1
NP_415527.4	XPK42104.1
NP_415527.4	XPK42472.1
NP_415527.4	XPK42606.1
NP_415527.4	XPK43193.1
NP_415534.1	NP_415534.1
NP_415537.1	NP_415537.1
NP_415538.1	NP_415538.1
NP_415539.1	NP_415539.1
NP_415539.1	NP_417076.1
NP_415539.1	NP_417207.1
NP_415540.1	NP_415540.1
NP_415548.1	NP_415548.1
NP_415551.2	NP_415551.2
NP_415551.2	NP_415898.1
NP_415551.2	NP_418009.2
NP_415551.2	NP_415062.1
NP_415551.2	NP_417593.4
NP_415551.2	NP_415047.1
NP_415553.1	NP_415553.1
NP_415553.1	NP_416108.2
NP_415553.1	NP_415518.1
NP_415554.4	NP_415554.4
NP_415554.4	NP_414851.1
NP_415557.1	NP_415557.1
NP_415560.1	NP_415560.1
NP_415560.1	NP_415559.1
NP_415561.1	NP_415561.1
NP_415561.1	NP_414592.1
NP_415561.1	YP_006496.1
NP_415561.1	NP_415622.1
NP_415562.1	NP_415562.1
NP_415567.1	NP_415567.1
NP_415568.1	NP_415568.1
NP_415569.4	NP_415569.4
NP_415573.1	NP_415573.1
NP_415574.1	NP_415574.1
NP_415574.1	NP_418604.1
NP_415576.1	NP_415576.1
NP_415578.3	NP_415578.3
NP_415579.1	NP_415579.1
NP_415581.1	NP_415581.1
NP_415585.1	NP_415585.1
NP_415588.1	NP_415588.1
NP_415589.1	NP_415589.1
NP_415590.1	NP_415590.1
NP_415592.1	NP_415592.1
NP_415592.1	NP_415591.1
NP_415593.1	NP_415593.1
NP_415593.1	NP_417806.1
NP_415594.1	NP_415594.1
NP_415595.1	NP_415595.1
NP_415595.1	NP_415596.1
NP_415597.1	NP_415597.1
NP_415600.1	NP_415600.1
NP_415600.1	NP_416433.1
NP_415600.1	NP_416434.1
NP_415601.1	NP_415601.1
NP_415602.1	NP_415602.1
NP_415603.2	NP_415603.2
NP_415605.2	NP_415605.2
NP_415605.2	NP_417714.1
NP_415605.2	NP_417429.1
NP_415606.1	NP_415606.1
NP_415607.1	NP_415607.1
NP_415610.1	NP_415610.1
NP_415612.1	NP_415612.1
NP_415614.1	NP_415614.1
NP_415614.1	YP_026247.1
NP_415615.1	NP_415615.1
NP_415621.3	NP_415621.3
NP_415626.4	NP_415626.4
NP_415626.4	NP_417503.1
NP_415627.1	NP_415627.1
NP_415627.1	NP_417191.1
NP_415627.1	NP_416183.1
NP_415627.1	NP_418397.2
NP_415627.1	NP_414658.1
NP_415627.1	NP_414838.2
NP_415627.1	NP_417037.1
NP_415627.1	NP_417957.1
NP_415627.1	NP_417351.1
NP_415627.1	NP_417748.1
NP_415627.1	NP_415390.4
NP_415627.1	NP_414616.1
NP_415632.1	NP_415632.1
NP_415636.1	NP_415636.1
NP_415636.1	NP_415634.1
NP_415636.1	NP_417919.1
NP_415639.1	NP_415639.1
NP_415639.1	NP_417258.4
NP_415639.1	NP_418189.1
NP_416302.2	NP_416302.2
NP_416303.1	NP_416303.1
NP_416304.1	NP_416304.1
NP_416304.1	NP_418342.2
NP_416304.1	NP_414839.1
NP_416304.1	NP_416883.1
NP_416304.1	NP_414606.1
NP_416304.1	NP_415096.1
NP_416304.1	NP_415078.1
NP_416304.1	NP_417972.1
NP_416304.1	NP_415902.1
NP_416304.1	NP_416016.1
NP_416304.1	NP_416249.1
NP_416304.1	NP_418389.1
NP_416304.1	NP_416932.1
NP_416304.1	NP_417483.2
NP_416304.1	NP_417973.1
NP_416304.1	NP_418136.2
NP_416304.1	NP_418341.1
NP_416304.1	NP_418540.1
NP_416304.1	NP_415098.1
NP_416304.1	NP_416211.1
NP_416304.1	NP_418542.1
NP_416306.2	NP_416306.2
NP_416307.1	NP_416307.1
NP_416307.1	YP_588453.1
NP_416309.1	NP_416309.1
NP_416309.1	NP_415713.1
NP_416310.1	NP_416310.1
NP_416311.1	NP_416311.1
NP_416316.1	NP_416316.1
NP_416316.1	NP_417033.1
NP_416317.1	NP_416317.1
NP_416317.1	NP_415393.1
NP_416317.1	NP_415910.1
NP_416318.1	NP_416318.1
NP_416321.1	NP_416321.1
NP_416322.1	NP_416322.1
NP_416322.1	NP_415300.1
NP_416322.1	NP_415320.1
NP_416324.2	NP_416324.2
NP_416325.1	NP_416325.1
NP_416326.1	NP_416326.1
NP_416326.1	NP_415125.1
NP_416326.1	NP_415780.1
NP_416326.1	NP_416768.4
NP_416327.1	NP_416327.1
NP_416329.4	NP_416329.4
NP_416329.4	NP_414990.2
NP_416329.4	NP_418485.1
NP_416329.4	NP_415686.2
NP_416329.4	NP_415801.1
NP_416329.4	NP_416681.1
NP_416329.4	NP_417986.4
NP_416334.1	NP_416334.1
NP_416338.1	NP_416338.1
NP_416339.1	NP_416339.1
NP_416340.1	NP_416340.1
NP_416341.1	NP_416341.1
NP_416341.1	NP_414806.1
NP_416341.1	NP_415039.1
NP_416341.1	NP_416751.1
NP_416341.1	NP_418719.1
NP_416341.1	NP_418442.2
NP_416341.1	NP_418031.1
NP_416341.1	NP_414880.2
NP_416341.1	QXV77323.1
NP_416341.1	QXV79734.1
NP_416341.1	QXV80130.1
NP_416341.1	QXV80302.1
NP_416341.1	QXV80482.1
NP_416341.1	QXV84410.1
NP_416341.1	QXV84679.1
NP_416341.1	QXV85195.1
NP_416341.1	QXV85368.1
NP_416341.1	YP_006869.1
NP_416341.1	QXV75087.1
NP_416341.1	AXN58285.1
NP_416341.1	AYD82840.1
NP_416341.1	NP_049865.1
NP_416341.1	QXV75362.1
NP_416341.1	QXV75939.1
NP_416341.1	QXV76297.1
NP_416341.1	QXV76925.1
NP_416341.1	QXV78527.1
NP_416341.1	QXV78797.1
NP_416341.1	QXV79074.1
NP_416341.1	QXV82068.1
NP_416341.1	QXV83116.1
NP_416341.1	QXV83450.1
NP_416341.1	QXV84824.1
NP_416341.1	QXV85922.1
NP_416341.1	NP_416792.1
NP_416341.1	NP_414788.1
NP_416341.1	NP_415162.4
NP_416341.1	NP_415844.1
NP_416341.1	NP_415855.1
NP_416341.1	NP_414872.3
NP_416341.1	NP_415289.4
NP_416341.1	NP_416904.1
NP_416341.1	NP_418396.1
NP_416341.1	NP_416043.1
NP_416341.1	NP_416112.1
NP_416341.1	NP_416519.4
NP_416341.1	NP_414850.1
NP_416341.1	NP_415037.1
NP_416341.1	NP_416176.1
NP_416341.1	NP_417576.1
NP_416341.1	NP_416662.1
NP_416341.1	NP_416900.1
NP_416341.1	NP_417588.1
NP_416341.1	NP_417032.1
NP_416341.1	NP_417396.4
NP_416341.1	NP_417710.1
NP_416341.1	NP_414744.1
NP_416341.1	NP_416313.4
NP_416341.1	NP_417391.1
NP_416341.1	NP_417532.1
NP_416341.1	NP_418167.1
NP_416341.1	NP_418221.1
NP_416341.1	NP_415939.2
NP_416341.1	YP_026214.1
NP_416341.1	YP_026246.1
NP_416341.1	NP_418042.1
NP_416341.1	NP_414561.1
NP_416341.1	NP_415136.1
NP_416341.1	NP_415420.1
NP_416341.1	NP_417072.4
NP_416341.1	NP_418747.1
NP_416341.1	NP_415791.1
NP_416341.1	NP_416492.1
NP_416341.1	NP_416493.1
NP_416341.1	NP_414618.4
NP_416341.1	NP_417316.1
NP_416341.1	NP_417288.1
NP_416341.1	NP_417978.2
NP_416341.1	NP_416865.1
NP_416341.1	NP_418272.1
NP_416344.1	NP_416344.1
NP_416346.4	NP_416346.4
NP_416348.2	NP_416348.2
NP_416349.2	NP_416349.2
NP_416350.4	NP_416350.4
NP_416351.2	NP_416351.2
NP_416351.2	NP_416093.1
NP_416353.1	NP_416353.1
NP_416354.1	NP_416354.1
NP_416355.1	NP_416355.1
NP_416355.1	QXV79272.1
NP_416355.1	QXV77120.1
NP_416355.1	QXV82348.1
NP_416355.1	QXV79518.1
NP_416355.1	QXV84466.1
NP_416355.1	QXV85428.1
NP_416355.1	QXV85746.1
NP_416355.1	XPK42455.1
NP_416355.1	XPK40455.1
NP_416355.1	XPK40966.1
NP_416355.1	XPK42590.1
NP_416355.1	XPK43176.1
NP_416355.1	XPK43675.1
NP_416356.1	NP_416356.1
NP_416357.1	NP_416357.1
NP_416357.1	NP_414754.1
NP_416358.1	NP_416358.1
NP_416358.1	NP_414751.1
NP_416359.1	NP_416359.1
NP_416360.1	NP_416360.1
NP_416362.1	NP_416362.1
NP_416363.1	NP_416363.1
NP_416363.1	NP_415055.1
NP_416363.1	NP_417722.1
NP_416363.1	NP_418433.1
NP_416366.1	NP_416366.1
NP_416366.1	NP_414730.1
NP_416366.1	NP_415651.4
NP_416375.1	NP_416375.1
NP_416376.2	NP_416376.2
NP_416376.2	NP_418372.1
NP_416377.1	NP_416377.1
NP_416377.1	XPK42816.1
NP_416377.1	QXV75800.1
NP_416377.1	YP_950524.1
NP_416377.1	QXV81097.1
NP_416377.1	QXV75747.1
NP_416377.1	QXV76768.1
NP_416377.1	QXV77667.1
NP_416377.1	QXV77875.1
NP_416377.1	QXV78104.1
NP_416377.1	QXV79985.1
NP_416377.1	QXV81320.1
NP_416377.1	QXV82715.1
NP_416377.1	QXV82941.1
NP_416377.1	QXV84277.1
NP_416377.1	QXV85714.1
NP_416379.1	NP_416379.1
NP_416379.1	NP_417307.1
NP_416379.1	NP_416754.1
NP_416379.1	NP_414641.1
NP_416379.1	NP_416273.1
NP_416379.1	NP_415652.1
NP_416379.1	QXV82216.1
NP_416379.1	AXN58159.1
NP_416379.1	AYD82726.1
NP_416379.1	NP_049737.1
NP_416379.1	QXV75515.1
NP_416379.1	QXV76095.1
NP_416379.1	QXV76448.1
NP_416379.1	QXV78675.1
NP_416379.1	QXV78955.1
NP_416379.1	QXV79234.1
NP_416379.1	QXV83268.1
NP_416379.1	QXV83610.1
NP_416379.1	QXV84970.1
NP_416379.1	QXV86079.1
NP_416379.1	NP_416555.2
NP_416379.1	QXV77066.1
NP_416379.1	QXV75233.1
NP_416381.2	NP_416381.2
NP_416381.2	NP_415417.1
NP_416381.2	NP_415531.2
NP_416381.2	NP_416282.4
NP_416382.1	NP_416382.1
NP_416382.1	NP_414953.2
NP_416382.1	NP_414743.1
NP_416382.1	NP_415924.1
NP_416382.1	NP_416285.1
NP_416382.1	NP_417311.1
NP_416382.1	NP_417474.1
NP_416382.1	NP_417485.4
NP_416382.1	NP_416959.1
NP_416382.1	NP_414549.1
NP_416382.1	YP_026213.1
NP_416382.1	NP_416034.1
NP_416382.1	NP_416664.1
NP_416382.1	NP_417629.1
NP_416382.1	NP_414795.1
NP_416382.1	NP_415099.1
NP_416382.1	NP_415241.1
NP_416382.1	NP_415733.1
NP_416382.1	NP_417644.4
NP_416382.1	NP_418418.2
NP_416382.1	NP_416247.1
NP_416382.1	NP_417595.1
NP_416382.1	NP_416748.1
NP_416382.1	NP_417627.1
NP_416382.1	NP_417906.1
NP_416382.1	NP_418039.2
NP_416382.1	NP_415776.1
NP_416382.1	NP_415830.2
NP_416382.1	NP_416759.1
NP_416382.1	NP_418309.1
NP_416382.1	NP_418618.1
NP_416382.1	QXV81770.1
NP_416382.1	NP_415725.1
NP_416382.1	QXV83989.1
NP_416382.1	QXV78383.1
NP_416382.1	QXV81594.1
NP_416382.1	YP_025305.1
NP_416382.1	NP_416295.1
NP_416383.4	NP_416383.4
NP_416387.1	NP_416387.1
NP_416387.1	NP_415516.1
NP_416389.4	NP_416389.4
NP_416391.4	NP_416391.4
NP_416393.1	NP_416393.1
NP_416394.1	NP_416394.1
QXV75708.1	QXV75708.1
QXV75715.1	QXV75715.1
QXV75715.1	QXV76734.1
QXV75715.1	QXV77633.1
QXV75715.1	QXV78071.1
QXV75715.1	QXV79953.1
QXV75715.1	QXV81288.1
QXV75715.1	QXV82682.1
QXV75715.1	QXV82907.1
QXV75715.1	QXV84245.1
QXV75716.1	QXV75716.1
QXV75720.1	QXV75720.1
QXV75720.1	QXV76739.1
QXV75720.1	QXV78076.1
QXV75720.1	QXV81070.1
QXV75720.1	QXV79958.1
QXV75720.1	QXV77848.1
QXV75720.1	QXV84250.1
QXV75720.1	QXV81293.1
QXV75720.1	QXV82687.1
QXV75720.1	QXV85683.1
QXV75720.1	QXV77638.1
QXV75720.1	QXV82912.1
QXV75724.1	QXV75724.1
QXV75724.1	QXV76743.1
QXV75724.1	QXV77642.1
QXV75724.1	QXV77852.1
QXV75724.1	QXV78080.1
QXV75724.1	QXV79962.1
QXV75724.1	QXV81074.1
QXV75724.1	QXV81297.1
QXV75724.1	QXV82691.1
QXV75724.1	QXV82916.1
QXV75724.1	QXV84254.1
QXV75724.1	QXV85687.1
QXV75728.1	QXV75728.1
QXV75730.1	QXV75730.1
QXV75730.1	QXV76751.1
QXV75730.1	QXV77650.1
QXV75730.1	QXV77858.1
QXV75730.1	QXV78086.1
QXV75730.1	QXV79968.1
QXV75730.1	QXV81080.1
QXV75730.1	QXV81303.1
QXV75730.1	QXV82697.1
QXV75730.1	QXV82924.1
QXV75730.1	QXV84260.1
QXV75730.1	QXV85695.1
QXV75736.1	QXV75736.1
QXV75736.1	QXV82930.1
QXV75736.1	QXV84266.1
QXV75736.1	QXV85703.1
QXV75736.1	QXV77864.1
QXV75736.1	QXV79974.1
QXV75736.1	QXV77656.1
QXV75745.1	QXV75745.1
QXV75745.1	QXV76766.1
QXV75745.1	QXV77665.1
QXV75745.1	QXV77873.1
QXV75745.1	QXV78102.1
QXV75745.1	QXV79983.1
QXV75745.1	QXV81095.1
QXV75745.1	QXV81318.1
QXV75745.1	QXV82713.1
QXV75745.1	QXV82939.1
QXV75745.1	QXV84275.1
QXV75745.1	QXV85712.1
QXV75745.1	XPK41845.1
QXV75745.1	XPK43057.1
QXV75745.1	XPK40183.1
QXV75745.1	XPK41570.1
QXV75745.1	XPK41969.1
QXV75745.1	XPK42245.1
QXV75765.1	QXV75765.1
QXV75766.1	QXV75766.1
QXV75768.1	QXV75768.1
QXV75769.1	QXV75769.1
QXV75769.1	QXV76792.1
QXV75769.1	QXV77691.1
QXV75769.1	QXV77899.1
QXV75769.1	QXV78126.1
QXV75769.1	QXV80008.1
QXV75769.1	QXV81120.1
QXV75769.1	QXV81343.1
QXV75769.1	QXV82738.1
QXV75769.1	QXV82963.1
QXV75769.1	QXV84301.1
QXV75769.1	QXV85737.1
QXV75770.1	QXV75770.1
QXV75779.1	QXV75779.1
QXV75780.1	QXV75780.1
QXV75780.1	XPK42786.1
QXV75780.1	YP_950540.1
QXV75783.1	QXV75783.1
QXV75789.1	QXV75789.1
QXV75796.1	QXV75796.1
QXV75797.1	QXV75797.1
QXV75798.1	QXV75798.1
QXV75799.1	QXV75799.1
QXV75799.1	YP_950525.1
QXV75803.1	QXV75803.1
QXV75803.1	XPK42820.1
QXV75803.1	YP_950521.1
QXV75804.1	QXV75804.1
QXV75804.1	XPK42821.1
QXV75804.1	YP_950520.1
QXV75806.1	QXV75806.1
QXV75806.1	XPK42823.1
QXV75806.1	YP_950518.1
XPK41897.1	XPK41897.1
XPK41897.1	QXV77288.1
XPK41897.1	QXV79686.1
XPK41897.1	QXV84637.1
XPK41897.1	QXV85153.1
XPK41897.1	QXV85323.1
XPK41897.1	XPK40224.1
XPK41897.1	XPK40334.1
XPK41897.1	XPK41608.1
XPK41897.1	XPK42019.1
XPK41897.1	XPK42287.1
XPK41897.1	XPK42730.1
XPK41897.1	XPK43109.1
XPK41897.1	XPK43314.1
XPK41900.1	XPK41900.1
XPK41916.1	XPK41916.1
XPK41918.1	XPK41918.1
XPK41918.1	XPK40240.1
XPK41918.1	XPK41624.1
XPK41918.1	XPK42038.1
XPK41918.1	XPK42303.1
XPK41918.1	XPK43129.1
XPK41919.1	XPK41919.1
XPK41921.1	XPK41921.1
XPK41922.1	XPK41922.1
XPK41927.1	XPK41927.1
XPK41928.1	XPK41928.1
XPK41929.1	XPK41929.1
XPK41932.1	XPK41932.1
XPK41933.1	XPK41933.1
XPK41933.1	XPK40248.1
XPK41933.1	XPK40372.1
XPK41933.1	XPK41632.1
XPK41933.1	XPK42059.1
XPK41933.1	XPK42311.1
XPK41933.1	XPK42764.1
XPK41933.1	XPK43148.1
XPK41933.1	XPK43352.1
XPK41933.1	QXV80255.1
XPK41933.1	QXV77284.1
XPK41933.1	QXV79681.1
XPK41933.1	QXV80088.1
XPK41933.1	QXV80430.1
XPK41933.1	QXV84377.1
XPK41933.1	QXV84632.1
XPK41933.1	QXV85147.1
XPK41933.1	QXV85318.1
XPK41933.1	YP_006911.1
XPK41933.1	QXV75614.1
XPK41933.1	QXV76631.1
XPK41933.1	QXV77532.1
XPK41933.1	QXV77758.1
XPK41933.1	QXV77967.1
XPK41933.1	QXV79851.1
XPK41933.1	QXV80964.1
XPK41933.1	QXV81187.1
XPK41933.1	QXV82585.1
XPK41933.1	QXV82805.1
XPK41933.1	QXV84144.1
XPK41933.1	QXV85575.1
XPK41933.1	QXV83790.1
XPK41933.1	QXV78182.1
XPK41933.1	QXV81399.1
XPK41934.1	XPK41934.1
XPK41937.1	XPK41937.1
XPK41944.1	XPK41944.1
XPK41944.1	XPK40386.1
XPK41944.1	XPK42777.1
XPK41944.1	XPK43365.1
XPK41945.1	XPK41945.1
XPK41967.1	XPK41967.1
XPK41971.1	XPK41971.1
XPK41978.1	XPK41978.1
XPK41980.1	XPK41980.1
XPK41981.1	XPK41981.1
XPK41983.1	XPK41983.1
XPK41986.1	XPK41986.1
XPK41986.1	XPK41864.1
XPK41986.1	XPK40299.1
XPK41986.1	XPK42697.1
XPK41986.1	XPK43280.1
XPK41987.1	XPK41987.1
XPK41987.1	XPK40197.1
XPK41987.1	XPK40300.1
XPK41987.1	XPK41582.1
XPK41987.1	XPK41865.1
XPK41987.1	XPK42257.1
XPK41987.1	XPK42698.1
XPK41987.1	XPK43074.1
XPK41987.1	XPK43281.1
XPK41994.1	XPK41994.1
XPK42563.1	XPK42563.1
XPK42565.1	XPK42565.1
XPK42570.1	XPK42570.1
XPK42571.1	XPK42571.1
XPK42571.1	NP_041999.1
XPK42571.1	QXV76838.1
XPK42571.1	QXV78435.1
XPK42571.1	QXV80669.1
XPK42571.1	QXV80894.1
XPK42571.1	XPK40435.1
XPK42571.1	XPK40893.1
XPK42571.1	XPK40946.1
XPK42585.1	XPK42585.1
XPK42586.1	XPK42586.1
XPK42587.1	XPK42587.1
XPK42587.1	XPK40452.1
XPK42587.1	XPK40963.1
XPK42587.1	XPK42085.1
XPK42587.1	XPK42452.1
XPK42587.1	XPK43174.1
XPK42587.1	XPK43673.1
XPK42587.1	XPK41656.1
XPK42587.1	QXV79456.1
XPK42587.1	QXV81924.1
XPK42587.1	QXV82974.1
XPK42587.1	QXV83311.1
XPK42587.1	QXV85015.1
XPK42587.1	XPK41043.1
XPK42587.1	XPK42881.1
XPK42587.1	QXV84464.1
XPK42587.1	QXV79516.1
XPK42587.1	QXV82346.1
XPK42587.1	QXV85426.1
XPK42587.1	QXV85744.1
XPK42589.1	XPK42589.1
XPK42591.1	XPK42591.1
XPK42591.1	XPK40456.1
XPK42591.1	XPK42088.1
XPK42591.1	XPK43676.1
XPK42591.1	XPK40967.1
XPK42591.1	XPK42456.1
XPK42591.1	XPK43177.1
XPK42600.1	XPK42600.1
XPK42601.1	XPK42601.1
XPK42610.1	XPK42610.1
XPK42610.1	XPK40476.1
XPK42624.1	XPK42624.1
XPK42629.1	XPK42629.1
XPK42632.1	XPK42632.1
XPK42633.1	XPK42633.1
XPK42635.1	XPK42635.1
XPK42637.1	XPK42637.1
XPK42637.1	XPK40502.1
XPK42637.1	XPK41012.1
XPK42637.1	XPK42503.1
XPK42637.1	XPK42134.1
XPK42637.1	XPK43222.1
XPK42637.1	XPK43723.1
XPK42639.1	XPK42639.1
XPK42642.1	XPK42642.1
XPK42642.1	XPK42508.1
XPK42642.1	XPK43228.1
XPK42645.1	XPK42645.1
XPK42645.1	XPK42143.1
XPK42645.1	XPK42511.1
XPK42648.1	XPK42648.1
XPK42648.1	XPK41023.1
XPK42648.1	XPK42146.1
XPK42648.1	XPK43233.1
XPK42648.1	XPK43735.1
XPK42648.1	XPK40512.1
XPK42648.1	XPK41273.1
XPK42648.1	XPK42514.1
XPK42650.1	XPK42650.1
XPK42651.1	XPK42651.1
XPK42651.1	XPK42149.1
XPK42651.1	XPK42517.1
XPK42651.1	XPK43237.1
XPK42652.1	XPK42652.1
XPK42652.1	XPK43238.1
XPK42652.1	XPK43741.1
XPK42652.1	XPK41027.1
XPK42653.1	XPK42653.1
XPK42655.1	XPK42655.1
XPK42659.1	XPK42659.1
XPK42668.1	XPK42668.1
XPK42668.1	XPK40167.1
XPK42668.1	XPK40268.1
XPK42668.1	XPK41831.1
XPK42668.1	XPK41954.1
XPK42668.1	XPK43042.1
XPK42668.1	XPK43253.1
XPK42668.1	XPK41556.1
XPK42668.1	XPK42231.1
XPK42668.1	XPK43258.1
XPK42668.1	XPK41561.1
XPK42668.1	XPK40175.1
XPK42668.1	XPK41959.1
XPK42668.1	XPK42236.1
XPK42668.1	XPK42673.1
XPK42668.1	XPK43047.1
XPK42668.1	XPK41836.1
XPK42668.1	XPK40273.1
XPK42687.1	XPK42687.1
XPK42687.1	XPK40287.1
XPK42687.1	XPK43271.1
XPK42687.1	NP_418713.1
XPK42687.1	NP_417068.1
XPK42687.1	XPK41851.1
XPK42687.1	XPK42250.1
XPK42687.1	XPK41975.1
XPK42687.1	XPK43063.1
XPK42687.1	XPK40190.1
XPK42687.1	XPK41575.1
XPK42691.1	XPK42691.1
XPK42691.1	XPK40291.1
XPK42691.1	NP_041974.1
XPK42694.1	XPK42694.1
XPK42694.1	XPK41581.1
XPK42694.1	XPK43277.1
XPK42694.1	XPK40294.1
XPK42694.1	XPK40298.1
XPK42694.1	XPK40196.1
XPK42694.1	XPK41985.1
XPK42694.1	XPK42256.1
XPK42694.1	XPK43073.1
XPK42695.1	XPK42695.1
XPK42695.1	XPK40295.1
XPK42699.1	XPK42699.1
XPK42699.1	XPK40301.1
XPK42704.1	XPK42704.1
XPK42710.1	XPK42710.1
XPK42717.1	XPK42717.1
XPK42718.1	XPK42718.1
XPK42738.1	XPK42738.1
XPK42738.1	XPK40232.1
XPK42738.1	XPK40342.1
XPK42738.1	XPK41616.1
XPK42738.1	XPK41906.1
XPK42738.1	XPK42027.1
XPK42738.1	XPK42295.1
XPK42738.1	XPK43117.1
XPK42738.1	XPK43322.1
XPK42740.1	XPK42740.1
XPK42740.1	XPK40343.1
XPK42740.1	XPK41908.1
XPK42743.1	XPK42743.1
XPK42743.1	XPK40346.1
XPK42743.1	XPK43326.1
XPK42751.1	XPK42751.1
XPK42751.1	XPK40355.1
XPK42758.1	XPK42758.1
XPK42758.1	XPK40363.1
XPK42759.1	XPK42759.1
XPK42760.1	XPK42760.1
XPK42763.1	XPK42763.1
XPK42763.1	XPK40371.1
XPK42765.1	XPK42765.1
XPK42766.1	XPK42766.1
XPK42767.1	XPK42767.1
XPK42768.1	XPK42768.1
XPK42768.1	XPK40376.1
XPK42768.1	XPK43356.1
XPK42768.1	XPK42062.1
XPK42768.1	XPK43152.1
XPK42768.1	XPK40251.1
XPK42768.1	XPK41640.1
XPK42768.1	XPK42319.1
XPK42768.1	XPK41936.1
XPK42773.1	XPK42773.1
XPK42773.1	XPK40382.1
XPK42783.1	XPK42783.1
XPK42785.1	XPK42785.1
XPK42788.1	XPK42788.1
XPK42789.1	XPK42789.1
XPK42791.1	XPK42791.1
XPK42791.1	YP_950536.1
XPK42791.1	QXV75785.1
XPK42795.1	XPK42795.1
XPK42795.1	XPK41297.1
XPK42796.1	XPK42796.1
XPK42796.1	QXV75790.1
XPK42796.1	YP_950531.1
XPK42797.1	XPK42797.1
XPK42797.1	QXV75791.1
XPK42797.1	YP_950530.1
XPK42798.1	XPK42798.1
XPK42798.1	QXV75792.1
XPK42798.1	YP_950529.1
XPK42800.1	XPK42800.1
XPK42801.1	XPK42801.1
XPK42801.1	YP_950527.1
XPK42801.1	QXV75794.1
XPK42803.1	XPK42803.1
XPK42804.1	XPK42804.1
XPK42805.1	XPK42805.1
XPK42806.1	XPK42806.1
XPK42807.1	XPK42807.1
XPK42808.1	XPK42808.1
XPK42809.1	XPK42809.1
XPK42810.1	XPK42810.1
XPK42811.1	XPK42811.1
XPK42812.1	XPK42812.1
XPK42814.1	XPK42814.1
XPK42815.1	XPK42815.1
XPK42819.1	XPK42819.1
XPK42822.1	XPK42822.1
XPK42825.1	XPK42825.1
XPK42825.1	QXV75809.1
XPK42825.1	YP_950516.1
XPK42829.1	XPK42829.1
XPK42830.1	XPK42830.1
XPK42830.1	YP_950512.1
XPK42830.1	QXV75813.1
XPK42832.1	XPK42832.1
XPK42833.1	XPK42833.1
XPK42834.1	XPK42834.1
XPK42834.1	QXV75816.1
XPK42834.1	YP_950509.1
XPK42835.1	XPK42835.1
XPK42836.1	XPK42836.1
XPK42838.1	XPK42838.1
XPK42838.1	YP_950507.1
XPK42838.1	QXV75818.1
XPK42839.1	XPK42839.1
XPK42841.1	XPK42841.1
XPK42841.1	QXV84668.1
XPK42841.1	YP_950505.1
XPK42841.1	QXV75821.1
XPK42846.1	XPK42846.1
XPK42847.1	XPK42847.1
XPK42848.1	XPK42848.1
XPK42849.1	XPK42849.1
XPK42849.1	YP_950495.1
XPK42849.1	QXV75832.1
XPK42850.1	XPK42850.1
XPK42857.1	XPK42857.1
XPK42858.1	XPK42858.1
XPK42858.1	XPK42063.1
XPK42858.1	XPK43153.1
XPK42859.1	XPK42859.1
XPK42860.1	XPK42860.1
XPK42862.1	XPK42862.1
XPK42863.1	XPK42863.1
XPK42864.1	XPK42864.1
XPK42865.1	XPK42865.1
XPK42866.1	XPK42866.1
XPK42867.1	XPK42867.1
XPK42868.1	XPK42868.1
XPK42869.1	XPK42869.1
XPK42870.1	XPK42870.1
XPK42871.1	XPK42871.1
XPK42872.1	XPK42872.1
XPK42876.1	XPK42876.1
XPK42876.1	QXV79452.1
XPK42876.1	QXV81920.1
XPK42876.1	QXV82970.1
XPK42876.1	QXV83307.1
XPK42876.1	QXV85011.1
XPK42876.1	XPK41038.1
XPK42876.1	XPK41652.1
XPK42876.1	XPK43168.1
XPK42876.1	XPK40446.1
XPK42876.1	XPK40957.1
XPK42876.1	XPK42079.1
XPK42876.1	XPK42446.1
XPK42876.1	XPK42581.1
XPK42876.1	XPK43667.1
XPK42877.1	XPK42877.1
XPK42880.1	XPK42880.1
XPK42884.1	XPK42884.1
XPK42888.1	XPK42888.1
XPK42888.1	QXV79463.1
XPK42888.1	QXV81931.1
XPK42888.1	QXV82981.1
XPK42888.1	QXV83318.1
XPK42888.1	QXV85022.1
XPK42888.1	XPK41050.1
XPK42888.1	XPK41663.1
XPK42888.1	QXV77389.1
XPK42888.1	QXV76496.1
XPK42888.1	QXV79371.1
XPK42888.1	QXV80550.1
XPK42888.1	QXV80689.1
XPK42888.1	QXV81618.1
XPK42888.1	QXV82267.1
XPK42888.1	QXV83659.1
XPK42888.1	QXV84013.1
XPK42888.1	QXV82451.1
XPK42888.1	QXV76148.1
XPK42888.1	QXV80779.1
XPK42888.1	QXV81844.1
XPK42888.1	YP_006972.1
XPK42888.1	QXV77218.1
XPK42888.1	QXV79619.1
XPK42888.1	QXV80026.1
XPK42888.1	QXV80194.1
XPK42888.1	QXV80365.1
XPK42888.1	QXV84317.1
XPK42888.1	QXV84568.1
XPK42888.1	QXV85254.1
XPK42888.1	QXV85082.1
XPK42890.1	XPK42890.1
XPK42891.1	XPK42891.1
XPK42892.1	XPK42892.1
XPK42899.1	XPK42899.1
XPK42899.1	QXV79285.1
XPK42899.1	QXV80790.1
XPK42899.1	QXV76159.1
XPK42899.1	QXV85443.1
XPK42899.1	XPK41062.1
XPK42901.1	XPK42901.1
XPK42901.1	QXV85034.1
XPK42901.1	XPK41064.1
XPK42901.1	QXV80566.1
XPK42901.1	QXV77406.1
XPK42901.1	QXV81634.1
XPK42901.1	QXV83678.1
XPK42901.1	QXV77134.1
XPK42901.1	QXV79387.1
XPK42901.1	QXV80711.1
XPK42901.1	QXV76511.1
XPK42901.1	XPK42577.1
XPK42901.1	QXV82466.1
XPK42901.1	QXV80675.1
XPK42901.1	NP_042005.1
XPK42901.1	QXV79476.1
XPK42901.1	XPK41676.1
XPK42901.1	QXV76844.1
XPK42901.1	XPK40441.1
XPK42901.1	XPK40952.1
XPK42901.1	QXV80373.1
XPK42901.1	AXN58180.1
XPK42901.1	AYD82747.1
XPK42901.1	NP_049757.1
XPK42901.1	QXV75263.1
XPK42901.1	QXV75537.1
XPK42901.1	QXV76118.1
XPK42901.1	QXV76469.1
XPK42901.1	QXV77100.1
XPK42901.1	QXV78695.1
XPK42901.1	QXV78976.1
XPK42901.1	QXV79252.1
XPK42901.1	QXV82240.1
XPK42901.1	QXV83290.1
XPK42901.1	QXV83632.1
XPK42901.1	QXV84993.1
XPK42901.1	QXV86101.1
XPK42901.1	NP_046775.1
XPK42901.1	QXV78441.1
XPK42901.1	QXV80900.1
XPK42901.1	QXV82993.1
XPK42905.1	XPK42905.1
XPK42908.1	XPK42908.1
XPK42908.1	QXV85041.1
XPK42908.1	XPK41071.1
XPK42908.1	QXV79482.1
XPK42908.1	QXV83000.1
XPK42911.1	XPK42911.1
XPK42911.1	QXV79485.1
XPK42911.1	QXV81953.1
XPK42911.1	QXV83003.1
XPK42911.1	QXV83340.1
XPK42911.1	QXV85044.1
XPK42911.1	XPK41074.1
XPK42911.1	XPK41686.1
XPK42911.1	XPK41408.1
XPK42911.1	XPK41147.1
XPK42911.1	XPK42370.1
XPK42911.1	XPK43594.1
XPK42911.1	XPK42612.1
XPK42911.1	XPK40478.1
XPK42911.1	XPK40988.1
XPK42911.1	XPK42110.1
XPK42911.1	XPK42477.1
XPK42911.1	XPK43198.1
XPK42911.1	XPK43698.1
XPK42911.1	QXV78209.1
XPK42911.1	NP_418258.1
XPK42911.1	YP_026251.1
XPK42911.1	QXV78567.1
XPK42911.1	AXN58057.1
XPK42911.1	AYD82611.1
XPK42911.1	NP_049632.1
XPK42911.1	QXV75404.1
XPK42911.1	QXV75980.1
XPK42911.1	QXV76340.1
XPK42911.1	QXV78839.1
XPK42911.1	QXV79118.1
XPK42911.1	QXV82109.1
XPK42911.1	QXV83158.1
XPK42911.1	QXV83492.1
XPK42911.1	QXV84866.1
XPK42911.1	QXV85965.1
XPK42911.1	QXV76958.1
XPK42911.1	QXV75121.1
XPK42911.1	QXV80677.1
XPK42911.1	QXV76484.1
XPK42911.1	QXV79359.1
XPK42911.1	QXV82255.1
XPK42911.1	QXV82439.1
XPK42911.1	QXV84001.1
XPK42911.1	QXV80537.1
XPK42911.1	QXV77377.1
XPK42911.1	QXV81606.1
XPK42911.1	QXV83647.1
XPK42911.1	QXV82588.1
XPK42911.1	QXV75617.1
XPK42911.1	QXV76634.1
XPK42911.1	QXV77535.1
XPK42911.1	QXV77761.1
XPK42911.1	QXV77970.1
XPK42911.1	QXV79854.1
XPK42911.1	QXV80967.1
XPK42911.1	QXV81190.1
XPK42911.1	QXV82808.1
XPK42911.1	QXV84147.1
XPK42911.1	QXV85578.1
XPK42911.1	XPK42826.1
XPK42911.1	XPK43605.1
XPK42911.1	XPK41158.1
XPK42911.1	XPK41421.1
XPK42911.1	XPK42382.1
XPK42911.1	YP_950515.1
XPK42911.1	QXV75810.1
XPK42919.1	XPK42919.1
XPK42923.1	XPK42923.1
XPK42924.1	XPK42924.1
XPK42925.1	XPK42925.1
XPK42928.1	XPK42928.1
XPK42929.1	XPK42929.1
XPK42930.1	XPK42930.1
XPK42930.1	XPK41092.1
XPK42933.1	XPK42933.1
XPK42933.1	XPK41095.1
XPK42934.1	XPK42934.1
XPK42934.1	XPK41096.1
XPK42934.1	QXV83023.1
XPK42934.1	QXV85063.1
XPK42934.1	QXV81973.1
XPK42934.1	QXV79504.1
XPK42934.1	QXV83359.1
XPK42936.1	XPK42936.1
XPK42941.1	XPK42941.1
XPK42945.1	XPK42945.1
XPK42945.1	XPK40614.1
XPK42945.1	XPK43369.1
XPK42945.1	XPK43458.1
XPK42945.1	XPK40525.1
XPK42949.1	XPK42949.1
XPK42949.1	XPK40618.1
XPK42953.1	XPK42953.1
XPK42954.1	XPK42954.1
XPK42957.1	XPK42957.1
XPK42957.1	XPK43471.1
XPK42957.1	XPK40535.1
XPK42957.1	XPK40626.1
XPK42957.1	XPK43379.1
XPK42957.1	XPK41241.1
XPK42958.1	XPK42958.1
XPK42958.1	XPK40627.1
XPK42958.1	XPK43380.1
NP_417493.1	NP_417493.1
NP_417494.1	NP_417494.1
NP_417499.1	NP_417499.1
NP_417504.1	NP_417504.1
NP_417504.1	NP_414706.2
NP_417504.1	QXV78325.1
NP_417504.1	QXV81536.1
NP_417504.1	QXV83930.1
NP_417504.1	NP_414591.1
NP_417504.1	NP_416352.4
NP_417504.1	NP_417214.1
NP_417504.1	QXV80137.1
NP_417504.1	QXV84684.1
NP_417504.1	QXV77330.1
NP_417504.1	QXV79740.1
NP_417504.1	QXV80310.1
NP_417504.1	QXV80488.1
NP_417504.1	QXV84417.1
NP_417504.1	QXV85201.1
NP_417504.1	QXV85375.1
NP_417504.1	YP_006863.1
NP_417504.1	XPK40763.1
NP_417504.1	NP_040641.1
NP_417504.1	YP_006556.1
NP_417504.1	YP_007112597.1
NP_417505.1	NP_417505.1
NP_417509.3	NP_417509.3
NP_417510.1	NP_417510.1
NP_417510.1	NP_418607.1
NP_417511.3	NP_417511.3
NP_417511.3	NP_414882.1
NP_417513.1	NP_417513.1
NP_417514.4	NP_417514.4
NP_417517.1	NP_417517.1
NP_417517.1	NP_414895.1
NP_417517.1	NP_415920.1
NP_417517.1	NP_416500.1
NP_417517.1	NP_417337.1
NP_417517.1	NP_418693.1
NP_417517.1	NP_416696.2
NP_417517.1	NP_414793.2
NP_417517.1	NP_415084.2
NP_417517.1	NP_415189.2
NP_417517.1	NP_415847.2
NP_417517.1	NP_415888.1
NP_417517.1	NP_416498.2
NP_417517.1	NP_416535.2
NP_417517.1	NP_417456.2
NP_417517.1	NP_417685.2
NP_417517.1	NP_417962.2
NP_417517.1	YP_009518770.2
NP_417517.1	NP_416895.2
NP_417517.1	NP_414557.1
NP_417517.1	NP_415114.1
NP_417517.1	NP_418015.1
NP_417517.1	NP_416593.1
NP_417517.1	NP_414833.1
NP_417517.1	NP_414906.1
NP_417517.1	NP_415073.1
NP_417517.1	NP_415545.1
NP_417521.1	NP_417521.1
NP_417522.1	NP_417522.1
NP_417523.1	NP_417523.1
NP_417525.1	NP_417525.1
NP_417526.1	NP_417526.1
NP_417526.1	NP_418817.1
NP_417527.1	NP_417527.1
NP_417528.1	NP_417528.1
NP_417528.1	NP_414685.4
NP_417531.1	NP_417531.1
NP_417533.1	NP_417533.1
NP_417534.1	NP_417534.1
NP_417535.1	NP_417535.1
NP_417535.1	NP_415145.1
NP_417535.1	NP_415291.1
NP_417535.1	NP_415704.1
NP_417535.1	NP_416243.1
NP_417535.1	NP_416795.1
NP_417535.1	NP_417959.4
NP_417535.1	NP_418135.1
NP_417535.1	NP_418614.4
NP_417535.1	NP_418724.1
NP_417535.1	NP_415226.1
NP_417535.1	NP_415881.1
NP_417535.1	YP_026273.1
NP_417535.1	NP_416977.1
NP_417535.1	NP_416781.1
NP_417535.1	NP_417203.1
NP_417535.1	NP_417913.1
NP_417535.1	NP_418547.1
NP_417535.1	NP_414560.1
NP_417535.1	NP_416727.1
NP_417535.1	NP_417694.1
NP_417535.1	NP_418060.1
NP_417535.1	NP_418561.1
NP_417535.1	NP_418756.1
NP_417536.1	NP_417536.1
NP_417536.1	NP_414636.1
NP_417536.1	NP_416573.4
NP_417536.1	NP_416799.1
NP_417536.1	NP_417585.2
NP_417536.1	NP_416949.1
NP_417536.1	NP_417689.4
NP_417536.1	NP_417717.2
NP_417536.1	NP_417854.4
NP_417536.1	NP_414928.2
NP_417536.1	NP_415637.1
NP_417536.1	NP_416157.1
NP_417536.1	NP_418508.1
NP_417536.1	NP_416889.1
NP_417536.1	NP_418148.1
NP_417536.1	NP_418754.2
NP_417537.1	NP_417537.1
NP_417538.1	NP_417538.1
NP_417539.1	NP_417539.1
NP_417540.1	NP_417540.1
NP_417542.1	NP_417542.1
NP_417543.1	NP_417543.1
NP_417545.1	NP_417545.1
NP_417548.1	NP_417548.1
NP_417548.1	NP_418033.1
NP_417548.1	NP_418673.4
NP_417548.1	NP_417688.1
NP_417551.1	NP_417551.1
NP_417551.1	NP_415832.1
NP_417552.1	NP_417552.1
NP_417552.1	NP_418273.1
NP_417552.1	NP_416800.1
NP_417552.1	NP_415392.1
NP_417552.1	NP_415040.1
NP_417552.1	NP_416767.1
NP_417552.1	NP_416874.1
NP_417552.1	NP_418127.1
NP_417552.1	YP_025294.2
NP_417552.1	NP_416958.1
NP_417553.1	NP_417553.1
NP_417554.1	NP_417554.1
NP_417554.1	NP_416081.1
NP_417556.2	NP_417556.2
NP_417567.1	NP_417567.1
NP_417568.2	NP_417568.2
NP_417569.1	NP_417569.1
NP_417570.1	NP_417570.1
NP_417571.1	NP_417571.1
NP_417572.2	NP_417572.2
NP_417572.2	NP_417038.4
NP_417575.1	NP_417575.1
NP_417575.1	NP_417574.1
NP_417575.1	NP_418356.1
NP_417578.2	NP_417578.2
NP_417589.4	NP_417589.4
NP_417590.2	NP_417590.2
NP_417591.1	NP_417591.1
NP_417597.1	NP_417597.1
NP_417597.1	NP_417562.1
NP_417598.1	NP_417598.1
NP_417599.1	NP_417599.1
NP_417602.4	NP_417602.4
NP_417602.4	NP_417607.1
NP_417815.1	NP_417815.1
NP_417815.1	NP_415999.1
NP_417820.1	NP_417820.1
NP_417821.1	NP_417821.1
NP_417824.1	NP_417824.1
NP_417827.1	NP_417827.1
NP_417827.1	NP_418594.1
NP_417828.1	NP_417828.1
NP_417837.2	NP_417837.2
NP_417841.2	NP_417841.2
NP_417847.1	NP_417847.1
NP_417848.1	NP_417848.1
NP_417848.1	NP_418380.4
NP_417848.1	NP_415132.1
NP_417848.1	NP_417484.1
NP_417848.1	YP_026233.1
NP_417848.1	NP_416948.4
NP_417848.1	NP_417279.2
NP_417850.1	NP_417850.1
NP_417851.4	NP_417851.4
NP_417852.1	NP_417852.1
NP_417852.1	NP_417793.2
NP_417852.1	NP_417442.1
NP_417852.1	NP_417853.1
NP_417857.1	NP_417857.1
NP_417859.1	NP_417859.1
NP_417862.1	NP_417862.1
NP_417867.1	NP_417867.1
NP_417869.1	NP_417869.1
NP_417870.1	NP_417870.1
NP_417870.1	NP_414674.1
NP_417870.1	NP_416747.1
NP_417870.1	NP_416808.1
NP_417872.2	NP_417872.2
NP_417873.1	NP_417873.1
NP_417877.1	NP_417877.1
NP_417879.1	NP_417879.1
NP_417883.1	NP_417883.1
NP_417884.1	NP_417884.1
NP_417884.1	NP_416744.1
NP_417888.1	NP_417888.1
NP_417896.1	NP_417896.1
NP_417896.1	NP_417577.1
NP_417896.1	NP_416256.2
NP_417897.1	NP_417897.1
NP_417897.1	NP_415586.1
NP_417897.1	NP_415831.1
NP_417897.1	NP_416141.4
NP_417897.1	NP_417558.2
NP_417897.1	NP_418700.2
NP_417897.1	NP_417179.1
NP_417897.1	QXV75429.1
NP_417897.1	AXN58082.1
NP_417897.1	AYD82638.1
NP_417897.1	NP_049656.2
NP_417897.1	QXV75149.1
NP_417897.1	QXV76005.1
NP_417897.1	QXV76364.1
NP_417897.1	QXV76983.1
NP_417897.1	QXV78593.1
NP_417897.1	QXV78865.1
NP_417897.1	QXV79144.1
NP_417897.1	QXV82134.1
NP_417897.1	QXV83183.1
NP_417897.1	QXV83518.1
NP_417897.1	QXV84892.1
NP_417897.1	QXV85990.1
NP_417899.1	NP_417899.1
NP_417901.1	NP_417901.1
NP_417901.1	NP_414563.1
NP_417901.1	NP_414799.1
NP_417901.1	NP_414809.1
NP_417901.1	NP_416408.1
NP_417901.1	NP_418714.1
NP_417901.1	YP_006488.1
NP_417901.1	YP_009518740.1
NP_417901.1	YP_588445.1
NP_417902.1	NP_417902.1
NP_417902.1	NP_414562.1
NP_417902.1	NP_414798.1
NP_417902.1	NP_414808.1
NP_417902.1	NP_415508.1
NP_417902.1	NP_416407.1
NP_417902.1	YP_006487.1
NP_417902.1	YP_009518739.1
NP_417903.1	NP_417903.1
NP_417904.1	NP_417904.1
NP_417905.1	NP_417905.1
NP_417916.1	NP_417916.1
NP_417916.1	NP_416770.1
NP_417916.1	XPK40712.1
NP_417916.1	NP_041992.1
NP_417916.1	QXV80664.1
NP_417916.1	QXV80889.1
NP_417916.1	XPK40429.1
NP_417916.1	XPK40940.1
NP_417916.1	XPK42564.1
NP_417916.1	XPK40888.1
NP_417916.1	QXV76840.1
NP_417916.1	NP_042001.1
NP_417916.1	QXV78437.1
NP_417916.1	QXV80671.1
NP_417916.1	QXV80896.1
NP_417916.1	XPK40437.1
NP_417916.1	XPK40948.1
NP_417916.1	XPK42573.1
NP_417916.1	XPK40896.1
NP_417921.1	NP_417921.1
NP_417923.1	NP_417923.1
NP_417925.1	NP_417925.1
NP_417926.1	NP_417926.1
NP_417926.1	NP_415017.1
NP_417926.1	NP_415225.1
NP_417926.1	NP_418663.1
NP_417928.1	NP_417928.1
NP_417932.1	NP_417932.1
NP_417932.1	NP_415115.2
NP_417937.1	NP_417937.1
NP_417937.1	NP_414608.1
NP_417937.1	NP_415453.1
NP_417937.1	NP_416001.1
NP_417937.1	NP_417998.1
NP_417937.1	YP_025300.1
NP_417937.1	NP_416224.1
NP_417937.1	NP_416427.1
NP_417937.1	NP_416809.1
NP_417937.1	NP_417936.1
NP_417937.1	NP_418181.1
NP_417937.1	YP_026282.1
NP_417937.1	NP_415028.1
NP_417937.1	NP_415635.4
NP_417937.1	NP_417920.1
NP_417937.1	NP_414693.1
NP_417937.1	NP_415120.1
NP_417937.1	NP_415806.1
NP_417937.1	NP_414900.1
NP_417937.1	NP_415023.1
NP_417937.1	NP_415385.1
NP_417937.1	NP_416270.1
NP_417937.1	NP_417911.4
NP_417937.1	NP_417662.1
NP_417937.1	NP_417737.1
NP_417937.1	NP_415185.1
NP_417937.1	NP_415330.1
NP_417937.1	NP_418520.1
NP_417937.1	NP_416000.1
NP_417937.1	NP_415763.1
NP_417937.1	NP_415807.1
NP_417937.1	NP_417997.1
NP_417937.1	NP_416372.1
NP_417937.1	NP_416197.1
NP_417937.1	NP_416633.1
NP_417937.1	NP_417668.1
NP_417937.1	NP_417912.1
NP_417937.1	NP_418530.1
NP_417937.1	NP_418707.1
NP_417938.1	NP_417938.1
NP_417938.1	NP_418199.1
NP_417938.1	NP_414981.4
NP_417938.1	NP_415409.1
NP_417940.2	NP_417940.2
NP_417945.1	NP_417945.1
NP_417951.1	NP_417951.1
NP_417954.1	NP_417954.1
NP_417954.1	NP_417740.1
NP_417954.1	NP_416207.1
NP_417954.1	NP_417317.1
NP_417955.1	NP_417955.1
NP_417955.1	NP_416056.1
NP_417958.1	NP_417958.1
NP_417958.1	NP_418633.4
NP_417958.1	NP_416159.2
NP_417958.1	NP_416047.4
NP_417958.1	NP_417169.1
NP_417965.1	NP_417965.1
NP_417966.4	NP_417966.4
NP_417968.1	NP_417968.1
NP_417975.1	NP_417975.1
NP_417984.1	NP_417984.1
NP_417988.1	NP_417988.1
NP_417988.1	NP_418316.4
NP_417989.1	NP_417989.1
NP_417990.4	NP_417990.4
NP_417992.1	NP_417992.1
NP_417993.1	NP_417993.1
NP_417993.1	NP_417631.2
NP_417994.2	NP_417994.2
NP_418005.1	NP_418005.1
NP_418010.2	NP_418010.2
NP_418011.1	NP_418011.1
NP_418014.1	NP_418014.1
NP_418016.1	NP_418016.1
NP_418016.1	NP_418185.1
NP_418017.1	NP_418017.1
NP_418017.1	NP_418803.1
NP_418019.4	NP_418019.4
NP_418020.2	NP_418020.2
NP_418032.1	NP_418032.1
NP_418032.1	NP_415050.1
NP_418032.1	NP_415322.1
NP_418034.1	NP_418034.1
NP_418037.1	NP_418037.1
NP_418037.1	NP_414605.1
NP_418037.1	NP_416028.3
NP_418037.1	NP_416946.1
NP_418037.1	NP_417256.1
NP_418037.1	NP_417283.2
NP_418037.1	NP_418021.1
NP_418037.1	NP_418340.1
NP_418037.1	NP_418361.1
NP_418153.4	NP_418153.4
NP_418155.1	NP_418155.1
NP_418158.1	NP_418158.1
NP_418159.1	NP_418159.1
NP_418163.1	NP_418163.1
NP_418168.2	NP_418168.2
NP_418172.1	NP_418172.1
NP_418173.1	NP_418173.1
NP_418178.1	NP_418178.1
NP_418178.1	NP_415205.1
NP_418179.1	NP_418179.1
NP_418180.1	NP_418180.1
NP_418186.1	NP_418186.1
NP_418187.1	NP_418187.1
NP_418191.1	NP_418191.1
NP_418192.1	NP_418192.1
NP_418193.1	NP_418193.1
NP_418194.1	NP_418194.1
NP_418195.2	NP_418195.2
NP_418196.1	NP_418196.1
NP_418196.1	NP_417223.1
NP_418196.1	NP_415947.1
NP_418196.1	NP_414746.1
NP_418196.1	NP_415655.1
NP_418196.1	NP_417922.1
NP_418196.1	NP_416384.1
NP_418196.1	NP_417435.1
NP_418196.1	NP_414749.2
NP_418196.1	NP_415298.1
NP_418196.1	NP_414624.1
NP_418196.1	NP_415441.1
NP_418196.1	NP_416036.1
NP_418196.1	NP_416336.1
NP_418196.1	NP_416735.1
NP_418196.1	YP_026269.1
NP_418196.1	NP_417956.1
NP_418196.1	NP_418726.1
NP_418196.1	NP_417646.1
NP_418197.1	NP_418197.1
NP_418197.1	NP_417069.1
NP_418197.1	NP_415251.1
NP_418197.1	NP_416714.1
NP_418197.1	NP_418578.1
NP_418204.2	NP_418204.2
NP_418204.2	NP_417284.1
NP_418213.1	NP_418213.1
NP_418215.1	NP_418215.1
NP_418217.1	NP_418217.1
NP_418217.1	NP_415164.1
NP_418217.1	NP_415488.1
NP_418217.1	NP_416711.1
NP_418217.1	NP_418126.1
NP_418217.1	XPK40881.1
NP_418217.1	NP_415767.2
NP_418217.1	NP_416035.1
NP_418217.1	NP_418337.1
NP_418217.1	NP_414989.1
NP_418217.1	NP_416182.1
NP_418217.1	NP_417501.1
NP_418217.1	NP_417780.1
NP_418217.1	NP_416952.2
NP_418217.1	NP_418560.1
NP_418217.1	QXV83453.1
NP_418217.1	NP_049868.1
NP_418220.1	NP_418220.1
NP_418220.1	NP_415214.1
NP_418220.1	NP_416552.1
NP_418220.1	NP_417643.1
NP_418223.1	NP_418223.1
NP_418242.1	NP_418242.1
NP_418247.1	NP_418247.1
NP_418248.1	NP_418248.1
NP_418250.1	NP_418250.1
NP_418251.1	NP_418251.1
NP_418255.1	NP_418255.1
NP_418260.1	NP_418260.1
NP_418260.1	NP_415858.1
NP_418261.1	NP_418261.1
NP_418262.2	NP_418262.2
NP_418275.1	NP_418275.1
NP_418275.1	NP_414701.1
NP_418275.1	NP_416902.1
NP_418275.1	NP_418801.1
NP_418276.1	NP_418276.1
NP_418278.1	NP_418278.1
NP_418279.1	NP_418279.1
NP_418280.4	NP_418280.4
NP_418284.1	NP_418284.1
NP_418284.1	NP_418409.1
NP_418285.1	NP_418285.1
NP_418399.1	NP_418399.1
NP_418400.1	NP_418400.1
NP_418400.1	NP_415380.1
NP_418400.1	NP_415487.4
NP_418403.1	NP_418403.1
NP_418403.1	YP_026191.1
NP_418404.1	NP_418404.1
NP_418408.1	NP_418408.1
NP_418410.1	NP_418410.1
NP_418411.1	NP_418411.1
NP_418412.1	NP_418412.1
NP_418412.1	NP_415147.1
NP_418414.1	NP_418414.1
NP_418415.1	NP_418415.1
NP_418416.1	NP_418416.1
NP_418422.1	NP_418422.1
NP_418423.1	NP_418423.1
NP_418426.2	NP_418426.2
NP_418427.1	NP_418427.1
NP_418429.1	NP_418429.1
NP_418429.1	NP_414734.1
NP_418430.2	NP_418430.2
NP_418430.2	NP_416257.1
NP_418430.2	YP_026277.1
NP_418434.1	NP_418434.1
NP_418435.1	NP_418435.1
NP_418438.1	NP_418438.1
NP_418440.1	NP_418440.1
NP_418443.1	NP_418443.1
NP_418447.1	NP_418447.1
NP_418449.1	NP_418449.1
NP_418450.1	NP_418450.1
NP_418451.4	NP_418451.4
NP_418451.4	NP_415506.1
NP_418452.1	NP_418452.1
NP_418452.1	NP_415505.1
NP_418453.1	NP_418453.1
NP_418453.1	NP_415504.1
NP_418454.1	NP_418454.1
NP_418454.1	NP_417475.1
NP_418457.1	NP_418457.1
NP_418461.1	NP_418461.1
NP_418463.4	NP_418463.4
NP_418465.4	NP_418465.4
NP_418466.1	NP_418466.1
NP_418469.1	NP_418469.1
NP_418471.1	NP_418471.1
NP_418472.1	NP_418472.1
NP_418474.4	NP_418474.4
NP_418480.1	NP_418480.1
NP_418482.1	NP_418482.1
NP_418484.4	NP_418484.4
NP_418486.1	NP_418486.1
NP_418486.1	NP_416048.2
NP_418490.1	NP_418490.1
NP_418492.1	NP_418492.1
NP_418494.1	NP_418494.1
NP_418495.2	NP_418495.2
NP_418499.1	NP_418499.1
QXV77111.1	QXV77111.1
QXV77117.1	QXV77117.1
QXV77117.1	QXV79269.1
QXV77128.1	QXV77128.1
QXV77128.1	QXV77221.1
QXV77128.1	QXV82358.1
QXV77128.1	QXV84476.1
QXV77128.1	QXV85438.1
QXV77128.1	QXV79280.1
QXV77128.1	QXV79528.1
QXV77128.1	QXV85756.1
QXV77128.1	QXV80368.1
QXV77128.1	QXV80198.1
QXV77128.1	QXV85085.1
QXV77128.1	QXV84571.1
QXV77128.1	QXV79622.1
QXV77128.1	QXV80029.1
QXV77128.1	QXV84320.1
QXV77128.1	QXV85257.1
QXV77128.1	YP_006968.1
QXV77135.1	QXV77135.1
QXV77136.1	QXV77136.1
QXV77141.1	QXV77141.1
QXV77141.1	QXV82383.1
QXV77141.1	QXV79293.1
QXV77141.1	QXV84501.1
QXV77141.1	QXV79554.1
QXV77141.1	QXV85458.1
QXV77141.1	QXV85780.1
QXV77147.1	QXV77147.1
QXV77162.1	QXV77162.1
QXV77164.1	QXV77164.1
QXV77164.1	QXV79317.1
QXV77166.1	QXV77166.1
QXV77167.1	QXV77167.1
QXV77168.1	QXV77168.1
QXV77169.1	QXV77169.1
QXV77173.1	QXV77173.1
QXV77175.1	QXV77175.1
QXV77180.1	QXV77180.1
QXV77181.1	QXV77181.1
QXV77190.1	QXV77190.1
QXV77191.1	QXV77191.1
QXV77192.1	QXV77192.1
QXV77193.1	QXV77193.1
QXV77194.1	QXV77194.1
QXV77201.1	QXV77201.1
QXV77203.1	QXV77203.1
QXV77206.1	QXV77206.1
QXV77235.1	QXV77235.1
QXV77239.1	QXV77239.1
QXV77246.1	QXV77246.1
QXV77246.1	QXV80221.1
QXV77246.1	QXV79646.1
QXV77246.1	QXV85109.1
QXV77246.1	QXV80393.1
QXV77252.1	QXV77252.1
QXV77254.1	QXV77254.1
QXV77263.1	QXV77263.1
QXV77263.1	QXV79660.1
QXV77263.1	QXV80067.1
QXV77263.1	QXV80407.1
QXV77263.1	QXV84610.1
QXV77263.1	QXV85295.1
QXV77268.1	QXV77268.1
QXV77268.1	QXV80412.1
QXV77273.1	QXV77273.1
QXV77276.1	QXV77276.1
QXV77276.1	QXV80246.1
QXV77276.1	YP_006918.1
QXV77276.1	QXV85138.1
QXV77278.1	QXV77278.1
QXV77279.1	QXV77279.1
QXV77281.1	QXV77281.1
QXV77291.1	QXV77291.1
QXV77293.1	QXV77293.1
QXV77295.1	QXV77295.1
QXV77297.1	QXV77297.1
QXV77297.1	QXV79703.1
QXV77297.1	QXV80103.1
QXV77297.1	QXV80273.1
QXV77297.1	QXV80453.1
QXV77297.1	YP_006896.1
QXV77301.1	QXV77301.1
QXV77301.1	QXV79707.1
QXV77301.1	QXV80459.1
QXV77301.1	QXV84388.1
QXV77301.1	QXV84654.1
QXV77301.1	QXV85171.1
QXV77310.1	QXV77310.1
QXV77315.1	QXV77315.1
QXV77315.1	QXV84401.1
QXV77315.1	QXV85187.1
QXV77318.1	QXV77318.1
QXV77329.1	QXV77329.1
QXV77329.1	QXV80136.1
QXV77329.1	QXV80309.1
QXV77329.1	QXV84416.1
QXV77329.1	YP_006864.1
QXV77329.1	QXV75248.1
QXV77329.1	QXV77082.1
QXV77329.1	QXV79329.1
QXV77329.1	QXV77179.1
QXV77329.1	QXV83886.1
QXV77329.1	QXV84622.1
QXV77329.1	QXV79671.1
QXV77329.1	QXV85136.1
QXV77329.1	QXV85308.1
QXV77329.1	QXV77640.1
QXV77329.1	QXV76741.1
QXV77329.1	QXV82426.1
QXV77329.1	QXV84545.1
QXV77329.1	AXN58212.1
QXV77329.1	NP_049791.1
QXV77329.1	QXV75019.1
QXV77329.1	QXV75289.1
QXV77329.1	QXV76223.1
QXV77329.1	QXV76858.1
QXV77329.1	QXV78454.1
QXV77329.1	QXV79002.1
QXV77329.1	QXV80420.1
QXV77329.1	QXV81994.1
QXV77329.1	QXV83044.1
QXV77329.1	QXV83380.1
QXV77329.1	QXV85850.1
QXV77329.1	QXV77850.1
QXV77329.1	QXV75722.1
QXV77329.1	QXV78078.1
QXV77329.1	QXV79960.1
QXV77329.1	QXV81072.1
QXV77329.1	QXV81295.1
QXV77329.1	QXV82689.1
QXV77329.1	QXV82914.1
QXV77329.1	QXV84252.1
QXV77329.1	QXV85685.1
QXV77329.1	AYD82775.1
QXV77329.1	QXV75867.1
QXV77329.1	QXV78721.1
QXV77329.1	QXV84750.1
QXV77329.1	QXV80078.1
QXV77329.1	QXV83908.1
QXV77329.1	QXV78303.1
QXV77329.1	QXV81517.1
QXV77329.1	QXV85827.1
QXV77333.1	QXV77333.1
QXV77333.1	QXV80140.1
QXV77333.1	QXV80312.1
QXV77333.1	QXV84419.1
QXV77336.1	QXV77336.1
QXV77337.1	QXV77337.1
QXV77339.1	QXV77339.1
QXV77340.1	QXV77340.1
QXV77343.1	QXV77343.1
QXV77343.1	QXV80150.1
QXV77343.1	QXV80322.1
QXV77343.1	QXV84430.1
QXV77343.1	QXV84701.1
QXV77343.1	YP_006852.1
QXV77343.1	XPK41879.1
QXV77343.1	XPK43294.1
QXV77343.1	XPK43094.1
QXV77347.1	QXV77347.1
QXV77352.1	QXV77352.1
QXV77353.1	QXV77353.1
QXV77353.1	QXV84438.1
QXV77353.1	QXV80513.1
QXV77353.1	QXV84713.1
QXV77354.1	QXV77354.1
QXV77354.1	QXV79767.1
QXV77354.1	QXV80162.1
QXV77354.1	QXV80337.1
QXV77354.1	QXV80515.1
QXV77354.1	QXV84440.1
QXV77354.1	QXV84715.1
QXV77354.1	QXV85224.1
QXV77354.1	QXV85401.1
QXV77354.1	YP_006842.1
QXV77355.1	QXV77355.1
QXV77360.1	QXV77360.1
QXV77361.1	QXV77361.1
QXV77361.1	QXV85408.1
QXV77366.1	QXV77366.1
QXV77366.1	QXV80345.1
QXV77369.1	QXV77369.1
QXV77370.1	QXV77370.1
QXV77370.1	QXV80176.1
QXV77370.1	QXV80349.1
QXV77370.1	QXV84456.1
QXV77370.1	YP_006989.1
QXV77371.1	QXV77371.1
QXV77376.1	QXV77376.1
QXV77376.1	QXV79358.1
QXV77376.1	QXV76132.1
QXV77376.1	QXV76483.1
QXV77376.1	QXV80536.1
QXV77376.1	QXV80676.1
QXV77376.1	QXV80767.1
QXV77376.1	QXV81605.1
QXV77376.1	QXV81828.1
QXV77376.1	QXV82254.1
QXV77376.1	QXV82438.1
QXV77376.1	QXV83646.1
QXV77376.1	QXV84000.1
QXV77376.1	XPK40703.1
QXV77379.1	QXV77379.1
QXV77396.1	QXV77396.1
QXV77396.1	QXV76157.1
QXV77396.1	QXV76503.1
QXV77396.1	QXV79378.1
QXV77396.1	QXV80557.1
QXV77396.1	QXV80696.1
QXV77396.1	QXV81625.1
QXV77396.1	QXV82274.1
QXV77396.1	QXV82458.1
QXV77396.1	QXV83666.1
QXV77396.1	QXV84020.1
QXV77396.1	QXV82989.1
QXV77396.1	QXV79471.1
QXV77396.1	QXV80788.1
QXV77396.1	QXV81854.1
QXV77396.1	QXV85030.1
QXV77396.1	XPK41060.1
QXV77396.1	QXV83326.1
QXV77396.1	QXV81939.1
QXV77396.1	YP_007112558.1
QXV77396.1	NP_040599.1
QXV77396.1	XPK41672.1
QXV77396.1	XPK42897.1
QXV77399.1	QXV77399.1
QXV77405.1	QXV77405.1
QXV78214.1	QXV78214.1
QXV78214.1	QXV81431.1
QXV78214.1	QXV83822.1
QXV78220.1	QXV78220.1
QXV78227.1	QXV78227.1
QXV78229.1	QXV78229.1
QXV78230.1	QXV78230.1
QXV78232.1	QXV78232.1
QXV78232.1	QXV81448.1
QXV78232.1	QXV83842.1
QXV78239.1	QXV78239.1
QXV78247.1	QXV78247.1
QXV78250.1	QXV78250.1
QXV78251.1	QXV78251.1
QXV78251.1	QXV81466.1
QXV78251.1	QXV83860.1
QXV78252.1	QXV78252.1
QXV78253.1	QXV78253.1
QXV78257.1	QXV78257.1
QXV78258.1	QXV78258.1
QXV78258.1	QXV81473.1
QXV78258.1	QXV83867.1
QXV78268.1	QXV78268.1
QXV78269.1	QXV78269.1
QXV78269.1	QXV75668.1
QXV78269.1	QXV79909.1
QXV78269.1	QXV83878.1
QXV78269.1	QXV84199.1
QXV78271.1	QXV78271.1
QXV78272.1	QXV78272.1
QXV78273.1	QXV78273.1
QXV78274.1	QXV78274.1
QXV78276.1	QXV78276.1
QXV78282.1	QXV78282.1
QXV78283.1	QXV78283.1
QXV78284.1	QXV78284.1
QXV78285.1	QXV78285.1
QXV78285.1	QXV81499.1
QXV78285.1	QXV83890.1
QXV78287.1	QXV78287.1
QXV78287.1	QXV81501.1
QXV78287.1	QXV83892.1
QXV78292.1	QXV78292.1
QXV78292.1	QXV81506.1
QXV78292.1	QXV83897.1
QXV78298.1	QXV78298.1
QXV78300.1	QXV78300.1
QXV78304.1	QXV78304.1
QXV78304.1	QXV81518.1
QXV78304.1	QXV83909.1
QXV78305.1	QXV78305.1
QXV78305.1	QXV81519.1
QXV78305.1	QXV83910.1
QXV78305.1	NP_416466.1
QXV78305.1	XPK43219.1
QXV78305.1	XPK42500.1
QXV78305.1	QXV76825.1
QXV78305.1	XPK41707.1
QXV78305.1	QXV83360.1
QXV78305.1	XPK42634.1
QXV78305.1	XPK42131.1
QXV78305.1	XPK43720.1
QXV78305.1	XPK40499.1
QXV78305.1	XPK41009.1
QXV78305.1	QXV77437.1
QXV79410.1	QXV79410.1
QXV79412.1	QXV79412.1
QXV79414.1	QXV79414.1
QXV79415.1	QXV79415.1
QXV79415.1	QXV82497.1
QXV79417.1	QXV79417.1
QXV79418.1	QXV79418.1
QXV79420.1	QXV79420.1
QXV79420.1	QXV77440.1
QXV79420.1	QXV80828.1
QXV79420.1	QXV81660.1
QXV79420.1	QXV80595.1
QXV79420.1	QXV84061.1
QXV79420.1	QXV83709.1
QXV79420.1	QXV82318.1
QXV79420.1	QXV80742.1
QXV79423.1	QXV79423.1
QXV79423.1	QXV81797.1
QXV79423.1	QXV82321.1
QXV79423.1	QXV80745.1
QXV79423.1	XPK41080.1
QXV79423.1	QXV79490.1
QXV79423.1	QXV81959.1
QXV79423.1	QXV83008.1
QXV79423.1	QXV83346.1
QXV79423.1	QXV85049.1
QXV79423.1	XPK41692.1
QXV79423.1	XPK42917.1
QXV79423.1	XPK41800.1
QXV79425.1	QXV79425.1
QXV79425.1	QXV80838.1
QXV79430.1	QXV79430.1
QXV79432.1	QXV79432.1
QXV79433.1	QXV79433.1
QXV79437.1	QXV79437.1
QXV79437.1	QXV82331.1
QXV79442.1	QXV79442.1
QXV79445.1	QXV79445.1
QXV79447.1	QXV79447.1
QXV79447.1	QXV76209.1
QXV79447.1	QXV77465.1
QXV79447.1	QXV80624.1
QXV79447.1	QXV80845.1
QXV79447.1	QXV81690.1
QXV79447.1	QXV81914.1
QXV79447.1	QXV82341.1
QXV79447.1	QXV82519.1
QXV79447.1	QXV83734.1
QXV79447.1	QXV84078.1
QXV79453.1	QXV79453.1
QXV79454.1	QXV79454.1
QXV79459.1	QXV79459.1
QXV79465.1	QXV79465.1
QXV79466.1	QXV79466.1
QXV79488.1	QXV79488.1
QXV79488.1	QXV81956.1
QXV79488.1	QXV83006.1
QXV79488.1	QXV83343.1
QXV79488.1	QXV85047.1
QXV79488.1	XPK41077.1
QXV79488.1	XPK41689.1
QXV79488.1	XPK42914.1
QXV79488.1	XPK40687.1
QXV79488.1	XPK40594.1
QXV79488.1	XPK43017.1
QXV79488.1	XPK43440.1
QXV79488.1	XPK43535.1
QXV79488.1	XPK43201.1
QXV79488.1	XPK40481.1
QXV79488.1	XPK40991.1
QXV79488.1	XPK42113.1
QXV79488.1	XPK42480.1
QXV79488.1	XPK42615.1
QXV79488.1	XPK43701.1
QXV79492.1	QXV79492.1
QXV79492.1	QXV83010.1
QXV79497.1	QXV79497.1
QXV79503.1	QXV79503.1
QXV79506.1	QXV79506.1
QXV79519.1	QXV79519.1
QXV79519.1	QXV82349.1
QXV79519.1	QXV85747.1
QXV79527.1	QXV79527.1
QXV79527.1	QXV82357.1
QXV79527.1	QXV84475.1
QXV79527.1	QXV85437.1
QXV79527.1	QXV85755.1
QXV79534.1	QXV79534.1
QXV79535.1	QXV79535.1
QXV79536.1	QXV79536.1
QXV79540.1	QXV79540.1
QXV79543.1	QXV79543.1
QXV79543.1	QXV85448.1
QXV79543.1	QXV84491.1
QXV79543.1	QXV82373.1
QXV79558.1	QXV79558.1
QXV79564.1	QXV79564.1
QXV79564.1	QXV82393.1
QXV79564.1	QXV84511.1
QXV79564.1	QXV85470.1
QXV79564.1	QXV85792.1
QXV79564.1	QXV77153.1
QXV79564.1	QXV79306.1
QXV79570.1	QXV79570.1
QXV79570.1	QXV82398.1
QXV79570.1	QXV84517.1
QXV79570.1	QXV85475.1
QXV79570.1	QXV85798.1
QXV79574.1	QXV79574.1
QXV79574.1	QXV82403.1
QXV79574.1	QXV84521.1
QXV79576.1	QXV79576.1
QXV79577.1	QXV79577.1
QXV79582.1	QXV79582.1
QXV79582.1	QXV82409.1
QXV79582.1	QXV84527.1
QXV79582.1	QXV85488.1
QXV79582.1	QXV85810.1
QXV79585.1	QXV79585.1
QXV79586.1	QXV79586.1
QXV79586.1	QXV79337.1
QXV79586.1	QXV84533.1
QXV79590.1	QXV79590.1
QXV79590.1	QXV85492.1
QXV79591.1	QXV79591.1
QXV79592.1	QXV79592.1
QXV79593.1	QXV79593.1
QXV79593.1	QXV84539.1
QXV79593.1	QXV85495.1
QXV79593.1	QXV82421.1
QXV79594.1	QXV79594.1
QXV79596.1	QXV79596.1
QXV79596.1	QXV82424.1
QXV79596.1	QXV84542.1
QXV79596.1	QXV85498.1
QXV79596.1	QXV85825.1
QXV79606.1	QXV79606.1
XPK43463.1	XPK43463.1
XPK43463.1	XPK43372.1
XPK43463.1	XPK40617.1
XPK43463.1	XPK40530.1
XPK43463.1	XPK42948.1
XPK43465.1	XPK43465.1
XPK43467.1	XPK43467.1
XPK43468.1	XPK43468.1
XPK43472.1	XPK43472.1
XPK43473.1	XPK43473.1
XPK43473.1	XPK42959.1
XPK43473.1	XPK43381.1
XPK43474.1	XPK43474.1
XPK43474.1	XPK40538.1
XPK43474.1	XPK40629.1
XPK43474.1	XPK42960.1
XPK43474.1	XPK43382.1
XPK43475.1	XPK43475.1
XPK43475.1	QXV79764.1
XPK43475.1	QXV80512.1
XPK43476.1	XPK43476.1
XPK43478.1	XPK43478.1
XPK43478.1	XPK43385.1
XPK43479.1	XPK43479.1
XPK43479.1	QXV77202.1
XPK43479.1	QXV79353.1
XPK43479.1	XPK40633.1
XPK43479.1	XPK41275.1
XPK43479.1	XPK42964.1
XPK43480.1	XPK43480.1
XPK43481.1	XPK43481.1
XPK43482.1	XPK43482.1
XPK43483.1	XPK43483.1
XPK43486.1	XPK43486.1
XPK43486.1	XPK40547.1
XPK43486.1	XPK40638.1
XPK43486.1	XPK42969.1
XPK43486.1	XPK43391.1
XPK43488.1	XPK43488.1
XPK43489.1	XPK43489.1
XPK43492.1	XPK43492.1
XPK43497.1	XPK43497.1
XPK43497.1	XPK40558.1
XPK43497.1	XPK40649.1
XPK43497.1	XPK42980.1
XPK43497.1	XPK43402.1
XPK43502.1	XPK43502.1
XPK43502.1	XPK40562.1
XPK43502.1	XPK40653.1
XPK43502.1	XPK43406.1
XPK43502.1	XPK42984.1
XPK43505.1	XPK43505.1
XPK43508.1	XPK43508.1
XPK43509.1	XPK43509.1
XPK43510.1	XPK43510.1
XPK43511.1	XPK43511.1
XPK43511.1	XPK40663.1
XPK43511.1	XPK42993.1
XPK43511.1	XPK40572.1
XPK43511.1	XPK43415.1
XPK43513.1	XPK43513.1
XPK43515.1	XPK43515.1
XPK43515.1	XPK40575.1
XPK43515.1	XPK43418.1
XPK43515.1	XPK40666.1
XPK43515.1	XPK42996.1
XPK43515.1	QXV83657.1
XPK43515.1	QXV76146.1
XPK43515.1	QXV77387.1
XPK43515.1	QXV79369.1
XPK43515.1	QXV80687.1
XPK43515.1	QXV81842.1
XPK43515.1	QXV82265.1
XPK43515.1	QXV84011.1
XPK43515.1	QXV79461.1
XPK43515.1	QXV81929.1
XPK43515.1	QXV85020.1
XPK43515.1	XPK42886.1
XPK43515.1	XPK43182.1
XPK43515.1	QXV80548.1
XPK43515.1	QXV81616.1
XPK43515.1	QXV82449.1
XPK43515.1	QXV76494.1
XPK43515.1	QXV80777.1
XPK43515.1	QXV82979.1
XPK43515.1	QXV85433.1
XPK43515.1	QXV77123.1
XPK43515.1	QXV79275.1
XPK43515.1	QXV79523.1
XPK43515.1	QXV82353.1
XPK43515.1	QXV84471.1
XPK43515.1	QXV85751.1
XPK43515.1	XPK43681.1
XPK43515.1	XPK40461.1
XPK43515.1	XPK40972.1
XPK43515.1	XPK42093.1
XPK43515.1	XPK42461.1
XPK43515.1	XPK42595.1
XPK43515.1	XPK41757.1
XPK43517.1	XPK43517.1
XPK43518.1	XPK43518.1
XPK43519.1	XPK43519.1
XPK43519.1	XPK40579.1
XPK43519.1	XPK40670.1
XPK43519.1	XPK43001.1
XPK43519.1	XPK43423.1
XPK43519.1	NP_040592.1
XPK43519.1	YP_007112551.1
XPK43522.1	XPK43522.1
XPK43522.1	XPK40581.1
XPK43522.1	XPK40672.1
XPK43522.1	XPK43003.1
XPK43522.1	XPK43425.1
XPK43524.1	XPK43524.1
XPK43524.1	XPK40674.1
XPK43524.1	XPK43004.1
XPK43524.1	XPK43427.1
XPK43525.1	XPK43525.1
XPK43525.1	XPK40583.1
XPK43525.1	XPK40675.1
XPK43525.1	XPK43005.1
XPK43525.1	XPK43428.1
XPK43529.1	XPK43529.1
XPK43529.1	XPK40588.1
XPK43529.1	XPK40679.1
XPK43529.1	XPK43009.1
XPK43529.1	XPK43432.1
XPK43530.1	XPK43530.1
XPK43530.1	XPK41769.1
XPK43530.1	XPK43433.1
XPK43530.1	XPK40589.1
XPK43530.1	XPK40680.1
XPK43530.1	XPK43010.1
XPK43530.1	XPK42106.1
XPK43530.1	XPK40474.1
XPK43530.1	XPK40985.1
XPK43530.1	XPK42474.1
XPK43530.1	XPK42608.1
XPK43530.1	XPK43195.1
XPK43530.1	XPK43694.1
XPK43538.1	XPK43538.1
XPK43539.1	XPK43539.1
XPK43539.1	XPK40599.1
XPK43539.1	XPK40691.1
XPK43539.1	QXV80819.1
XPK43539.1	QXV76188.1
XPK43539.1	QXV76530.1
XPK43539.1	QXV77423.1
XPK43539.1	QXV79403.1
XPK43539.1	QXV80583.1
XPK43539.1	QXV80726.1
XPK43539.1	QXV81650.1
XPK43539.1	QXV81883.1
XPK43539.1	QXV82305.1
XPK43539.1	QXV82482.1
XPK43539.1	QXV83695.1
XPK43539.1	QXV84046.1
XPK43539.1	NP_417114.1
XPK43539.1	XPK43024.1
XPK43539.1	XPK43446.1
XPK43539.1	YP_026263.3
XPK43539.1	NP_417116.1
XPK43540.1	XPK43540.1
XPK43540.1	XPK40692.1
XPK43540.1	XPK40600.1
XPK43542.1	XPK43542.1
XPK43543.1	XPK43543.1
XPK43544.1	XPK43544.1
XPK43545.1	XPK43545.1
XPK43547.1	XPK43547.1
XPK43547.1	XPK40699.1
XPK43547.1	XPK43453.1
XPK43547.1	XPK40607.1
XPK43548.1	XPK43548.1
XPK43550.1	XPK43550.1
XPK43551.1	XPK43551.1
XPK43551.1	XPK42657.1
XPK43551.1	XPK42155.1
XPK43551.1	XPK42523.1
XPK43551.1	XPK43243.1
XPK43552.1	XPK43552.1
XPK43554.1	XPK43554.1
XPK43554.1	XPK41368.1
XPK43554.1	XPK41107.1
XPK43554.1	XPK42330.1
XPK43555.1	XPK43555.1
XPK43555.1	XPK41108.1
XPK43555.1	XPK41369.1
XPK43555.1	XPK42331.1
XPK43558.1	XPK43558.1
XPK43558.1	XPK41111.1
XPK43558.1	XPK41372.1
XPK43558.1	XPK42334.1
XPK43559.1	XPK43559.1
XPK43561.1	XPK43561.1
XPK43561.1	XPK41114.1
XPK43561.1	XPK41375.1
XPK43561.1	XPK42337.1
QXV75012.1	QXV75012.1
QXV75018.1	QXV75018.1
QXV75018.1	QXV76857.1
QXV75018.1	QXV79001.1
QXV75018.1	AXN58211.1
QXV75018.1	AYD82774.1
QXV75018.1	NP_049790.1
QXV75018.1	QXV75288.1
QXV75018.1	QXV75866.1
QXV75018.1	QXV76222.1
QXV75018.1	QXV78453.1
QXV75018.1	QXV78720.1
QXV75018.1	QXV81993.1
QXV75018.1	QXV83043.1
QXV75018.1	QXV83379.1
QXV75018.1	QXV84749.1
QXV75018.1	QXV85849.1
QXV75033.1	QXV75033.1
QXV75033.1	NP_049805.1
QXV75033.1	AXN58228.1
QXV75033.1	AYD82787.1
QXV75033.1	QXV75304.1
QXV75033.1	QXV75881.1
QXV75033.1	QXV76239.1
QXV75033.1	QXV76872.1
QXV75033.1	QXV78469.1
QXV75033.1	QXV78737.1
QXV75033.1	QXV79016.1
QXV75033.1	QXV82009.1
QXV75033.1	QXV83058.1
QXV75033.1	QXV83394.1
QXV75033.1	QXV84764.1
QXV75033.1	QXV85864.1
QXV75039.1	QXV75039.1
QXV75039.1	QXV76878.1
QXV75039.1	QXV75888.1
QXV75039.1	AXN58235.1
QXV75039.1	AYD82794.1
QXV75039.1	NP_049813.1
QXV75039.1	QXV75311.1
QXV75039.1	QXV76246.1
QXV75039.1	QXV78476.1
QXV75039.1	QXV78744.1
QXV75039.1	QXV79023.1
QXV75039.1	QXV82016.1
QXV75039.1	QXV83065.1
QXV75039.1	QXV83401.1
QXV75039.1	QXV84771.1
QXV75039.1	QXV85871.1
QXV75048.1	QXV75048.1
QXV75054.1	QXV75054.1
QXV75060.1	QXV75060.1
QXV75064.1	QXV75064.1
QXV75077.1	QXV75077.1
QXV75077.1	AXN58276.1
QXV75077.1	AYD82830.1
QXV75077.1	NP_049854.1
QXV75077.1	QXV75352.1
QXV75077.1	QXV75929.1
QXV75077.1	QXV76286.1
QXV75077.1	QXV76915.1
QXV75077.1	QXV78517.1
QXV75077.1	QXV78787.1
QXV75077.1	QXV79064.1
QXV75077.1	QXV82058.1
QXV75077.1	QXV83106.1
QXV75077.1	QXV83439.1
QXV75077.1	QXV84813.1
QXV75077.1	QXV85912.1
QXV75080.1	QXV75080.1
QXV75080.1	AXN58279.1
QXV75080.1	AYD82833.1
QXV75080.1	NP_049858.1
QXV75080.1	QXV75932.1
QXV75080.1	QXV76290.1
QXV75080.1	QXV76918.1
QXV75080.1	QXV82061.1
QXV75080.1	QXV83109.1
QXV75080.1	QXV83443.1
QXV75096.1	QXV75096.1
QXV75098.1	QXV75098.1
QXV75099.1	QXV75099.1
QXV75102.1	QXV75102.1
QXV75103.1	QXV75103.1
QXV75931.1	QXV75931.1
QXV75931.1	QXV75354.1
QXV75931.1	QXV76289.1
QXV75931.1	QXV76917.1
QXV75931.1	QXV78519.1
QXV75931.1	QXV79066.1
QXV75931.1	QXV82060.1
QXV75931.1	QXV83108.1
QXV75931.1	AXN58278.1
QXV75931.1	QXV78789.1
QXV75931.1	QXV84816.1
QXV75931.1	AYD82832.1
QXV75931.1	NP_049857.1
QXV75931.1	QXV85914.1
QXV75931.1	QXV75079.1
QXV75931.1	QXV83442.1
QXV75938.1	QXV75938.1
QXV75938.1	NP_049864.1
QXV75938.1	QXV75361.1
QXV75938.1	QXV78526.1
QXV75938.1	QXV79073.1
QXV75938.1	NP_415674.1
QXV75941.1	QXV75941.1
QXV75949.1	QXV75949.1
QXV75951.1	QXV75951.1
QXV75954.1	QXV75954.1
QXV75955.1	QXV75955.1
QXV75965.1	QXV75965.1
QXV75965.1	AXN58043.1
QXV75965.1	AYD82599.1
QXV75965.1	NP_049617.1
QXV75965.1	QXV75109.1
QXV75965.1	QXV75389.1
QXV75965.1	QXV76325.1
QXV75965.1	QXV76946.1
QXV75965.1	QXV78824.1
QXV75965.1	QXV79102.1
QXV75965.1	QXV82094.1
QXV75965.1	QXV83144.1
QXV75965.1	QXV78553.1
QXV75965.1	QXV83478.1
QXV75965.1	QXV84851.1
QXV75965.1	QXV85950.1
QXV75979.1	QXV75979.1
QXV75985.1	QXV75985.1
QXV75985.1	AYD82616.1
QXV75985.1	NP_049637.1
QXV75985.1	QXV75409.1
QXV75985.1	AXN58062.1
QXV75985.1	QXV76345.1
QXV75985.1	QXV79123.1
QXV75985.1	QXV83163.1
QXV75985.1	QXV83497.1
QXV75985.1	QXV78572.1
QXV75985.1	QXV78844.1
QXV75985.1	QXV82114.1
QXV75985.1	QXV84871.1
QXV75985.1	QXV85970.1
QXV75987.1	QXV75987.1
QXV75988.1	QXV75988.1
QXV75994.1	QXV75994.1
QXV75994.1	QXV75418.1
QXV75996.1	QXV75996.1
QXV75996.1	QXV76354.1
QXV75996.1	QXV78583.1
QXV75996.1	AYD82629.1
QXV75996.1	AXN58073.1
QXV75996.1	QXV75420.1
QXV75996.1	QXV78855.1
QXV75996.1	QXV79134.1
QXV75996.1	QXV82125.1
QXV75996.1	QXV83174.1
QXV75996.1	QXV84883.1
QXV75996.1	QXV85981.1
QXV75996.1	QXV75135.1
QXV75996.1	QXV76970.1
QXV75996.1	QXV83508.1
QXV75998.1	QXV75998.1
QXV76008.1	QXV76008.1
QXV76024.1	QXV76024.1
QXV76024.1	QXV78884.1
QXV76024.1	QXV83538.1
QXV76024.1	QXV84911.1
QXV76028.1	QXV76028.1
QXV76028.1	AXN58101.1
QXV76028.1	QXV82155.1
QXV76028.1	QXV84915.1
QXV76028.1	QXV77005.1
QXV76028.1	QXV83205.1
QXV76036.1	QXV76036.1
QXV76036.1	QXV83550.1
QXV76042.1	QXV76042.1
QXV76042.1	QXV76401.1
QXV76042.1	QXV78902.1
QXV76042.1	QXV79179.1
QXV76042.1	AYD82671.1
QXV76042.1	QXV75465.1
QXV76042.1	QXV82168.1
QXV76042.1	QXV83218.1
QXV76042.1	QXV83556.1
QXV76042.1	QXV84929.1
QXV76042.1	QXV86026.1
QXV76050.1	QXV76050.1
QXV76063.1	QXV76063.1
QXV76063.1	QXV78922.1
QXV76063.1	QXV79199.1
QXV76063.1	QXV84945.1
QXV76075.1	QXV76075.1
QXV76075.1	QXV75496.1
QXV76075.1	AXN58146.1
QXV76075.1	QXV83249.1
QXV76101.1	QXV76101.1
QXV76110.1	QXV76110.1
QXV76110.1	AXN58172.1
QXV76110.1	AYD82739.1
QXV76110.1	QXV76461.1
QXV76110.1	QXV77064.1
QXV76110.1	QXV82232.1
QXV76110.1	QXV83608.1
QXV76110.1	QXV86093.1
QXV76127.1	QXV76127.1
QXV76127.1	AXN58192.1
QXV76127.1	AYD82758.1
QXV76127.1	NP_049770.1
QXV76127.1	QXV75547.1
QXV76127.1	QXV78704.1
QXV76127.1	QXV78985.1
QXV76127.1	QXV79261.1
QXV76127.1	QXV83641.1
QXV76127.1	QXV85003.1
QXV76127.1	QXV76478.1
QXV76127.1	QXV75272.1
QXV76127.1	QXV82249.1
QXV76127.1	QXV83299.1
QXV76127.1	QXV86110.1
QXV76127.1	QXV77109.1
QXV76133.1	QXV76133.1
QXV76140.1	QXV76140.1
QXV76140.1	NP_418175.3
QXV76140.1	NP_415117.2
QXV76140.1	NP_415348.1
QXV76149.1	QXV76149.1
QXV76150.1	QXV76150.1
QXV76150.1	QXV76497.1
QXV76150.1	QXV77390.1
QXV76150.1	QXV80551.1
QXV76150.1	QXV80781.1
QXV76150.1	QXV81846.1
QXV76150.1	QXV83660.1
QXV76150.1	QXV79372.1
QXV76150.1	QXV80690.1
QXV76150.1	QXV81619.1
QXV76150.1	QXV82268.1
QXV76150.1	QXV82452.1
QXV76150.1	QXV84014.1
QXV76154.1	QXV76154.1
QXV76154.1	QXV80786.1
QXV76154.1	QXV81851.1
QXV76154.1	QXV81623.1
QXV76154.1	QXV76501.1
QXV76154.1	QXV77394.1
QXV76154.1	QXV79376.1
QXV76154.1	QXV80555.1
QXV76154.1	QXV80694.1
QXV76154.1	QXV82272.1
QXV76154.1	QXV82456.1
QXV76154.1	QXV83664.1
QXV76154.1	QXV84018.1
QXV76154.1	YP_007112556.1
QXV76154.1	NP_040597.1
QXV76154.1	XPK42895.1
QXV76154.1	QXV79469.1
QXV76154.1	QXV81937.1
QXV76154.1	QXV82987.1
QXV76154.1	QXV83324.1
QXV76154.1	QXV85028.1
QXV76154.1	XPK41058.1
QXV76154.1	XPK41670.1
QXV76155.1	QXV76155.1
QXV76163.1	QXV76163.1
QXV76164.1	QXV76164.1
QXV76169.1	QXV76169.1
QXV76169.1	QXV81864.1
QXV76169.1	QXV80800.1
QXV76175.1	QXV76175.1
QXV76176.1	QXV76176.1
QXV76177.1	QXV76177.1
QXV76177.1	QXV80809.1
QXV76177.1	QXV82922.1
QXV76177.1	QXV76749.1
QXV76177.1	QXV77648.1
QXV76177.1	QXV85693.1
QXV76177.1	QXV81873.1
QXV76179.1	QXV76179.1
QXV76179.1	QXV80811.1
QXV76179.1	QXV81875.1
QXV76183.1	QXV76183.1
QXV76183.1	QXV81878.1
QXV76183.1	QXV80814.1
QXV76183.1	QXV82476.1
QXV76183.1	QXV83688.1
QXV76186.1	QXV76186.1
QXV76190.1	QXV76190.1
QXV76193.1	QXV76193.1
QXV76194.1	QXV76194.1
QXV76195.1	QXV76195.1
QXV76196.1	QXV76196.1
QXV76197.1	QXV76197.1
QXV76199.1	QXV76199.1
QXV76203.1	QXV76203.1
QXV76205.1	QXV76205.1
QXV76231.1	QXV76231.1
QXV76240.1	QXV76240.1
QXV76240.1	NP_049806.1
QXV76240.1	QXV78470.1
QXV76240.1	QXV83059.1
QXV76240.1	QXV83395.1
QXV76240.1	QXV85865.1
QXV76240.1	QXV76873.1
QXV76240.1	AXN58229.1
QXV76240.1	QXV75305.1
QXV76240.1	QXV79017.1
QXV76240.1	QXV82010.1
QXV76240.1	QXV84765.1
QXV76240.1	QXV78738.1
QXV76240.1	AYD82788.1
QXV76240.1	QXV75034.1
QXV76240.1	QXV75882.1
QXV76255.1	QXV76255.1
QXV76255.1	QXV75320.1
QXV76255.1	QXV83074.1
QXV76287.1	QXV76287.1
QXV76299.1	QXV76299.1
QXV76300.1	QXV76300.1
QXV76301.1	QXV76301.1
QXV78710.1	QXV78710.1
QXV78710.1	AXN58199.1
QXV78710.1	AYD82764.1
QXV78710.1	NP_049776.1
QXV78710.1	NP_049777.1
QXV78710.1	QXV75007.1
QXV78710.1	QXV75278.1
QXV78710.1	QXV75856.1
QXV78710.1	QXV76211.1
QXV78710.1	QXV76846.1
QXV78710.1	QXV78443.1
QXV78710.1	QXV78991.1
QXV78710.1	QXV81983.1
QXV78710.1	QXV83033.1
QXV78710.1	QXV83369.1
QXV78710.1	QXV84738.1
QXV78710.1	QXV85839.1
QXV78710.1	XPK43246.1
QXV78710.1	XPK40160.1
QXV78710.1	XPK40261.1
QXV78710.1	XPK41549.1
QXV78710.1	XPK41824.1
QXV78710.1	XPK41947.1
QXV78710.1	XPK42224.1
QXV78710.1	XPK42660.1
QXV78710.1	XPK43035.1
QXV78710.1	NP_417006.2
QXV78710.1	QXV81693.1
QXV78710.1	QXV79267.1
QXV78710.1	QXV77115.1
QXV78710.1	QXV81830.1
QXV78710.1	QXV76134.1
QXV78710.1	QXV80769.1
QXV78710.1	QXV84082.1
QXV78710.1	QXV75554.1
QXV78710.1	QXV76569.1
QXV78710.1	QXV77469.1
QXV78710.1	QXV77697.1
QXV78710.1	QXV77905.1
QXV78710.1	QXV79789.1
QXV78710.1	QXV80903.1
QXV78710.1	QXV81126.1
QXV78710.1	QXV82523.1
QXV78710.1	QXV82744.1
QXV78710.1	QXV85513.1
QXV78710.1	QXV85742.1
QXV78710.1	QXV79514.1
QXV78710.1	QXV82344.1
QXV78710.1	QXV84462.1
QXV78710.1	QXV85424.1
QXV78710.1	XPK43553.1
QXV78710.1	XPK41106.1
QXV78710.1	XPK41367.1
QXV78710.1	XPK42329.1
QXV78710.1	XPK40527.1
QXV78710.1	XPK40616.1
QXV78710.1	XPK42947.1
QXV78710.1	XPK43371.1
QXV78710.1	XPK43460.1
QXV78710.1	NP_046758.1
QXV78710.1	YP_006576.1
QXV78710.1	XPK40704.1
QXV78710.1	XPK40955.1
QXV78710.1	XPK42874.1
QXV78710.1	QXV79450.1
QXV78710.1	QXV81918.1
QXV78710.1	QXV82968.1
QXV78710.1	QXV83305.1
QXV78710.1	QXV85009.1
QXV78710.1	XPK41036.1
QXV78710.1	XPK41650.1
QXV78710.1	YP_006983.1
QXV78710.1	QXV77208.1
QXV78710.1	QXV79609.1
QXV78710.1	QXV80013.1
QXV78710.1	QXV80183.1
QXV78710.1	QXV80355.1
QXV78710.1	QXV84306.1
QXV78710.1	QXV84558.1
QXV78710.1	QXV85072.1
QXV78710.1	QXV85242.1
QXV78710.1	YP_950546.1
QXV78710.1	QXV75774.1
QXV78710.1	XPK42781.1
QXV78710.1	NP_416423.4
QXV78723.1	QXV78723.1
QXV78724.1	QXV78724.1
QXV78724.1	QXV79004.1
QXV78729.1	QXV78729.1
QXV78729.1	NP_049797.1
QXV78729.1	QXV83386.1
QXV78729.1	QXV78461.1
QXV78729.1	AXN58220.1
QXV78729.1	AYD82779.1
QXV78729.1	QXV75025.1
QXV78729.1	QXV75296.1
QXV78729.1	QXV75873.1
QXV78729.1	QXV76230.1
QXV78729.1	QXV76864.1
QXV78729.1	QXV79008.1
QXV78729.1	QXV82001.1
QXV78729.1	QXV83050.1
QXV78729.1	QXV84756.1
QXV78729.1	QXV85856.1
QXV78743.1	QXV78743.1
QXV78753.1	QXV78753.1
QXV78757.1	QXV78757.1
QXV78757.1	QXV78489.1
QXV78757.1	AXN58248.1
QXV78757.1	QXV82029.1
QXV78757.1	QXV85884.1
QXV78757.1	AYD82806.1
QXV78757.1	QXV75901.1
QXV78757.1	QXV84784.1
QXV78757.1	QXV75324.1
QXV78757.1	NP_049827.1
QXV78757.1	QXV83414.1
QXV78757.1	QXV76259.1
QXV78757.1	QXV79036.1
QXV78757.1	QXV83078.1
QXV78757.1	YP_950483.1
QXV78757.1	QXV75844.1
QXV78766.1	QXV78766.1
QXV78766.1	QXV76900.1
QXV78766.1	QXV85893.1
QXV78766.1	QXV83423.1
QXV78766.1	QXV79045.1
QXV78766.1	QXV78497.1
QXV78766.1	QXV83087.1
QXV78779.1	QXV78779.1
QXV78779.1	AYD82824.1
QXV78792.1	QXV78792.1
QXV78792.1	NP_049860.1
QXV78792.1	QXV75357.1
QXV78792.1	QXV75934.1
QXV78792.1	QXV76292.1
QXV78792.1	QXV78522.1
QXV78792.1	QXV79069.1
QXV78792.1	QXV84819.1
QXV78792.1	QXV85917.1
QXV78792.1	AYD82835.1
QXV78792.1	QXV83445.1
QXV78792.1	QXV75082.1
QXV78792.1	QXV76920.1
QXV78792.1	QXV82063.1
QXV78792.1	AXN58281.1
QXV78792.1	QXV83111.1
QXV78801.1	QXV78801.1
QXV78810.1	QXV78810.1
QXV78812.1	QXV78812.1
QXV78812.1	AYD82855.1
QXV78812.1	QXV75377.1
QXV78812.1	QXV79090.1
QXV78812.1	QXV85939.1
QXV78812.1	QXV76938.1
QXV78812.1	QXV75101.1
QXV78812.1	QXV76313.1
QXV78812.1	QXV82083.1
QXV78812.1	QXV84839.1
QXV78812.1	QXV78542.1
QXV78812.1	QXV75953.1
QXV78812.1	QXV83132.1
QXV78812.1	NP_049880.1
QXV78812.1	AXN58299.1
QXV78812.1	QXV83465.1
QXV78813.1	QXV78813.1
QXV78814.1	QXV78814.1
QXV78814.1	QXV82085.1
QXV78814.1	QXV83467.1
QXV78814.1	QXV85941.1
QXV78814.1	QXV75379.1
QXV78820.1	QXV78820.1
QXV78820.1	QXV75385.1
QXV78820.1	QXV76321.1
QXV78837.1	QXV78837.1
QXV78837.1	QXV83491.1
QXV78837.1	QXV85963.1
QXV78837.1	QXV78566.1
QXV78837.1	AXN58055.1
QXV78837.1	AYD82610.1
QXV78837.1	NP_049631.1
QXV78837.1	QXV75402.1
QXV78837.1	QXV75978.1
QXV78837.1	QXV76338.1
QXV78837.1	QXV79116.1
QXV78837.1	QXV82107.1
QXV78837.1	QXV83156.1
QXV78837.1	QXV84864.1
QXV78846.1	QXV78846.1
QXV78846.1	AXN58064.1
QXV78846.1	QXV75411.1
QXV78846.1	QXV78574.1
QXV78846.1	QXV79125.1
QXV78846.1	QXV83499.1
QXV78847.1	QXV78847.1
QXV78848.1	QXV78848.1
QXV78853.1	QXV78853.1
QXV78857.1	QXV78857.1
QXV78859.1	QXV78859.1
QXV78859.1	AXN58076.1
QXV78859.1	NP_049650.1
QXV78859.1	QXV79138.1
QXV78859.1	QXV83512.1
QXV78859.1	QXV85984.1
QXV78859.1	QXV76358.1
QXV78859.1	QXV75139.1
QXV78859.1	QXV75999.1
QXV78859.1	QXV76974.1
QXV78859.1	QXV83177.1
QXV78859.1	QXV78587.1
QXV78868.1	QXV78868.1
QXV78888.1	QXV78888.1
QXV78888.1	QXV78615.1
QXV78888.1	QXV79165.1
QXV78888.1	AYD82659.1
QXV78888.1	NP_049676.1
QXV78888.1	QXV75451.1
QXV78901.1	QXV78901.1
QXV78907.1	QXV78907.1
QXV78907.1	QXV79184.1
QXV78907.1	QXV83561.1
QXV78907.1	NP_049695.1
QXV78907.1	QXV76048.1
QXV78909.1	QXV78909.1
QXV78920.1	QXV78920.1
QXV78920.1	QXV75483.1
QXV78924.1	QXV78924.1
QXV78924.1	QXV76065.1
QXV78924.1	QXV79202.1
QXV78924.1	QXV83240.1
QXV78924.1	QXV76420.1
QXV78924.1	QXV75486.1
QXV78924.1	QXV77040.1
QXV78924.1	AXN58135.1
QXV78924.1	AYD82694.1
QXV78924.1	QXV75206.1
QXV78924.1	QXV78648.1
QXV78924.1	QXV82188.1
QXV78924.1	QXV86049.1
QXV78924.1	QXV83577.1
QXV78940.1	QXV78940.1
QXV78940.1	AXN58152.1
QXV78940.1	AYD82711.1
QXV78940.1	QXV75501.1
QXV78940.1	QXV76434.1
QXV78940.1	QXV79218.1
QXV78940.1	QXV83254.1
QXV78940.1	QXV83592.1
QXV78940.1	QXV75216.1
QXV78940.1	QXV76080.1
QXV78940.1	QXV82202.1
QXV78940.1	QXV86065.1
QXV78940.1	QXV84956.1
QXV78950.1	QXV78950.1
QXV78950.1	NP_049731.1
QXV78950.1	AYD82721.1
QXV78950.1	QXV75511.1
QXV78950.1	QXV76090.1
QXV78950.1	QXV76444.1
QXV78950.1	QXV79228.1
QXV78950.1	QXV82212.1
QXV78950.1	QXV83264.1
QXV78950.1	QXV83602.1
QXV78950.1	QXV84966.1
QXV78950.1	QXV86075.1
QXV78950.1	QXV78670.1
QXV78956.1	QXV78956.1
QXV78963.1	QXV78963.1
QXV78963.1	QXV76102.1
QXV78963.1	QXV75249.1
QXV78963.1	QXV75522.1
QXV78963.1	QXV84977.1
QXV78963.1	QXV86087.1
QXV78963.1	QXV76455.1
QXV78963.1	QXV77085.1
QXV78963.1	QXV82225.1
QXV78963.1	QXV83276.1
QXV78963.1	QXV83617.1
QXV78963.1	QXV78682.1
QXV78996.1	QXV78996.1
QXV78996.1	QXV75861.1
QXV78996.1	NP_049784.1
QXV78996.1	QXV76216.1
QXV78996.1	QXV78715.1
QXV78996.1	QXV81988.1
QXV78996.1	QXV83038.1
QXV78996.1	QXV83374.1
QXV78996.1	QXV85844.1
QXV79022.1	QXV79022.1
QXV79022.1	QXV75038.1
QXV79022.1	QXV76877.1
QXV79031.1	QXV79031.1
QXV79031.1	NP_049822.1
QXV79031.1	QXV75896.1
QXV79031.1	QXV76254.1
QXV79031.1	QXV82024.1
QXV79031.1	QXV83073.1
QXV79031.1	QXV83409.1
QXV79031.1	AXN58243.1
QXV79031.1	QXV84779.1
QXV79031.1	QXV75319.1
QXV79031.1	QXV85879.1
QXV79031.1	QXV75047.1
QXV79031.1	QXV78270.1
QXV79031.1	QXV78484.1
QXV79031.1	QXV76886.1
QXV79031.1	QXV78752.1
QXV79032.1	QXV79032.1
QXV79033.1	QXV79033.1
QXV79038.1	QXV79038.1
QXV79061.1	QXV79061.1
QXV79061.1	QXV75926.1
QXV79061.1	QXV75349.1
QXV79061.1	QXV84810.1
QXV79061.1	QXV78784.1
QXV79076.1	QXV79076.1
QXV79076.1	NP_049867.1
QXV79078.1	QXV79078.1
QXV79079.1	QXV79079.1
QXV79079.1	AXN58290.1
QXV79079.1	AYD82845.1
QXV79079.1	QXV83455.1
QXV79079.1	QXV85927.1
QXV79079.1	NP_049870.1
QXV79079.1	QXV75367.1
QXV79079.1	QXV75943.1
QXV79079.1	QXV76302.1
QXV79079.1	QXV75092.1
QXV79079.1	QXV76930.1
QXV79079.1	QXV78532.1
QXV79079.1	QXV78802.1
QXV79079.1	QXV82073.1
QXV79079.1	QXV83121.1
QXV79079.1	QXV84829.1
QXV79087.1	QXV79087.1
QXV79088.1	QXV79088.1
QXV79091.1	QXV79091.1
QXV79095.1	QXV79095.1
QXV79096.1	QXV79096.1
QXV79096.1	QXV75959.1
QXV79096.1	QXV75104.1
QXV79096.1	QXV76319.1
QXV79096.1	QXV76941.1
QXV79096.1	QXV78818.1
QXV79096.1	QXV75383.1
QXV79096.1	QXV83138.1
QXV79096.1	QXV83471.1
QXV79096.1	QXV84845.1
QXV79096.1	QXV85945.1
QXV79096.1	QXV78548.1
QXV79096.1	QXV82089.1
QXV79096.1	AXN58304.1
QXV79100.1	QXV79100.1
QXV79101.1	QXV79101.1
QXV79117.1	QXV79117.1
QXV79117.1	QXV78838.1
QXV79126.1	QXV79126.1
QXV79132.1	QXV79132.1
QXV79136.1	QXV79136.1
QXV79137.1	QXV79137.1
QXV79137.1	QXV75423.1
QXV79137.1	QXV84886.1
QXV79137.1	QXV76357.1
QXV79137.1	QXV78586.1
QXV79137.1	QXV78858.1
QXV79137.1	QXV82128.1
QXV79137.1	QXV83511.1
QXV79137.1	AYD82632.1
QXV79147.1	QXV79147.1
QXV79156.1	QXV79156.1
QXV79157.1	QXV79157.1
QXV79157.1	QXV76019.1
QXV79157.1	QXV78879.1
QXV79162.1	QXV79162.1
QXV79162.1	QXV76025.1
QXV79173.1	QXV79173.1
QXV79174.1	QXV79174.1
QXV79174.1	QXV75181.1
QXV79174.1	QXV75460.1
QXV79186.1	QXV79186.1
QXV79193.1	QXV79193.1
QXV79193.1	AYD82686.1
QXV79193.1	QXV76057.1
QXV79193.1	QXV75477.1
QXV79193.1	QXV75479.1
QXV79193.1	QXV78916.1
QXV79193.1	AXN58127.1
QXV79193.1	QXV78641.1
QXV79193.1	QXV76413.1
QXV79193.1	QXV82011.1
QXV79193.1	AXN58230.1
QXV79193.1	AYD82789.1
QXV79193.1	NP_049807.1
QXV79193.1	QXV75035.1
QXV79193.1	QXV75306.1
QXV79193.1	QXV75883.1
QXV79193.1	QXV76241.1
QXV79193.1	QXV76874.1
QXV79193.1	QXV78471.1
QXV79193.1	QXV78739.1
QXV79193.1	QXV79018.1
QXV79193.1	QXV83060.1
QXV79193.1	QXV83396.1
QXV79193.1	QXV84766.1
QXV79193.1	QXV85866.1
QXV79193.1	QXV83231.1
QXV79193.1	NP_415846.1
QXV79193.1	NP_415109.1
QXV79193.1	NP_417399.1
QXV79193.1	QXV82179.1
QXV79193.1	QXV75198.1
QXV79193.1	QXV76055.1
QXV79193.1	QXV84941.1
QXV79193.1	QXV83233.1
QXV79193.1	QXV83570.1
QXV79193.1	QXV86037.1
QXV79193.1	AXN58125.1
QXV79193.1	NP_049701.1
QXV79193.1	AYD82684.1
QXV79193.1	QXV78639.1
QXV79193.1	QXV77032.1
QXV79193.1	QXV83568.1
QXV79193.1	QXV78914.1
QXV79193.1	QXV84990.1
QXV79193.1	QXV76411.1
QXV79193.1	QXV79192.1
QXV79193.1	NP_049702.1
QXV79193.1	QXV76412.1
QXV79193.1	QXV83232.1
QXV79193.1	QXV83569.1
QXV79193.1	QXV76056.1
QXV79193.1	NP_049703.1
QXV79193.1	QXV82181.1
QXV79193.1	QXV86039.1
QXV79200.1	QXV79200.1
QXV79201.1	QXV79201.1
QXV79209.1	QXV79209.1
QXV79209.1	AXN58142.1
QXV79209.1	AYD82701.1
QXV79209.1	NP_049713.1
QXV79209.1	QXV75492.1
QXV79209.1	QXV76071.1
QXV79209.1	QXV76425.1
QXV79209.1	QXV78653.1
QXV79209.1	QXV78931.1
QXV79209.1	QXV83245.1
QXV79209.1	QXV83582.1
QXV79209.1	QXV86056.1
QXV79209.1	QXV82193.1
QXV79209.1	YP_950488.1
QXV79209.1	QXV75839.1
QXV79210.1	QXV79210.1
QXV79210.1	QXV76426.1
QXV79221.1	QXV79221.1
QXV79221.1	QXV83257.1
QXV79221.1	NP_049724.1
QXV79221.1	AXN58155.1
QXV79221.1	AYD82714.1
QXV79221.1	QXV75218.1
QXV79221.1	QXV76437.1
QXV79221.1	QXV77051.1
QXV79221.1	QXV78663.1
QXV79221.1	QXV82205.1
QXV79221.1	QXV83595.1
QXV79221.1	QXV86068.1
QXV79221.1	QXV76083.1
QXV79221.1	QXV75504.1
QXV79221.1	QXV78943.1
QXV79221.1	QXV84959.1
QXV79222.1	QXV79222.1
QXV79222.1	AXN58156.1
QXV79222.1	AYD82715.1
QXV79222.1	NP_049725.1
QXV79222.1	QXV75219.1
QXV79222.1	QXV75505.1
QXV79222.1	QXV76084.1
QXV79222.1	QXV76438.1
QXV79222.1	QXV77052.1
QXV79222.1	QXV78664.1
QXV79222.1	QXV78944.1
QXV79222.1	QXV82206.1
QXV79222.1	QXV83258.1
QXV79222.1	QXV83596.1
QXV79222.1	QXV84960.1
QXV79222.1	QXV86069.1
QXV79222.1	QXV81777.1
QXV79222.1	NP_415711.2
QXV79230.1	QXV79230.1
QXV79230.1	AYD82724.1
QXV79230.1	QXV76446.1
QXV79230.1	QXV84968.1
QXV79230.1	QXV76092.1
QXV79230.1	QXV78672.1
QXV79230.1	QXV78952.1
QXV79230.1	QXV75513.1
QXV79238.1	QXV79238.1
QXV79238.1	QXV75244.1
QXV79238.1	QXV75519.1
QXV79238.1	QXV76099.1
QXV79238.1	QXV78679.1
QXV79238.1	QXV78959.1
QXV79238.1	QXV82220.1
QXV79238.1	QXV84974.1
QXV79238.1	QXV76452.1
QXV79238.1	QXV83272.1
QXV79238.1	AYD82729.1
QXV79238.1	NP_049741.1
QXV79238.1	QXV77078.1
QXV79238.1	AXN58163.1
QXV79238.1	QXV83614.1
QXV79238.1	QXV86083.1
QXV79249.1	QXV79249.1
QXV79249.1	NP_049754.1
QXV79249.1	QXV76466.1
QXV79249.1	AYD82744.1
QXV79277.1	QXV79277.1
QXV79277.1	QXV77125.1
QXV79277.1	QXV84316.1
QXV79277.1	QXV77217.1
QXV79277.1	QXV79618.1
QXV79277.1	QXV80025.1
QXV79277.1	QXV80193.1
QXV79277.1	QXV80364.1
QXV79277.1	QXV84567.1
QXV79277.1	QXV85081.1
QXV79277.1	QXV85253.1
QXV79277.1	YP_006973.1
QXV79279.1	QXV79279.1
QXV79279.1	QXV77127.1
QXV79291.1	QXV79291.1
QXV79295.1	QXV79295.1
QXV79295.1	QXV77143.1
QXV79297.1	QXV79297.1
QXV79297.1	QXV77145.1
QXV79298.1	QXV79298.1
QXV79298.1	QXV77146.1
QXV79299.1	QXV79299.1
QXV79300.1	QXV79300.1
QXV79300.1	QXV77148.1
QXV79300.1	QXV85786.1
QXV79303.1	QXV79303.1
QXV79303.1	QXV77151.1
QXV79304.1	QXV79304.1
AXN58051.1	AXN58051.1
AXN58051.1	QXV85958.1
AXN58051.1	QXV83152.1
AXN58051.1	NP_417099.4
AXN58054.1	AXN58054.1
AXN58054.1	QXV78565.1
AXN58054.1	QXV79115.1
AXN58054.1	AYD82609.1
AXN58054.1	NP_049630.1
AXN58054.1	QXV75401.1
AXN58054.1	QXV75977.1
AXN58054.1	QXV78836.1
AXN58054.1	QXV82106.1
AXN58054.1	QXV76337.1
AXN58054.1	QXV83155.1
AXN58054.1	QXV83490.1
AXN58054.1	QXV85962.1
AXN58054.1	QXV76339.1
AXN58056.1	AXN58056.1
AXN58065.1	AXN58065.1
AXN58067.1	AXN58067.1
AXN58067.1	AYD82621.1
AXN58067.1	QXV75414.1
AXN58067.1	QXV75990.1
AXN58067.1	QXV79128.1
AXN58067.1	QXV76350.1
AXN58067.1	NP_049642.1
AXN58067.1	QXV78577.1
AXN58067.1	QXV78849.1
AXN58067.1	QXV82119.1
AXN58067.1	QXV83168.1
AXN58067.1	QXV83502.1
AXN58067.1	QXV85975.1
AXN58071.1	AXN58071.1
AXN58072.1	AXN58072.1
AXN58072.1	AYD82626.1
AXN58072.1	QXV75995.1
AXN58072.1	QXV78582.1
AXN58072.1	QXV78854.1
AXN58072.1	QXV85980.1
AXN58072.1	QXV75134.1
AXN58072.1	NP_049646.1
AXN58072.1	QXV76969.1
AXN58072.1	QXV79133.1
AXN58072.1	QXV82122.1
AXN58072.1	QXV84882.1
AXN58072.1	QXV75419.1
AXN58072.1	QXV83173.1
AXN58072.1	QXV76353.1
AXN58072.1	QXV83507.1
AXN58075.1	AXN58075.1
AXN58079.1	AXN58079.1
AXN58079.1	AYD82635.1
AXN58079.1	NP_049653.1
AXN58079.1	QXV75426.1
AXN58079.1	QXV76002.1
AXN58079.1	QXV76361.1
AXN58079.1	QXV78590.1
AXN58079.1	QXV78862.1
AXN58079.1	QXV79141.1
AXN58079.1	QXV83180.1
AXN58079.1	QXV83515.1
AXN58079.1	QXV84889.1
AXN58079.1	QXV85987.1
AXN58079.1	QXV76978.1
AXN58079.1	QXV75144.1
AXN58079.1	QXV82131.1
AXN58083.1	AXN58083.1
AXN58083.1	AYD82639.1
AXN58083.1	QXV75430.1
AXN58083.1	QXV76006.1
AXN58083.1	QXV76365.1
AXN58083.1	QXV78594.1
AXN58083.1	QXV78866.1
AXN58083.1	QXV79145.1
AXN58083.1	QXV82135.1
AXN58083.1	QXV83184.1
AXN58083.1	QXV83519.1
AXN58083.1	QXV84893.1
AXN58083.1	QXV85991.1
AXN58085.1	AXN58085.1
AXN58085.1	AYD82641.1
AXN58085.1	NP_049660.1
AXN58085.1	QXV75141.1
AXN58085.1	QXV75433.1
AXN58085.1	QXV76009.1
AXN58085.1	QXV76369.1
AXN58085.1	QXV76976.1
AXN58085.1	QXV78597.1
AXN58085.1	QXV78869.1
AXN58085.1	QXV79148.1
AXN58085.1	QXV82138.1
AXN58085.1	QXV83187.1
AXN58085.1	QXV83522.1
AXN58085.1	QXV84896.1
AXN58085.1	QXV85994.1
AXN58085.1	XPK42840.1
AXN58105.1	AXN58105.1
AXN58105.1	AYD82663.1
AXN58105.1	NP_049680.1
AXN58105.1	QXV75456.1
AXN58105.1	QXV76033.1
AXN58105.1	QXV76392.1
AXN58105.1	QXV78620.1
AXN58105.1	QXV78893.1
AXN58105.1	QXV79170.1
AXN58105.1	QXV82160.1
AXN58105.1	QXV83210.1
AXN58105.1	QXV83547.1
AXN58105.1	QXV84920.1
AXN58105.1	QXV86017.1
AXN58105.1	QXV77010.1
AXN58105.1	QXV75176.1
AXN58107.1	AXN58107.1
AXN58107.1	QXV75179.1
AXN58107.1	QXV75458.1
AXN58107.1	QXV76035.1
AXN58112.1	AXN58112.1
AXN58112.1	QXV75464.1
AXN58113.1	AXN58113.1
AXN58120.1	AXN58120.1
AXN58140.1	AXN58140.1
AXN58140.1	AYD82699.1
AXN58140.1	QXV75490.1
AXN58140.1	QXV76069.1
AXN58140.1	QXV78929.1
AXN58140.1	QXV79207.1
AXN58140.1	QXV83580.1
AYD82631.1	AYD82631.1
AYD82649.1	AYD82649.1
AYD82652.1	AYD82652.1
AYD82653.1	AYD82653.1
AYD82666.1	AYD82666.1
AYD82666.1	QXV78896.1
AYD82666.1	NP_049683.1
AYD82666.1	QXV83213.1
AYD82670.1	AYD82670.1
AYD82670.1	QXV76041.1
AYD82674.1	AYD82674.1
AYD82674.1	AXN58117.1
AYD82674.1	NP_049692.1
AYD82674.1	QXV75190.1
AYD82674.1	QXV75468.1
AYD82674.1	QXV76046.1
AYD82674.1	QXV76404.1
AYD82674.1	QXV77024.1
AYD82674.1	QXV78632.1
AYD82674.1	QXV78905.1
AYD82674.1	QXV79182.1
AYD82674.1	QXV82171.1
AYD82674.1	QXV83222.1
AYD82674.1	QXV83559.1
AYD82674.1	QXV84934.1
AYD82674.1	QXV86029.1
AYD82678.1	AYD82678.1
AYD82682.1	AYD82682.1
AYD82683.1	AYD82683.1
AYD82687.1	AYD82687.1
AYD82687.1	QXV78917.1
AYD82687.1	QXV75200.1
AYD82687.1	AXN58128.1
AYD82687.1	QXV75480.1
AYD82687.1	QXV78642.1
AYD82688.1	AYD82688.1
AYD82688.1	NP_417924.1
AYD82692.1	AYD82692.1
AYD82692.1	QXV76962.1
AYD82692.1	QXV75125.1
AYD82692.1	AYD82614.1
AYD82692.1	AXN58060.1
AYD82692.1	NP_049635.1
AYD82692.1	QXV75407.1
AYD82692.1	QXV75983.1
AYD82692.1	QXV76343.1
AYD82692.1	QXV78570.1
AYD82692.1	QXV78842.1
AYD82692.1	QXV79121.1
AYD82692.1	QXV82112.1
AYD82692.1	QXV83161.1
AYD82692.1	QXV83495.1
AYD82692.1	QXV84869.1
AYD82692.1	QXV85968.1
AYD82692.1	QXV76961.1
AYD82692.1	QXV75124.1
AYD82692.1	QXV75408.1
AYD82692.1	AXN58061.1
AYD82692.1	AYD82615.1
AYD82692.1	NP_049636.1
AYD82692.1	QXV75984.1
AYD82692.1	QXV76344.1
AYD82692.1	QXV78571.1
AYD82692.1	QXV78843.1
AYD82692.1	QXV79122.1
AYD82692.1	QXV82113.1
AYD82692.1	QXV83162.1
AYD82692.1	QXV83496.1
AYD82692.1	QXV84870.1
AYD82692.1	QXV85969.1
AYD82695.1	AYD82695.1
AYD82696.1	AYD82696.1
AYD82697.1	AYD82697.1
AYD82698.1	AYD82698.1
AYD82700.1	AYD82700.1
AYD82700.1	QXV75491.1
AYD82700.1	QXV78652.1
AYD82700.1	QXV82192.1
AYD82700.1	QXV83244.1
AYD82700.1	QXV86055.1
AYD82700.1	AXN58139.1
AYD82700.1	AXN58141.1
AYD82700.1	QXV75211.1
AYD82700.1	QXV75489.1
AYD82700.1	QXV76068.1
AYD82700.1	QXV76070.1
AYD82700.1	QXV76424.1
AYD82700.1	QXV77045.1
AYD82700.1	QXV78928.1
AYD82700.1	QXV78930.1
AYD82700.1	QXV79206.1
AYD82700.1	QXV79208.1
AYD82700.1	QXV83581.1
AYD82700.1	QXV86053.1
AYD82703.1	AYD82703.1
AYD82703.1	AXN58144.1
AYD82703.1	NP_049715.1
AYD82703.1	QXV75494.1
AYD82703.1	QXV76073.1
AYD82703.1	QXV76427.1
AYD82703.1	QXV78655.1
AYD82703.1	QXV78933.1
AYD82703.1	QXV79211.1
AYD82703.1	QXV82195.1
AYD82703.1	QXV83247.1
AYD82703.1	QXV83584.1
AYD82703.1	QXV86058.1
AYD82704.1	AYD82704.1
AYD82704.1	AXN58145.1
AYD82704.1	NP_049716.1
AYD82704.1	QXV75495.1
AYD82704.1	QXV76074.1
AYD82704.1	QXV76428.1
AYD82704.1	QXV78656.1
AYD82704.1	QXV78934.1
AYD82704.1	QXV79212.1
AYD82704.1	QXV82196.1
AYD82704.1	QXV83248.1
AYD82704.1	QXV83585.1
AYD82704.1	QXV84949.1
AYD82704.1	QXV86059.1
AYD82716.1	AYD82716.1
AYD82716.1	QXV78945.1
AYD82716.1	QXV84961.1
AYD82716.1	AXN58157.1
AYD82716.1	NP_049726.1
AYD82716.1	QXV75220.1
AYD82716.1	QXV75506.1
AYD82716.1	QXV76085.1
AYD82716.1	QXV76439.1
AYD82716.1	QXV77053.1
AYD82716.1	QXV78665.1
AYD82716.1	QXV79223.1
AYD82716.1	QXV82207.1
AYD82716.1	QXV83259.1
AYD82716.1	QXV83597.1
AYD82716.1	QXV86070.1
AYD82717.1	AYD82717.1
AYD82722.1	AYD82722.1
AYD82723.1	AYD82723.1
AYD82737.1	AYD82737.1
AYD82737.1	AXN58170.1
AYD82737.1	NP_049748.1
AYD82737.1	QXV75254.1
AYD82737.1	QXV75527.1
AYD82737.1	QXV76108.1
AYD82737.1	QXV77090.1
AYD82737.1	QXV78967.1
AYD82737.1	QXV79243.1
AYD82737.1	QXV82230.1
AYD82737.1	QXV83280.1
AYD82737.1	QXV83623.1
AYD82737.1	QXV76460.1
AYD82737.1	QXV86091.1
AYD82738.1	AYD82738.1
AYD82749.1	AYD82749.1
AYD82750.1	AYD82750.1
AYD82769.1	AYD82769.1
AYD82769.1	AXN58205.1
AYD82769.1	QXV75283.1
AYD82769.1	QXV84743.1
AYD82769.1	QXV78448.1
AYD82771.1	AYD82771.1
AYD82771.1	QXV75863.1
AYD82771.1	QXV76218.1
AYD82771.1	QXV81990.1
AYD82771.1	QXV83040.1
AYD82771.1	QXV83376.1
AYD82771.1	QXV85846.1
AYD82771.1	QXV76853.1
AYD82771.1	AXN58207.1
AYD82771.1	QXV75285.1
AYD82771.1	QXV78717.1
AYD82771.1	QXV84745.1
AYD82771.1	QXV78450.1
AYD82771.1	QXV75014.1
AYD82771.1	QXV78998.1
AYD82772.1	AYD82772.1
AYD82772.1	AXN58208.1
AYD82772.1	NP_049787.1
AYD82772.1	QXV75015.1
AYD82772.1	QXV75286.1
AYD82772.1	QXV76219.1
AYD82772.1	QXV78718.1
AYD82772.1	QXV78999.1
AYD82772.1	QXV83041.1
AYD82772.1	QXV83377.1
AYD82772.1	AYD82773.1
AYD82772.1	AXN58210.1
AYD82772.1	NP_049789.1
AYD82772.1	QXV75017.1
AYD82772.1	QXV75865.1
AYD82772.1	QXV76221.1
AYD82772.1	QXV78452.1
AYD82772.1	QXV78719.1
AYD82772.1	QXV79000.1
AYD82772.1	QXV81992.1
AYD82772.1	QXV83042.1
AYD82772.1	QXV83378.1
AYD82772.1	QXV84748.1
AYD82772.1	QXV85848.1
AYD82772.1	QXV76854.1
AYD82772.1	QXV76856.1
AYD82772.1	QXV75287.1
AYD82772.1	QXV85847.1
AYD82772.1	QXV75864.1
AYD82772.1	QXV78451.1
AYD82772.1	QXV81991.1
AYD82772.1	QXV84746.1
AYD82772.1	YP_006526.1
AYD82772.1	QXV85248.1
AYD82772.1	QXV77213.1
AYD82772.1	QXV79614.1
AYD82772.1	QXV80018.1
AYD82772.1	QXV80189.1
AYD82772.1	QXV80360.1
AYD82772.1	QXV84311.1
AYD82772.1	QXV84563.1
AYD82772.1	QXV85077.1
AYD82772.1	YP_006977.1
AYD82783.1	AYD82783.1
AYD82783.1	AXN58224.1
AYD82783.1	NP_049801.1
AYD82783.1	QXV75029.1
AYD82783.1	QXV75300.1
AYD82783.1	QXV75877.1
AYD82783.1	QXV76235.1
AYD82783.1	QXV76868.1
AYD82783.1	QXV78465.1
AYD82783.1	QXV78733.1
AYD82783.1	QXV79012.1
AYD82783.1	QXV82005.1
AYD82783.1	QXV83054.1
AYD82783.1	QXV83390.1
AYD82783.1	QXV84760.1
AYD82783.1	QXV85860.1
AYD82783.1	QXV83055.1
AYD82783.1	AXN58225.1
AYD82783.1	AYD82784.1
AYD82783.1	NP_049802.1
AYD82783.1	QXV75030.1
AYD82783.1	QXV75301.1
AYD82783.1	QXV75878.1
AYD82783.1	QXV76236.1
AYD82783.1	QXV76869.1
AYD82783.1	QXV78466.1
AYD82783.1	QXV78734.1
AYD82783.1	QXV79013.1
AYD82783.1	QXV82006.1
AYD82783.1	QXV83391.1
AYD82783.1	QXV84761.1
AYD82783.1	QXV85861.1
AYD82786.1	AYD82786.1
AYD82786.1	NP_049804.2
AYD82786.1	QXV75032.1
AYD82786.1	QXV75303.1
AYD82786.1	QXV75880.1
AYD82786.1	QXV76238.1
AYD82786.1	QXV76871.1
AYD82786.1	QXV78468.1
AYD82786.1	QXV78736.1
AYD82786.1	QXV79015.1
AYD82786.1	QXV82008.1
AYD82786.1	QXV83057.1
AYD82786.1	QXV83393.1
AYD82786.1	QXV84763.1
AYD82786.1	QXV85863.1
AYD82786.1	AXN58227.1
AYD82793.1	AYD82793.1
AYD82798.1	AYD82798.1
AYD82799.1	AYD82799.1
AYD82802.1	AYD82802.1
AYD82812.1	AYD82812.1
AYD82814.1	AYD82814.1
NP_049616.1	NP_049616.1
NP_049616.1	AXN58042.1
NP_049616.1	QXV75388.1
NP_049616.1	QXV78552.1
NP_049616.1	QXV78823.1
NP_049616.1	QXV82093.1
NP_049616.1	QXV83477.1
NP_049616.1	QXV84850.1
NP_049616.1	QXV75108.1
NP_049616.1	QXV76945.1
NP_049616.1	QXV75964.1
NP_049616.1	AYD82598.1
NP_049616.1	QXV76324.1
NP_049616.1	QXV83143.1
NP_049616.1	QXV85949.1
NP_049616.1	YP_950511.1
NP_049616.1	QXV75814.1
NP_049616.1	XPK42831.1
NP_049618.1	NP_049618.1
NP_049619.1	NP_049619.1
NP_049620.1	NP_049620.1
NP_049621.1	NP_049621.1
NP_049622.1	NP_049622.1
NP_049623.1	NP_049623.1
NP_049627.1	NP_049627.1
NP_049638.1	NP_049638.1
NP_049639.1	NP_049639.1
NP_049640.1	NP_049640.1
NP_049641.1	NP_049641.1
NP_049641.1	AYD82620.1
NP_049641.1	AXN58066.1
NP_049641.1	QXV84875.1
NP_049641.1	QXV76349.1
NP_049641.1	QXV79127.1
NP_049641.1	QXV82118.1
NP_049641.1	QXV78576.1
NP_049641.1	QXV83501.1
NP_049641.1	QXV85974.1
NP_049644.1	NP_049644.1
NP_049644.1	QXV85977.1
NP_049644.1	QXV83170.1
NP_049644.1	QXV76352.1
NP_049644.1	QXV84879.1
NP_049644.1	QXV78851.1
NP_049644.1	QXV75416.1
NP_049644.1	QXV79130.1
NP_049644.1	QXV76968.1
NP_049644.1	QXV82121.1
NP_049644.1	QXV83504.1
NP_049644.1	AXN58069.1
NP_049644.1	AYD82623.1
NP_049644.1	QXV78579.1
NP_049644.1	QXV75131.1
NP_049644.1	QXV75992.1
NP_049645.1	NP_049645.1
NP_049645.1	AXN58132.1
NP_049645.1	AXN58183.1
NP_049645.1	QXV83531.1
NP_049645.1	QXV84933.1
NP_049649.1	NP_049649.1
NP_049655.1	NP_049655.1
NP_049655.1	AYD82637.1
NP_049655.1	AXN58081.1
NP_049655.1	QXV75148.1
NP_049655.1	QXV75428.1
NP_049655.1	QXV76004.1
NP_049655.1	QXV76363.1
NP_049655.1	QXV76982.1
NP_049655.1	QXV78592.1
NP_049655.1	QXV78864.1
NP_049655.1	QXV79143.1
NP_049655.1	QXV82133.1
NP_049655.1	QXV83182.1
NP_049655.1	QXV83517.1
NP_049655.1	QXV84891.1
NP_049655.1	QXV85989.1
NP_049675.1	NP_049675.1
NP_049679.1	NP_049679.1
NP_049679.1	AXN58104.1
NP_049679.1	AYD82662.1
NP_049679.1	QXV75174.1
NP_049679.1	QXV75454.1
NP_049679.1	QXV76031.1
NP_049679.1	QXV76390.1
NP_049679.1	QXV77008.1
NP_049679.1	QXV78618.1
NP_049679.1	QXV78891.1
NP_049679.1	QXV79168.1
NP_049679.1	QXV82158.1
NP_049679.1	QXV83208.1
NP_049679.1	QXV83545.1
NP_049679.1	QXV84918.1
NP_049679.1	QXV86015.1
NP_049684.1	NP_049684.1
NP_049684.1	AXN58109.1
NP_049684.1	QXV76037.1
NP_049684.1	QXV78897.1
NP_049684.1	QXV82164.1
NP_049684.1	AYD82667.1
NP_049684.1	QXV78624.1
NP_049684.1	QXV86021.1
NP_049689.1	NP_049689.1
NP_049689.1	QXV78774.1
NP_049689.1	NP_049674.1
NP_049689.1	AXN58218.1
NP_049689.1	AXN58195.1
NP_049689.1	AXN58263.1
NP_049689.1	QXV75340.1
NP_049689.1	QXV78505.1
NP_049689.1	QXV82045.1
NP_049689.1	AXN58268.1
NP_049689.1	NP_049849.3
NP_049689.1	QXV82050.1
NP_049689.1	QXV83099.1
NP_049689.1	QXV83197.1
NP_049693.2	NP_049693.2
NP_049700.1	NP_049700.1
NP_049700.1	AXN58124.1
NP_049700.1	QXV76410.1
NP_049700.1	QXV75476.1
NP_049700.1	QXV76054.1
NP_049700.1	QXV83230.1
NP_049700.1	QXV83567.1
NP_049700.1	QXV79190.1
NP_049700.1	QXV84940.1
NP_049700.1	QXV78913.1
NP_049700.1	QXV82178.1
NP_049700.1	QXV78638.1
NP_049700.1	QXV86036.1
NP_049710.1	NP_049710.1
NP_049710.1	AXN58095.1
NP_049712.1	NP_049712.1
NP_049727.1	NP_049727.1
NP_049729.1	NP_049729.1
NP_049734.1	NP_049734.1
NP_049738.1	NP_049738.1
NP_049739.1	NP_049739.1
NP_049739.1	QXV84972.1
NP_049739.1	QXV75517.1
NP_049739.1	AYD82727.1
NP_049739.1	QXV76097.1
NP_049739.1	QXV78677.1
NP_049739.1	AXN58161.1
NP_049739.1	QXV75242.1
NP_049739.1	QXV76450.1
NP_049739.1	QXV77076.1
NP_049739.1	QXV78957.1
NP_049739.1	QXV79236.1
NP_049739.1	QXV82218.1
NP_049739.1	QXV83270.1
NP_049739.1	QXV83612.1
NP_049743.1	NP_049743.1
NP_049743.1	QXV75521.1
NP_049743.1	QXV78681.1
NP_049743.1	QXV78962.1
NP_049743.1	QXV79240.1
NP_049743.1	AXN58165.1
NP_049743.1	QXV84976.1
NP_049758.1	NP_049758.1
NP_049759.1	NP_049759.1
NP_049761.1	NP_049761.1
NP_049761.1	QXV81748.1
NP_049762.1	NP_049762.1
NP_049772.1	NP_049772.1
NP_049772.1	AXN58194.1
NP_049772.1	AYD82760.1
NP_049772.1	QXV75274.1
NP_049772.1	QXV75549.1
NP_049772.1	QXV76129.1
NP_049772.1	QXV76480.1
NP_049772.1	QXV78706.1
NP_049772.1	QXV78987.1
NP_049772.1	QXV79263.1
NP_049772.1	QXV82251.1
NP_049772.1	QXV83301.1
NP_049772.1	QXV83643.1
NP_049772.1	QXV85005.1
NP_049772.1	QXV86112.1
NP_049783.1	NP_049783.1
NP_049783.1	QXV76215.1
NP_049783.1	QXV78714.1
NP_049783.1	QXV85843.1
NP_049783.1	QXV75011.1
NP_049783.1	QXV75282.1
NP_049783.1	QXV81987.1
NP_049785.1	NP_049785.1
NP_049785.1	AXN58206.1
NP_049785.1	AYD82770.1
NP_049785.1	NP_813810.1
NP_049785.1	QXV75013.1
NP_049785.1	QXV75284.1
NP_049785.1	QXV75862.1
NP_049785.1	QXV76217.1
NP_049785.1	QXV76852.1
NP_049785.1	QXV78449.1
NP_049785.1	QXV78716.1
NP_049785.1	QXV78997.1
NP_049785.1	QXV81989.1
NP_049785.1	QXV83039.1
NP_049785.1	QXV83375.1
NP_049785.1	QXV84744.1
NP_049785.1	QXV85845.1
NP_049785.1	XPK40924.1
NP_049785.1	NP_041970.1
NP_049785.1	QXV76817.1
NP_049785.1	QXV78414.1
NP_049785.1	QXV80648.1
NP_049785.1	QXV80873.1
NP_049785.1	XPK40413.1
NP_049785.1	XPK40872.1
NP_049785.1	XPK42547.1
NP_049785.1	QXV81746.1
NP_049785.1	QXV83347.1
NP_049785.1	QXV79491.1
NP_049785.1	QXV81960.1
NP_049785.1	QXV83009.1
NP_049785.1	QXV85050.1
NP_049785.1	XPK41081.1
NP_049785.1	XPK41693.1
NP_049785.1	XPK42918.1
NP_049785.1	XPK42621.1
NP_049785.1	XPK40486.1
NP_049785.1	XPK40997.1
NP_049785.1	XPK42119.1
NP_049785.1	XPK42485.1
NP_049785.1	XPK43207.1
NP_049785.1	XPK43707.1
NP_049786.1	NP_049786.1
NP_049809.1	NP_049809.1
NP_049810.1	NP_049810.1
NP_049812.1	NP_049812.1
NP_049817.1	NP_049817.1
NP_049819.1	NP_049819.1
NP_049819.1	AXN58240.1
NP_049819.1	QXV75044.1
NP_049819.1	QXV75316.1
NP_049819.1	QXV75893.1
NP_049819.1	QXV76251.1
NP_049819.1	QXV76883.1
NP_049819.1	QXV78481.1
NP_049819.1	QXV78749.1
NP_049819.1	QXV79028.1
NP_049819.1	QXV82021.1
NP_049819.1	QXV83070.1
NP_049819.1	QXV83406.1
NP_049819.1	QXV84776.1
NP_049819.1	QXV85876.1
NP_049823.1	NP_049823.1
NP_049824.1	NP_049824.1
NP_049824.1	AYD82803.1
NP_049824.1	QXV75321.1
NP_049824.1	QXV78754.1
NP_049824.1	QXV82026.1
NP_049824.1	QXV75049.1
NP_049824.1	QXV84781.1
NP_049837.1	NP_049837.1
NP_049837.1	AXN58258.1
NP_049837.1	AYD82815.1
NP_049837.1	QXV85896.1
NP_049837.1	QXV76270.1
NP_049837.1	QXV78500.1
NP_049837.1	QXV78769.1
NP_049837.1	QXV79048.1
NP_049837.1	QXV82040.1
NP_049837.1	QXV83090.1
NP_049837.1	QXV83426.1
NP_049837.1	QXV84795.1
NP_049837.1	QXV75913.1
NP_049842.1	NP_049842.1
NP_049843.1	NP_049843.1
NP_049844.1	NP_049844.1
NP_049856.1	NP_049856.1
NP_049856.1	AXN58277.1
NP_049856.1	QXV82059.1
NP_049856.1	QXV75930.1
NP_049856.1	QXV75353.1
NP_049856.1	QXV78788.1
NP_049856.1	QXV76916.1
NP_049856.1	QXV79065.1
NP_049856.1	QXV76288.1
NP_049856.1	QXV78518.1
NP_049856.1	QXV83107.1
NP_049856.1	QXV85913.1
NP_049856.1	QXV84815.1
NP_049856.1	AYD82831.1
NP_049863.1	NP_049863.1
NP_049863.1	QXV78525.1
NP_049863.1	QXV75360.1
NP_049863.1	QXV82066.1
NP_049863.1	AXN58284.1
NP_049863.1	QXV75085.1
NP_049863.1	QXV83114.1
NP_049863.1	QXV84482.1
NP_049863.1	QXV85920.1
NP_049863.1	QXV77493.1
NP_049863.1	QXV82767.1
NP_049863.1	QXV84105.1
NP_049863.1	QXV75577.1
NP_049863.1	QXV77720.1
NP_049863.1	QXV76592.1
NP_049863.1	QXV80926.1
NP_049863.1	QXV77928.1
NP_049863.1	QXV79813.1
NP_049863.1	QXV81149.1
NP_049863.1	QXV85537.1
NP_049863.1	QXV82547.1
NP_049863.1	QXV84822.1
NP_049872.2	NP_049872.2
NP_049877.1	NP_049877.1
NP_049878.1	NP_049878.1
NP_049882.1	NP_049882.1
NP_049883.1	NP_049883.1
NP_049884.1	NP_049884.1
NP_049885.1	NP_049885.1
NP_049885.1	QXV75381.1
NP_049885.1	QXV76317.1
NP_049885.1	QXV79094.1
NP_049885.1	QXV82087.1
NP_049885.1	QXV83469.1
NP_049885.1	QXV85943.1
NP_049886.1	NP_049886.1
NP_049886.1	QXV76318.1
NP_049886.1	QXV78817.1
NP_049886.1	QXV84844.1
NP_414542.1	NP_414542.1
NP_414543.1	NP_414543.1
NP_414543.1	NP_418375.1
NP_414544.1	NP_414544.1
NP_414544.1	NP_415278.1
NP_414544.1	NP_415726.1
NP_414545.1	NP_414545.1
NP_414545.1	NP_416867.1
NP_414545.1	NP_417347.1
NP_414546.1	NP_414546.1
NP_414547.1	NP_414547.1
NP_414550.1	NP_414550.1
NP_414551.1	NP_414551.1
NP_414552.1	NP_414552.1
NP_414554.1	NP_414554.1
NP_414554.1	NP_415696.1
NP_414554.1	NP_416392.1
NP_414559.1	NP_414559.1
NP_414564.1	NP_414564.1
NP_414565.1	NP_414565.1
NP_414566.1	NP_414566.1
NP_414566.1	NP_414675.1
NP_414566.1	NP_415376.4
NP_414566.1	NP_418459.1
NP_414566.1	NP_414741.1
NP_414566.1	NP_414796.2
NP_414566.1	NP_415286.1
NP_414566.1	NP_415644.1
NP_414566.1	NP_415958.1
NP_414566.1	NP_416917.1
NP_414566.1	NP_417907.2
NP_414566.1	NP_417615.1
NP_414566.1	NP_418772.4
NP_414566.1	NP_416678.1
NP_414567.1	NP_414567.1
NP_414567.1	NP_415175.1
NP_414567.1	NP_418679.1
NP_414568.1	NP_414568.1
NP_414569.1	NP_414569.1
NP_414571.1	NP_414571.1
NP_414571.1	NP_415184.1
NP_414571.1	NP_416667.1
NP_414572.1	NP_414572.1
NP_414572.1	NP_417703.1
NP_414573.1	NP_414573.1
NP_414574.1	NP_414574.1
NP_414576.4	NP_414576.4
NP_414581.1	NP_414581.1
NP_414581.1	NP_416210.4
NP_414583.2	NP_414583.2
NP_414583.2	NP_416212.1
NP_414583.2	NP_417250.4
NP_414586.1	NP_414586.1
NP_414586.1	NP_416215.1
NP_414586.1	NP_417247.2
NP_414590.1	NP_414590.1
NP_414590.1	QXV81722.1
NP_414595.1	NP_414595.1
NP_414595.1	NP_417090.1
NP_414597.1	NP_414597.1
NP_414604.1	NP_414604.1
NP_414604.1	NP_417282.1
NP_414604.1	NP_417368.1
NP_414607.1	NP_414607.1
NP_414611.1	NP_414611.1
NP_414611.1	NP_414979.1
NP_414613.1	NP_414613.1
NP_414614.1	NP_414614.1
NP_414617.1	NP_414617.1
NP_414620.1	NP_414620.1
NP_414620.1	NP_416974.4
NP_414623.1	NP_414623.1
NP_414625.1	NP_414625.1
NP_414628.1	NP_414628.1
NP_414628.1	NP_418654.1
NP_414628.1	NP_414627.1
NP_414628.1	NP_414630.1
NP_414628.1	NP_414633.1
NP_414628.1	NP_416818.1
NP_414629.1	NP_414629.1
NP_414629.1	NP_418231.1
NP_414632.1	NP_414632.1
NP_414632.1	NP_416549.1
NP_414632.1	NP_416536.1
NP_414632.1	NP_416557.1
NP_414632.1	NP_416545.1
NP_414632.1	NP_416556.1
NP_414632.1	NP_418076.1
NP_414632.1	QXV83948.1
NP_414632.1	QXV78343.1
NP_414632.1	QXV81554.1
NP_414632.1	YP_026255.1
NP_414632.1	NP_418666.1
NP_414632.1	NP_414807.1
NP_414632.1	NP_418675.1
NP_414632.1	QXV83086.1
NP_414632.1	AXN58254.1
NP_414632.1	AYD82811.1
NP_414632.1	NP_049834.1
NP_414632.1	QXV75059.1
NP_414632.1	QXV75331.1
NP_414632.1	QXV75909.1
NP_414632.1	QXV76266.1
NP_414632.1	QXV76898.1
NP_414632.1	QXV78496.1
NP_414632.1	QXV78765.1
NP_414632.1	QXV79044.1
NP_414632.1	QXV82036.1
NP_414632.1	QXV83422.1
NP_414632.1	QXV84791.1
NP_414632.1	QXV85892.1
NP_414632.1	YP_026185.1
NP_414632.1	YP_026253.1
NP_414632.1	YP_026257.1
NP_414632.1	NP_418086.1
NP_414632.1	NP_049658.1
NP_414632.1	NP_418088.1
NP_414632.1	NP_416554.1
NP_414632.1	NP_416561.1
NP_414632.1	QXV82153.1
NP_414632.1	AXN58099.1
NP_414632.1	AYD82657.1
NP_414632.1	NP_049673.1
NP_414632.1	QXV75449.1
NP_414632.1	QXV76026.1
NP_414632.1	QXV76385.1
NP_414632.1	QXV78613.1
NP_414632.1	QXV78886.1
NP_414632.1	QXV79163.1
NP_414632.1	QXV83203.1
NP_414632.1	QXV83540.1
NP_414632.1	QXV84913.1
NP_414632.1	QXV86010.1
NP_414632.1	NP_418090.1
NP_414632.1	NP_414715.1
NP_414632.1	NP_415271.1
NP_414632.1	NP_415608.2
NP_414632.1	NP_414594.1
NP_414632.1	NP_416953.1
NP_414632.1	NP_418026.1
NP_414632.1	NP_416314.1
NP_414632.1	NP_414615.4
NP_414632.1	NP_415654.1
NP_414632.1	NP_417101.1
NP_414635.1	NP_414635.1
NP_414638.1	NP_414638.1
NP_414639.2	NP_414639.2
NP_414643.1	NP_414643.1
NP_414644.1	NP_414644.1
NP_414649.1	NP_414649.1
NP_414649.1	NP_417785.1
NP_414650.1	NP_414650.1
NP_414650.1	NP_417303.1
NP_414650.1	NP_417788.1
NP_414651.1	NP_414651.1
NP_414653.1	NP_414653.1
NP_414656.1	NP_414656.1
NP_414657.1	NP_414657.1
NP_414657.1	XPK41221.1
NP_414659.1	NP_414659.1
NP_414660.1	NP_414660.1
NP_414661.2	NP_414661.2
NP_414662.1	NP_414662.1
NP_414662.1	NP_417860.2
NP_414663.1	NP_414663.1
NP_414664.4	NP_414664.4
NP_414665.1	NP_414665.1
NP_414665.1	NP_417489.1
NP_414666.1	NP_414666.1
NP_414667.4	NP_414667.4
NP_414669.1	NP_414669.1
NP_414671.1	NP_414671.1
NP_414672.1	NP_414672.1
NP_414673.1	NP_414673.1
QXV76309.1	QXV76309.1
QXV76310.1	QXV76310.1
QXV76311.1	QXV76311.1
QXV76312.1	QXV76312.1
QXV76314.1	QXV76314.1
QXV76314.1	NP_049881.1
QXV76331.1	QXV76331.1
QXV76332.1	QXV76332.1
QXV76332.1	QXV75972.1
QXV76332.1	AYD82606.1
QXV76332.1	QXV75396.1
QXV76332.1	QXV78560.1
QXV76332.1	QXV78831.1
QXV76332.1	QXV79109.1
QXV76332.1	QXV82101.1
QXV76332.1	QXV83485.1
QXV76332.1	QXV84858.1
QXV76347.1	QXV76347.1
QXV76356.1	QXV76356.1
QXV76366.1	QXV76366.1
QXV76368.1	QXV76368.1
QXV76373.1	QXV76373.1
QXV76373.1	QXV78873.1
QXV76373.1	QXV75437.1
QXV76373.1	QXV76013.1
QXV76373.1	QXV78601.1
QXV76373.1	QXV83526.1
QXV76373.1	QXV85998.1
QXV76379.1	QXV76379.1
QXV76379.1	AYD82650.1
QXV76379.1	NP_049668.1
QXV76379.1	QXV75443.1
QXV76379.1	QXV82147.1
QXV76379.1	QXV83533.1
QXV76379.1	QXV84906.1
QXV76379.1	AXN58093.1
QXV76379.1	QXV86004.1
QXV76381.1	QXV76381.1
QXV76381.1	NP_049670.1
QXV76381.1	QXV82149.1
QXV76381.1	QXV78609.1
QXV76381.1	AXN58096.1
QXV76381.1	QXV75445.1
QXV76381.1	QXV78881.1
QXV76381.1	QXV79159.1
QXV76381.1	QXV83199.1
QXV76381.1	QXV83535.1
QXV76381.1	QXV84908.1
QXV76381.1	QXV86006.1
QXV76381.1	QXV76021.1
QXV76381.1	AYD82654.1
QXV76381.1	QXV77001.1
QXV76381.1	QXV75167.1
QXV76384.1	QXV76384.1
QXV76386.1	QXV76386.1
QXV76386.1	QXV75450.1
QXV76387.1	QXV76387.1
QXV76387.1	QXV75171.1
QXV76395.1	QXV76395.1
QXV76396.1	QXV76396.1
QXV76400.1	QXV76400.1
QXV76406.1	QXV76406.1
QXV76417.1	QXV76417.1
QXV76417.1	AXN58131.1
QXV76417.1	AYD82690.1
QXV76417.1	NP_049707.1
QXV76417.1	QXV76061.1
QXV76417.1	QXV79197.1
QXV76417.1	QXV78645.1
QXV76417.1	QXV83574.1
QXV76417.1	QXV84943.1
QXV76417.1	QXV86043.1
QXV76423.1	QXV76423.1
QXV76440.1	QXV76440.1
QXV76443.1	QXV76443.1
QXV76443.1	QXV75224.1
QXV76443.1	NP_417074.1
QXV76443.1	QXV75510.1
QXV76443.1	QXV82211.1
QXV76443.1	QXV83601.1
QXV76443.1	QXV84965.1
QXV76443.1	QXV86074.1
QXV76449.1	QXV76449.1
QXV76449.1	QXV77068.1
QXV76449.1	QXV75234.1
QXV76449.1	QXV82217.1
QXV76451.1	QXV76451.1
QXV76451.1	AXN58162.1
QXV76451.1	QXV76098.1
QXV76451.1	QXV78678.1
QXV76451.1	QXV75518.1
QXV76451.1	QXV78958.1
QXV76451.1	QXV79237.1
QXV76451.1	QXV82219.1
QXV76451.1	QXV83271.1
QXV76451.1	QXV84973.1
QXV76451.1	QXV86082.1
QXV76451.1	QXV83613.1
QXV76454.1	QXV76454.1
QXV76454.1	QXV78961.1
QXV76498.1	QXV76498.1
QXV76498.1	QXV76151.1
QXV76498.1	QXV80782.1
QXV76498.1	QXV81847.1
QXV76498.1	QXV85084.1
QXV76498.1	QXV79621.1
QXV76498.1	QXV80196.1
QXV76498.1	QXV80367.1
QXV76498.1	QXV84319.1
QXV76498.1	YP_006970.1
QXV76498.1	QXV84570.1
QXV76498.1	QXV77220.1
QXV76498.1	QXV80028.1
QXV76498.1	QXV85256.1
QXV76516.1	QXV76516.1
QXV76518.1	QXV76518.1
QXV76519.1	QXV76519.1
QXV76520.1	QXV76520.1
QXV76520.1	QXV77415.1
QXV76520.1	QXV84038.1
QXV76520.1	QXV82298.1
QXV76520.1	QXV80576.1
QXV76520.1	QXV83686.1
QXV76521.1	QXV76521.1
QXV76523.1	QXV76523.1
QXV76527.1	QXV76527.1
QXV76528.1	QXV76528.1
QXV76534.1	QXV76534.1
QXV76535.1	QXV76535.1
QXV76536.1	QXV76536.1
QXV76537.1	QXV76537.1
QXV76539.1	QXV76539.1
QXV76540.1	QXV76540.1
QXV76541.1	QXV76541.1
QXV76544.1	QXV76544.1
QXV76545.1	QXV76545.1
QXV76545.1	QXV82502.1
QXV76546.1	QXV76546.1
QXV76547.1	QXV76547.1
QXV76548.1	QXV76548.1
QXV76549.1	QXV76549.1
QXV76550.1	QXV76550.1
QXV76551.1	QXV76551.1
QXV76553.1	QXV76553.1
QXV76554.1	QXV76554.1
QXV76555.1	QXV76555.1
QXV76555.1	QXV82510.1
QXV76558.1	QXV76558.1
QXV76560.1	QXV76560.1
QXV76561.1	QXV76561.1
QXV76562.1	QXV76562.1
QXV76565.1	QXV76565.1
QXV76567.1	QXV76567.1
QXV76567.1	QXV75552.1
QXV76567.1	QXV84080.1
QXV76567.1	QXV80901.1
QXV76567.1	QXV82742.1
QXV76568.1	QXV76568.1
QXV76583.1	QXV76583.1
QXV76586.1	QXV76586.1
QXV76586.1	QXV80920.1
QXV76609.1	QXV76609.1
QXV76609.1	QXV75593.1
QXV76609.1	QXV77736.1
QXV76609.1	QXV77945.1
QXV76609.1	QXV79829.1
QXV76609.1	QXV80943.1
QXV76609.1	QXV82783.1
QXV76609.1	QXV85553.1
QXV76626.1	QXV76626.1
QXV76639.1	QXV76639.1
QXV76649.1	QXV76649.1
QXV76649.1	QXV77775.1
QXV76649.1	QXV82603.1
QXV76649.1	QXV82822.1
QXV76649.1	QXV81205.1
QXV76649.1	QXV80982.1
QXV76649.1	QXV85595.1
QXV76649.1	QXV77987.1
QXV76649.1	QXV77550.1
QXV76649.1	QXV79870.1
QXV76649.1	QXV84162.1
QXV76649.1	QXV75632.1
QXV76652.1	QXV76652.1
QXV76664.1	QXV76664.1
QXV76665.1	QXV76665.1
QXV76665.1	QXV79887.1
QXV76665.1	QXV82838.1
QXV76666.1	QXV76666.1
QXV76668.1	QXV76668.1
QXV76671.1	QXV76671.1
QXV76677.1	QXV76677.1
QXV76683.1	QXV76683.1
QXV76693.1	QXV76693.1
QXV76693.1	QXV77593.1
QXV76693.1	QXV77818.1
QXV76693.1	QXV78031.1
QXV76693.1	QXV79914.1
QXV76693.1	QXV81025.1
QXV76693.1	QXV81248.1
QXV76693.1	QXV82648.1
QXV76693.1	QXV82866.1
QXV76693.1	QXV84204.1
QXV76693.1	QXV85638.1
QXV76696.1	QXV76696.1
QXV76701.1	QXV76701.1
QXV76702.1	QXV76702.1
QXV76704.1	QXV76704.1
QXV76705.1	QXV76705.1
QXV76707.1	QXV76707.1
QXV76708.1	QXV76708.1
QXV76708.1	QXV78045.1
QXV76708.1	QXV79928.1
QXV76708.1	QXV82881.1
QXV76708.1	QXV77607.1
QXV76708.1	QXV75689.1
QXV76708.1	QXV77832.1
QXV76708.1	QXV81039.1
QXV76708.1	QXV81262.1
QXV76708.1	QXV85652.1
QXV76708.1	QXV82663.1
QXV76708.1	QXV84219.1
QXV76709.1	QXV76709.1
QXV76719.1	QXV76719.1
QXV76723.1	QXV76723.1
QXV76723.1	QXV82896.1
QXV76727.1	QXV76727.1
QXV76730.1	QXV76730.1
QXV76730.1	QXV75711.1
QXV76730.1	QXV77629.1
QXV76730.1	QXV78067.1
QXV76730.1	QXV79949.1
QXV76730.1	QXV81061.1
QXV76730.1	QXV81284.1
QXV76730.1	QXV82903.1
QXV76730.1	QXV84241.1
QXV76730.1	QXV85674.1
QXV76730.1	QXV83917.1
QXV76730.1	QXV81526.1
QXV76735.1	QXV76735.1
QXV76747.1	QXV76747.1
QXV76750.1	QXV76750.1
QXV76771.1	QXV76771.1
QXV76771.1	QXV75750.1
QXV76772.1	QXV76772.1
QXV76776.1	QXV76776.1
QXV76776.1	NP_040645.1
QXV76776.1	QXV75753.1
QXV76776.1	QXV77882.1
QXV76776.1	QXV78110.1
QXV76776.1	QXV79992.1
QXV76776.1	QXV81104.1
QXV76776.1	QXV81327.1
QXV76776.1	QXV82722.1
QXV76776.1	QXV82948.1
QXV76776.1	QXV84285.1
QXV76776.1	QXV85721.1
QXV76776.1	XPK40540.1
QXV76776.1	XPK40631.1
QXV76776.1	XPK40766.1
QXV76776.1	XPK42962.1
QXV76776.1	XPK43384.1
QXV76776.1	YP_007112602.1
QXV76776.1	QXV77675.1
QXV76776.1	NP_046765.1
QXV76779.1	QXV76779.1
QXV76784.1	QXV76784.1
QXV76784.1	QXV75761.1
QXV76784.1	QXV77683.1
QXV76784.1	QXV77891.1
QXV76784.1	QXV78118.1
QXV76784.1	QXV78371.1
QXV76784.1	QXV80000.1
QXV76784.1	QXV81112.1
QXV76784.1	QXV81335.1
QXV76784.1	QXV81582.1
QXV76784.1	QXV82730.1
QXV76784.1	QXV82956.1
QXV76784.1	QXV83977.1
QXV76784.1	QXV84293.1
QXV76784.1	QXV85729.1
QXV76786.1	QXV76786.1
QXV76786.1	QXV75763.1
QXV76786.1	QXV77685.1
QXV76786.1	QXV77893.1
QXV76786.1	QXV78120.1
QXV76786.1	QXV80002.1
QXV76786.1	QXV81114.1
QXV76786.1	QXV81337.1
QXV76786.1	QXV82732.1
QXV76786.1	QXV82958.1
QXV76786.1	QXV84295.1
QXV76786.1	QXV85731.1
QXV76787.1	QXV76787.1
QXV76788.1	QXV76788.1
QXV76793.1	QXV76793.1
QXV76798.1	QXV76798.1
QXV76799.1	QXV76799.1
QXV76800.1	QXV76800.1
QXV76800.1	NP_416179.1
QXV76802.1	QXV76802.1
QXV76809.1	QXV76809.1
QXV76813.1	QXV76813.1
QXV76814.1	QXV76814.1
QXV76820.1	QXV76820.1
QXV76824.1	QXV76824.1
QXV76828.1	QXV76828.1
QXV76828.1	QXV80882.1
QXV76828.1	NP_041985.1
QXV76828.1	QXV80657.1
QXV76828.1	QXV78424.1
QXV76828.1	XPK40933.1
QXV76831.1	QXV76831.1
QXV76833.1	QXV76833.1
QXV76834.1	QXV76834.1
QXV76841.1	QXV76841.1
QXV76841.1	NP_042002.1
QXV76841.1	XPK40897.1
QXV76841.1	XPK42574.1
QXV76841.1	NP_416395.1
QXV76841.1	QXV80897.1
QXV76841.1	QXV78438.1
QXV76841.1	QXV80672.1
QXV76841.1	XPK40438.1
QXV76841.1	XPK40949.1
QXV76845.1	QXV76845.1
QXV76851.1	QXV76851.1
QXV76855.1	QXV76855.1
QXV76855.1	QXV75016.1
QXV76859.1	QXV76859.1
QXV76859.1	AYD82863.1
QXV76859.1	AXN58213.1
QXV76859.1	NP_049792.1
QXV76859.1	QXV75020.1
QXV76859.1	QXV75290.1
QXV76859.1	QXV78455.1
QXV76859.1	QXV78722.1
QXV76859.1	QXV75868.1
QXV76859.1	QXV76224.1
QXV76859.1	QXV79003.1
QXV76859.1	QXV83381.1
QXV76859.1	QXV85851.1
QXV76859.1	QXV81995.1
QXV76859.1	QXV83045.1
QXV76859.1	QXV84751.1
QXV76866.1	QXV76866.1
QXV76866.1	AXN58222.1
QXV76866.1	AYD82781.1
QXV76866.1	NP_049799.2
QXV76866.1	QXV75027.1
QXV76866.1	QXV75298.1
QXV76866.1	QXV75875.1
QXV76866.1	QXV76233.1
QXV76866.1	QXV78463.1
QXV76866.1	QXV78731.1
QXV76866.1	QXV79010.1
QXV76866.1	QXV82003.1
QXV76866.1	QXV83052.1
QXV76866.1	QXV83388.1
QXV76866.1	QXV84758.1
QXV76866.1	QXV85858.1
QXV76879.1	QXV76879.1
QXV76879.1	QXV75040.1
QXV76879.1	AYD82795.1
QXV76879.1	QXV78477.1
QXV76879.1	NP_049814.1
QXV76879.1	QXV75312.1
QXV76879.1	QXV75889.1
QXV76879.1	QXV76247.1
QXV76879.1	QXV83402.1
QXV76879.1	QXV84772.1
QXV76879.1	QXV85872.1
QXV76879.1	AXN58236.1
QXV76879.1	QXV78745.1
QXV76879.1	QXV79024.1
QXV76879.1	QXV82017.1
QXV76879.1	QXV83066.1
QXV76887.1	QXV76887.1
QXV76888.1	QXV76888.1
QXV76888.1	QXV76256.1
QXV76888.1	QXV83075.1
QXV76888.1	QXV83411.1
QXV76893.1	QXV76893.1
QXV76896.1	QXV76896.1
QXV76896.1	QXV75057.1
QXV76897.1	QXV76897.1
QXV76897.1	NP_049832.1
QXV76897.1	QXV75329.1
QXV76897.1	QXV75907.1
QXV76897.1	QXV76264.1
QXV76897.1	QXV78494.1
QXV76897.1	QXV78763.1
QXV76897.1	QXV79042.1
QXV76897.1	QXV82034.1
QXV76897.1	QXV83084.1
QXV76897.1	QXV83420.1
QXV76897.1	QXV84789.1
QXV76897.1	QXV85890.1
QXV76897.1	QXV75058.1
QXV76899.1	QXV76899.1
QXV76903.1	QXV76903.1
QXV76904.1	QXV76904.1
QXV76904.1	QXV75065.1
QXV76904.1	QXV83091.1
QXV76904.1	QXV78770.1
QXV76904.1	QXV84796.1
QXV76904.1	QXV79049.1
QXV76904.1	AXN58259.1
QXV76904.1	AYD82816.1
QXV76904.1	NP_049838.1
QXV76904.1	QXV75336.1
QXV76904.1	QXV75914.1
QXV76904.1	QXV76271.1
QXV76904.1	QXV78501.1
QXV76904.1	QXV82041.1
QXV76904.1	QXV83427.1
QXV76922.1	QXV76922.1
QXV76922.1	QXV78524.1
QXV76922.1	NP_049862.1
QXV76922.1	QXV75359.1
QXV76922.1	QXV75936.1
QXV76922.1	QXV79071.1
QXV76922.1	QXV84821.1
QXV76922.1	QXV83113.1
QXV76922.1	AXN58283.1
QXV76922.1	QXV82065.1
QXV76922.1	QXV85919.1
QXV76922.1	QXV83447.1
QXV76922.1	AYD82837.1
QXV76922.1	QXV78794.1
QXV76922.1	QXV76294.1
QXV76922.1	QXV75084.1
QXV76924.1	QXV76924.1
QXV76924.1	QXV75086.1
QXV76924.1	QXV78796.1
QXV76924.1	AXN58309.1
QXV76924.1	QXV82067.1
QXV76924.1	QXV83115.1
QXV76924.1	QXV85921.1
QXV76924.1	QXV84823.1
QXV76924.1	AYD82839.1
QXV76924.1	QXV76296.1
QXV76924.1	QXV83449.1
QXV76927.1	QXV76927.1
QXV76927.1	QXV75089.1
QXV76929.1	QXV76929.1
QXV76929.1	QXV75091.1
QXV76932.1	QXV76932.1
QXV76932.1	QXV75094.1
QXV76932.1	AXN58292.1
QXV76932.1	QXV75369.1
QXV76932.1	QXV75945.1
QXV76932.1	QXV76304.1
QXV76932.1	QXV78534.1
QXV76932.1	QXV78804.1
QXV76932.1	QXV79081.1
QXV76932.1	QXV82075.1
QXV76932.1	QXV83123.1
QXV76932.1	QXV83457.1
QXV76932.1	QXV84831.1
QXV76932.1	QXV85930.1
QXV76933.1	QXV76933.1
QXV76933.1	QXV75095.1
QXV76933.1	QXV78805.1
QXV76933.1	AXN58293.1
QXV76933.1	AYD82849.1
QXV76933.1	NP_049873.1
QXV76933.1	QXV75370.1
QXV76933.1	QXV75946.1
QXV76933.1	QXV76305.1
QXV76933.1	QXV78535.1
QXV76933.1	QXV79082.1
QXV76933.1	QXV82076.1
QXV76933.1	QXV83124.1
QXV76933.1	QXV83458.1
QXV76933.1	QXV84832.1
QXV76933.1	QXV85931.1
QXV76933.1	NP_415282.1
QXV76936.1	QXV76936.1
QXV76937.1	QXV76937.1
QXV76937.1	QXV83464.1
QXV76937.1	AXN58298.1
QXV76937.1	AYD82854.1
QXV76937.1	NP_049879.1
QXV76937.1	QXV75376.1
QXV76937.1	QXV75952.1
QXV76937.1	QXV78541.1
QXV76937.1	QXV78811.1
QXV76937.1	QXV79089.1
QXV76937.1	QXV82082.1
QXV76937.1	QXV83131.1
QXV76937.1	QXV84838.1
QXV76937.1	QXV85938.1
QXV76937.1	QXV75100.1
QXV76939.1	QXV76939.1
QXV76940.1	QXV76940.1
QXV76943.1	QXV76943.1
QXV76943.1	QXV75106.1
QXV76960.1	QXV76960.1
QXV76960.1	QXV75123.1
QXV76960.1	QXV76342.1
QXV76960.1	AXN58059.1
QXV76960.1	QXV78841.1
QXV76960.1	QXV79120.1
QXV76960.1	QXV83494.1
QXV76960.1	QXV75406.1
QXV76960.1	QXV78569.1
QXV76960.1	QXV82111.1
QXV76960.1	QXV83160.1
QXV76960.1	QXV85967.1
QXV76960.1	QXV84868.1
QXV76960.1	AYD82613.1
QXV76960.1	NP_049634.1
QXV76960.1	QXV75982.1
QXV76963.1	QXV76963.1
QXV76964.1	QXV76964.1
QXV76964.1	QXV75127.1
QXV76965.1	QXV76965.1
QXV76966.1	QXV76966.1
QXV76966.1	QXV75129.1
QXV76972.1	QXV76972.1
QXV76972.1	QXV75137.1
QXV76975.1	QXV76975.1
QXV76975.1	QXV75140.1
QXV76977.1	QXV76977.1
QXV76977.1	NP_049661.1
QXV76977.1	QXV75434.1
QXV76977.1	QXV84897.1
QXV76977.1	AYD82642.1
QXV76977.1	AXN58086.1
QXV76977.1	QXV76010.1
QXV76977.1	QXV78870.1
QXV76977.1	QXV79149.1
QXV76977.1	QXV85995.1
QXV76977.1	QXV75142.1
QXV76977.1	QXV78598.1
QXV76977.1	QXV82139.1
QXV76977.1	QXV83188.1
QXV76977.1	QXV83523.1
QXV76977.1	QXV76370.1
QXV76979.1	QXV76979.1
QXV76979.1	QXV75145.1
QXV76980.1	QXV76980.1
QXV76980.1	QXV75146.1
QXV76987.1	QXV76987.1
QXV76989.1	QXV76989.1
QXV76989.1	QXV75155.1
QXV76990.1	QXV76990.1
QXV76990.1	QXV75156.1
QXV76998.1	QXV76998.1
QXV76998.1	QXV75164.1
QXV76998.1	QXV78606.1
QXV76999.1	QXV76999.1
QXV76999.1	QXV75165.1
QXV77002.1	QXV77002.1
QXV77002.1	QXV75168.1
QXV77002.1	AYD82655.1
QXV77002.1	AXN58097.1
QXV77002.1	NP_049671.1
QXV77002.1	QXV75446.1
QXV77002.1	QXV76022.1
QXV77002.1	QXV76382.1
QXV77002.1	QXV78610.1
QXV77002.1	QXV78882.1
QXV77002.1	QXV79160.1
QXV77002.1	QXV82150.1
QXV77002.1	QXV83200.1
QXV77002.1	QXV83536.1
QXV77002.1	QXV84909.1
QXV77002.1	QXV86007.1
QXV77007.1	QXV77007.1
QXV77007.1	QXV75173.1
QXV77007.1	QXV75453.1
QXV77007.1	QXV78617.1
QXV77007.1	QXV79167.1
QXV77007.1	QXV83207.1
QXV77007.1	QXV84917.1
QXV77007.1	QXV86014.1
QXV77007.1	AYD82661.1
QXV77007.1	AXN58103.1
QXV77007.1	NP_049678.1
QXV77007.1	QXV76030.1
QXV77007.1	QXV82157.1
QXV77007.1	QXV83544.1
QXV77007.1	QXV76389.1
QXV77007.1	QXV78890.1
QXV77009.1	QXV77009.1
QXV77009.1	QXV82159.1
QXV77009.1	QXV75455.1
QXV77009.1	QXV83546.1
QXV77009.1	QXV78619.1
QXV77009.1	QXV79169.1
QXV77009.1	QXV84919.1
QXV77009.1	QXV76032.1
QXV77009.1	QXV76391.1
QXV77009.1	QXV83209.1
QXV77009.1	QXV78892.1
QXV77013.1	QXV77013.1
QXV77014.1	QXV77014.1
QXV77015.1	QXV77015.1
QXV77016.1	QXV77016.1
QXV77016.1	QXV75182.1
QXV77017.1	QXV77017.1
QXV77017.1	QXV75183.1
QXV77017.1	AXN58110.1
QXV77017.1	AYD82668.1
QXV77017.1	NP_049685.1
QXV77017.1	QXV75461.1
QXV77017.1	QXV76038.1
QXV77017.1	QXV76397.1
QXV77017.1	QXV78625.1
QXV77017.1	QXV78898.1
QXV77017.1	QXV79175.1
QXV77017.1	QXV82165.1
QXV77017.1	QXV83215.1
QXV77017.1	QXV83552.1
QXV77017.1	QXV84925.1
QXV77017.1	QXV86022.1
QXV77021.1	QXV77021.1
QXV77025.1	QXV77025.1
QXV77025.1	QXV75191.1
QXV77026.1	QXV77026.1
QXV77027.1	QXV77027.1
QXV77027.1	QXV75193.1
QXV77028.1	QXV77028.1
QXV77028.1	QXV75194.1
QXV77028.1	NP_049697.1
QXV77031.1	QXV77031.1
QXV77031.1	QXV75197.1
QXV77034.1	QXV77034.1
QXV77035.1	QXV77035.1
QXV77036.1	QXV77036.1
QXV77036.1	AYD82689.1
QXV77036.1	QXV75201.1
QXV77036.1	QXV83573.1
QXV77036.1	QXV75482.1
QXV77036.1	AXN58130.1
QXV77036.1	QXV76060.1
QXV77036.1	QXV78644.1
QXV77036.1	QXV79196.1
QXV77036.1	QXV82184.1
QXV77036.1	QXV84942.1
QXV77036.1	QXV86042.1
QXV77036.1	QXV76416.1
QXV77036.1	QXV81801.1
QXV77036.1	NP_049706.1
QXV77036.1	QXV78919.1
QXV77036.1	QXV83236.1
QXV77036.1	QXV81807.1
QXV77037.1	QXV77037.1
QXV77037.1	QXV75202.1
QXV77037.1	QXV82185.1
QXV77043.1	QXV77043.1
QXV77044.1	QXV77044.1
QXV77044.1	QXV75210.1
QXV77054.1	QXV77054.1
QXV77058.1	QXV77058.1
QXV77058.1	QXV75225.1
QXV77062.1	QXV77062.1
QXV77067.1	QXV77067.1
QXV77069.1	QXV77069.1
QXV77069.1	QXV75235.1
QXV77070.1	QXV77070.1
QXV77070.1	QXV75236.1
QXV77071.1	QXV77071.1
QXV77071.1	QXV75237.1
QXV77072.1	QXV77072.1
QXV77072.1	QXV75238.1
QXV77073.1	QXV77073.1
QXV77074.1	QXV77074.1
QXV77075.1	QXV77075.1
QXV77075.1	QXV75241.1
QXV77077.1	QXV77077.1
QXV77077.1	NP_049740.1
QXV77077.1	QXV75243.1
QXV77077.1	AYD82728.1
QXV77088.1	QXV77088.1
QXV77088.1	QXV75252.1
QXV77096.1	QXV77096.1
QXV77096.1	QXV83287.1
QXV77096.1	QXV75260.1
QXV77096.1	AXN58177.1
QXV77096.1	QXV75534.1
QXV77096.1	QXV76115.1
QXV77096.1	QXV78692.1
QXV77096.1	QXV78973.1
QXV77096.1	QXV82237.1
QXV77096.1	QXV83629.1
QXV77096.1	QXV86098.1
QXV77101.1	QXV77101.1
QXV77101.1	QXV84994.1
QXV77101.1	AXN58184.1
QXV77101.1	QXV78696.1
QXV77101.1	QXV75264.1
QXV77101.1	QXV75538.1
QXV77101.1	QXV76119.1
QXV77101.1	QXV76470.1
QXV77101.1	QXV79253.1
QXV77101.1	QXV83291.1
QXV77101.1	QXV83633.1
QXV77101.1	QXV86102.1
QXV77101.1	QXV78977.1
QXV77101.1	NP_049760.1
QXV77101.1	QXV82241.1
QXV77106.1	QXV77106.1
QXV77106.1	QXV75269.1
QXV77106.1	QXV85000.1
QXV77106.1	AXN58189.1
QXV77106.1	AYD82755.1
QXV77106.1	NP_049767.1
QXV77106.1	QXV75544.1
QXV77106.1	QXV76124.1
QXV77106.1	QXV76475.1
QXV77106.1	QXV78701.1
QXV77106.1	QXV78982.1
QXV77106.1	QXV79258.1
QXV77106.1	QXV82246.1
QXV77106.1	QXV83296.1
QXV77106.1	QXV83638.1
QXV77106.1	QXV86107.1
QXV82613.1	QXV82613.1
QXV82619.1	QXV82619.1
QXV82619.1	QXV75647.1
QXV82619.1	QXV78003.1
QXV82619.1	QXV79886.1
QXV82619.1	QXV81220.1
QXV82619.1	QXV84177.1
QXV82619.1	QXV85611.1
QXV82619.1	QXV77566.1
QXV82619.1	QXV77790.1
QXV82619.1	QXV80997.1
QXV82619.1	QXV82837.1
QXV82620.1	QXV82620.1
QXV82621.1	QXV82621.1
QXV82622.1	QXV82622.1
QXV82622.1	QXV77792.1
QXV82622.1	QXV85614.1
QXV82622.1	QXV77568.1
QXV82622.1	QXV76667.1
QXV82622.1	QXV79889.1
QXV82622.1	QXV81223.1
QXV82623.1	QXV82623.1
QXV82630.1	QXV82630.1
QXV82630.1	QXV82848.1
QXV82630.1	QXV77575.1
QXV82630.1	QXV77800.1
QXV82630.1	QXV75656.1
QXV82630.1	QXV76676.1
QXV82630.1	QXV79897.1
QXV82630.1	QXV84188.1
QXV82630.1	QXV85622.1
QXV82636.1	QXV82636.1
QXV82636.1	QXV81237.1
QXV82636.1	QXV85628.1
QXV82637.1	QXV82637.1
QXV82644.1	QXV82644.1
QXV82644.1	QXV77589.1
QXV82644.1	QXV78027.1
QXV82644.1	QXV78262.1
QXV82650.1	QXV82650.1
QXV82653.1	QXV82653.1
QXV82653.1	QXV76698.1
QXV82653.1	QXV75679.1
QXV82653.1	QXV77597.1
QXV82653.1	QXV78036.1
QXV82653.1	QXV77822.1
QXV82653.1	QXV81030.1
QXV82653.1	QXV81252.1
QXV82653.1	QXV82871.1
QXV82653.1	QXV84209.1
QXV82653.1	QXV79918.1
QXV82653.1	QXV85642.1
QXV82655.1	QXV82655.1
QXV82655.1	QXV75681.1
QXV82655.1	QXV78038.1
QXV82655.1	QXV81031.1
QXV82655.1	QXV81254.1
QXV82655.1	QXV76700.1
QXV82655.1	QXV77599.1
QXV82655.1	QXV77824.1
QXV82655.1	QXV82873.1
QXV82655.1	QXV85644.1
QXV82656.1	QXV82656.1
QXV82657.1	QXV82657.1
QXV82658.1	QXV82658.1
QXV82662.1	QXV82662.1
QXV82662.1	QXV78044.1
QXV82664.1	QXV82664.1
QXV82674.1	QXV82674.1
QXV82681.1	QXV82681.1
QXV82683.1	QXV82683.1
QXV82695.1	QXV82695.1
QXV82704.1	QXV82704.1
QXV82704.1	QXV76757.1
QXV82704.1	QXV78093.1
QXV82733.1	QXV82733.1
QXV82733.1	QXV75764.1
QXV82734.1	QXV82734.1
QXV82735.1	QXV82735.1
QXV82735.1	QXV76789.1
QXV82735.1	QXV81117.1
QXV82735.1	QXV84298.1
QXV82737.1	QXV82737.1
QXV82739.1	QXV82739.1
QXV82739.1	QXV77900.1
QXV82740.1	QXV82740.1
QXV82740.1	QXV78391.1
QXV82740.1	QXV81602.1
QXV82740.1	QXV84303.1
QXV82740.1	QXV75771.1
QXV82740.1	QXV76794.1
QXV82740.1	QXV83997.1
QXV82743.1	QXV82743.1
QXV82750.1	QXV82750.1
QXV82750.1	QXV75560.1
QXV82750.1	QXV76575.1
QXV82750.1	QXV80909.1
QXV82750.1	QXV82530.1
QXV82750.1	QXV84088.1
QXV82750.1	QXV85520.1
QXV82750.1	QXV77703.1
QXV82750.1	QXV81132.1
QXV82750.1	QXV77476.1
QXV82750.1	QXV79796.1
QXV82750.1	QXV77911.1
QXV82758.1	QXV82758.1
QXV82762.1	QXV82762.1
QXV82762.1	QXV75572.1
QXV82762.1	QXV76587.1
QXV82762.1	QXV77488.1
QXV82762.1	QXV77715.1
QXV82762.1	QXV77923.1
QXV82762.1	QXV79808.1
QXV82762.1	QXV80921.1
QXV82762.1	QXV81144.1
QXV82762.1	QXV82542.1
QXV82762.1	QXV84100.1
QXV82762.1	QXV85532.1
QXV82762.1	QXV78150.1
QXV82762.1	QXV81367.1
QXV82762.1	QXV83756.1
QXV82762.1	XPK43578.1
QXV82762.1	XPK41131.1
QXV82762.1	XPK41392.1
QXV82762.1	XPK42354.1
QXV82762.1	QXV81711.1
QXV82762.1	NP_415598.3
QXV82762.1	QXV78735.1
QXV82762.1	AXN58226.1
QXV82762.1	AYD82785.1
QXV82762.1	NP_049803.1
QXV82762.1	QXV75031.1
QXV82762.1	QXV75302.1
QXV82762.1	QXV75879.1
QXV82762.1	QXV76237.1
QXV82762.1	QXV76870.1
QXV82762.1	QXV78467.1
QXV82762.1	QXV79014.1
QXV82762.1	QXV82007.1
QXV82762.1	QXV83056.1
QXV82762.1	QXV83392.1
QXV82762.1	QXV84762.1
QXV82762.1	QXV85862.1
QXV82762.1	XPK41240.1
QXV82762.1	NP_046784.1
QXV82762.1	YP_006546.1
QXV82782.1	QXV82782.1
QXV82782.1	QXV75592.1
QXV82782.1	QXV76608.1
QXV82782.1	QXV77508.1
QXV82782.1	QXV77735.1
QXV82782.1	QXV77944.1
QXV82782.1	QXV79828.1
QXV82782.1	QXV85552.1
QXV82782.1	QXV81164.1
QXV82782.1	QXV81785.1
QXV82782.1	QXV82562.1
QXV82782.1	QXV84120.1
QXV82787.1	QXV82787.1
QXV82787.1	NP_416511.4
QXV82787.1	QXV75597.1
QXV82787.1	QXV76613.1
QXV82787.1	QXV81170.1
QXV82787.1	QXV82568.1
QXV82787.1	QXV85557.1
QXV82787.1	QXV77514.1
QXV82787.1	QXV77740.1
QXV82787.1	QXV77949.1
QXV82787.1	QXV79833.1
QXV82787.1	QXV80947.1
QXV82787.1	QXV84126.1
QXV82800.1	QXV82800.1
QXV82800.1	QXV81182.1
QXV82825.1	QXV82825.1
QXV82839.1	QXV82839.1
QXV82840.1	QXV82840.1
QXV82840.1	QXV81000.1
QXV82841.1	QXV82841.1
QXV82843.1	QXV82843.1
QXV82843.1	QXV75651.1
QXV82843.1	QXV79892.1
QXV82843.1	QXV77570.1
QXV82843.1	QXV77795.1
QXV82843.1	QXV78008.1
QXV82843.1	QXV76670.1
QXV82843.1	QXV81226.1
QXV82843.1	QXV82625.1
QXV82843.1	QXV84183.1
QXV82843.1	QXV85617.1
QXV82843.1	QXV81003.1
QXV82845.1	QXV82845.1
QXV82846.1	QXV82846.1
QXV82846.1	QXV77573.1
QXV82846.1	QXV75654.1
QXV82846.1	QXV81229.1
QXV82846.1	QXV82628.1
QXV82846.1	QXV79895.1
QXV82846.1	QXV84186.1
QXV82846.1	QXV81006.1
QXV82846.1	QXV85620.1
QXV82846.1	QXV76674.1
QXV82846.1	QXV77798.1
QXV82846.1	QXV78012.1
QXV82849.1	QXV82849.1
QXV82855.1	QXV82855.1
QXV82856.1	QXV82856.1
QXV82856.1	QXV75664.1
QXV82856.1	QXV76684.1
QXV82856.1	QXV77808.1
QXV82856.1	QXV78021.1
QXV82856.1	QXV79905.1
QXV82856.1	QXV81016.1
QXV82856.1	QXV82638.1
QXV82856.1	QXV84196.1
QXV82856.1	QXV77583.1
QXV82859.1	QXV82859.1
QXV82859.1	QXV75667.1
QXV82859.1	QXV78024.1
QXV82859.1	QXV76687.1
QXV82859.1	QXV77586.1
QXV82859.1	QXV77811.1
QXV82859.1	QXV79908.1
QXV82859.1	QXV81019.1
QXV82859.1	QXV81242.1
QXV82859.1	QXV82641.1
QXV82859.1	QXV84198.1
QXV82859.1	QXV85632.1
QXV82863.1	QXV82863.1
QXV82869.1	QXV82869.1
QXV82872.1	QXV82872.1
QXV82872.1	QXV75680.1
QXV82872.1	QXV77823.1
QXV82872.1	QXV78037.1
QXV82872.1	QXV79919.1
QXV82872.1	QXV76699.1
QXV82872.1	QXV81253.1
QXV82872.1	QXV77598.1
QXV82872.1	QXV82654.1
QXV82872.1	QXV84210.1
QXV82872.1	QXV85643.1
QXV82874.1	QXV82874.1
QXV82876.1	QXV82876.1
QXV82880.1	QXV82880.1
QXV82882.1	QXV82882.1
QXV82885.1	QXV82885.1
QXV82885.1	QXV81266.1
QXV82885.1	QXV78049.1
QXV82885.1	QXV81043.1
QXV82885.1	QXV75693.1
QXV82885.1	QXV82667.1
QXV82885.1	QXV84223.1
QXV82885.1	QXV85656.1
QXV82885.1	QXV76712.1
QXV82885.1	QXV77611.1
QXV82885.1	QXV79932.1
QXV82885.1	QXV77836.1
QXV82888.1	QXV82888.1
QXV82888.1	QXV78052.1
QXV82888.1	QXV81269.1
QXV82888.1	QXV84226.1
QXV82888.1	QXV82670.1
QXV82888.1	QXV75696.1
QXV82888.1	QXV76715.1
QXV82888.1	QXV77839.1
QXV82888.1	QXV81046.1
QXV82888.1	QXV85659.1
QXV82888.1	QXV76722.1
QXV82888.1	QXV77614.1
QXV82888.1	QXV84233.1
QXV82892.1	QXV82892.1
QXV82894.1	QXV82894.1
QXV82894.1	QXV81052.1
QXV82899.1	QXV82899.1
QXV82900.1	QXV82900.1
QXV82908.1	QXV82908.1
QXV82917.1	QXV82917.1
QXV82917.1	QXV76744.1
QXV82917.1	QXV77853.1
QXV82917.1	QXV78081.1
QXV82917.1	QXV77643.1
QXV82917.1	QXV79963.1
QXV82917.1	QXV75725.1
QXV82917.1	QXV81075.1
QXV82917.1	QXV81298.1
QXV82917.1	QXV82692.1
QXV82917.1	QXV84255.1
QXV82917.1	QXV85688.1
QXV82920.1	QXV82920.1
QXV82923.1	QXV82923.1
QXV82929.1	QXV82929.1
QXV82929.1	QXV76756.1
QXV82929.1	QXV77863.1
QXV82929.1	QXV77655.1
QXV82929.1	QXV79973.1
QXV82929.1	QXV81085.1
QXV82929.1	QXV78092.1
QXV82929.1	QXV75735.1
QXV82929.1	QXV82703.1
QXV82929.1	QXV81308.1
QXV82929.1	QXV84265.1
QXV82929.1	QXV85702.1
QXV82950.1	QXV82950.1
QXV82950.1	QXV79294.1
QXV82950.1	QXV77142.1
QXV82950.1	QXV75755.1
QXV82950.1	QXV76778.1
QXV82950.1	QXV77677.1
QXV82950.1	QXV77885.1
QXV82950.1	QXV78112.1
QXV82950.1	QXV79994.1
QXV82950.1	QXV81106.1
QXV82950.1	QXV82724.1
QXV82950.1	QXV85723.1
QXV82950.1	QXV81329.1
QXV82950.1	QXV84287.1
QXV82955.1	QXV82955.1
QXV82955.1	QXV75760.1
QXV82955.1	QXV76783.1
QXV82955.1	QXV77682.1
QXV82955.1	QXV77890.1
QXV82955.1	QXV78117.1
QXV82955.1	QXV79999.1
QXV82955.1	QXV81111.1
QXV82955.1	QXV81334.1
QXV82955.1	QXV82729.1
QXV82955.1	QXV84292.1
QXV82955.1	QXV85728.1
QXV82955.1	QXV81583.1
QXV82955.1	QXV78372.1
QXV82955.1	QXV83978.1
QXV82955.1	QXV78771.1
QXV82955.1	AXN58260.1
QXV82955.1	AYD82817.1
QXV82955.1	NP_049839.1
QXV82955.1	QXV75066.1
QXV82955.1	QXV75337.1
QXV82955.1	QXV75915.1
QXV82955.1	QXV76272.1
QXV82955.1	QXV76905.1
QXV82955.1	QXV78502.1
QXV82955.1	QXV79050.1
QXV82955.1	QXV82042.1
QXV82955.1	QXV83092.1
QXV82955.1	QXV83428.1
QXV82955.1	QXV84797.1
QXV82955.1	QXV85898.1
QXV82960.1	QXV82960.1
QXV82961.1	QXV82961.1
QXV82961.1	QXV78124.1
QXV82961.1	QXV80006.1
QXV82961.1	QXV81118.1
QXV82961.1	QXV82736.1
QXV82962.1	QXV82962.1
QXV82965.1	QXV82965.1
QXV82971.1	QXV82971.1
QXV82976.1	QXV82976.1
QXV82976.1	QXV79458.1
QXV82976.1	QXV81926.1
QXV82976.1	QXV83313.1
QXV82976.1	QXV85017.1
QXV82976.1	XPK41045.1
QXV82976.1	XPK41658.1
QXV82976.1	XPK42883.1
QXV82976.1	QXV85749.1
QXV82976.1	QXV77121.1
QXV82976.1	QXV79273.1
QXV82976.1	QXV79521.1
QXV82976.1	QXV82351.1
QXV82976.1	QXV84469.1
QXV82976.1	QXV85431.1
QXV82976.1	XPK42089.1
QXV82976.1	XPK40457.1
QXV82976.1	XPK40968.1
QXV82976.1	XPK42457.1
QXV82976.1	XPK42592.1
QXV82976.1	XPK43178.1
QXV82976.1	XPK43677.1
QXV82977.1	QXV82977.1
QXV82983.1	QXV82983.1
QXV82984.1	QXV82984.1
QXV82984.1	QXV79500.1
QXV82999.1	QXV82999.1
QXV82999.1	XPK41682.1
QXV83012.1	QXV83012.1
QXV83015.1	QXV83015.1
QXV83018.1	QXV83018.1
QXV83021.1	QXV83021.1
QXV83022.1	QXV83022.1
QXV83022.1	QXV81972.1
QXV83025.1	QXV83025.1
QXV83030.1	QXV83030.1
QXV83046.1	QXV83046.1
QXV83046.1	QXV85852.1
QXV83046.1	QXV75021.1
QXV83046.1	QXV75291.1
QXV83046.1	QXV75869.1
QXV83046.1	QXV81996.1
QXV83046.1	QXV83382.1
QXV83049.1	QXV83049.1
QXV83049.1	AYD82778.1
QXV83049.1	QXV78460.1
QXV83049.1	QXV79007.1
QXV83049.1	QXV75024.1
QXV83049.1	AXN58219.1
QXV83049.1	QXV75295.1
QXV83049.1	QXV75872.1
QXV83049.1	QXV76229.1
QXV83049.1	QXV78728.1
QXV83049.1	QXV82000.1
QXV83049.1	QXV83385.1
QXV83049.1	QXV84755.1
QXV83049.1	QXV85855.1
QXV83049.1	QXV76863.1
QXV83064.1	QXV83064.1
QXV83064.1	QXV75310.1
QXV83064.1	QXV76245.1
QXV83081.1	QXV83081.1
QXV83081.1	QXV76262.1
QXV83081.1	QXV75055.1
QXV83081.1	QXV76894.1
QXV83081.1	QXV82032.1
QXV83081.1	AXN58251.1
QXV83081.1	AYD82809.1
QXV83081.1	NP_049830.1
QXV83081.1	QXV75327.1
QXV83081.1	QXV75904.1
QXV83081.1	QXV78492.1
QXV83081.1	QXV78760.1
QXV83081.1	QXV79039.1
QXV83081.1	QXV83417.1
QXV83081.1	QXV85887.1
QXV83081.1	QXV84787.1
QXV83100.1	QXV83100.1
QXV83100.1	AXN58270.1
QXV83100.1	AYD82825.1
QXV83100.1	NP_049850.1
QXV83100.1	QXV75346.1
QXV83100.1	QXV75923.1
QXV83100.1	QXV76280.1
QXV83100.1	QXV78511.1
QXV83100.1	QXV78780.1
QXV83100.1	QXV79058.1
QXV83100.1	QXV82052.1
QXV83100.1	QXV84806.1
QXV83100.1	QXV79668.1
QXV83100.1	QXV80416.1
QXV83100.1	QXV84618.1
QXV83100.1	QXV85304.1
QXV83100.1	QXV83435.1
QXV83100.1	QXV75073.1
QXV83100.1	QXV76911.1
QXV83100.1	QXV85907.1
QXV83100.1	QXV85132.1
QXV83100.1	QXV77271.1
QXV83100.1	QXV80076.1
QXV83100.1	QXV80243.1
QXV83100.1	QXV84365.1
QXV83100.1	YP_006921.1
QXV83118.1	QXV83118.1
QXV83120.1	QXV83120.1
QXV83130.1	QXV83130.1
QXV83133.1	QXV83133.1
QXV83137.1	QXV83137.1
QXV83140.1	QXV83140.1
QXV83140.1	AXN58306.1
QXV83141.1	QXV83141.1
QXV83141.1	AXN58307.1
QXV83141.1	AYD82861.1
QXV83141.1	QXV75386.1
QXV83141.1	QXV76322.1
QXV83141.1	QXV79098.1
QXV83141.1	QXV83475.1
QXV83141.1	QXV84848.1
QXV83141.1	NP_049888.1
QXV83141.1	QXV75962.1
QXV83141.1	QXV78550.1
QXV83141.1	QXV78821.1
QXV83141.1	QXV82091.1
QXV83141.1	QXV85947.1
QXV83157.1	QXV83157.1
QXV83165.1	QXV83165.1
QXV83166.1	QXV83166.1
QXV83171.1	QXV83171.1
QXV83171.1	QXV79131.1
QXV83171.1	QXV84880.1
QXV83171.1	QXV85978.1
QXV83172.1	QXV83172.1
QXV83176.1	QXV83176.1
QXV83195.1	QXV83195.1
QXV83195.1	AXN58092.1
QXV83195.1	QXV75442.1
QXV83195.1	QXV82146.1
QXV83195.1	QXV83532.1
QXV83196.1	QXV83196.1
QXV83202.1	QXV83202.1
QXV83204.1	QXV83204.1
QXV83204.1	QXV78614.1
QXV83204.1	QXV79164.1
QXV83204.1	AXN58100.1
QXV83204.1	QXV86011.1
QXV83204.1	AYD82658.1
QXV83204.1	QXV76027.1
QXV83204.1	QXV77004.1
QXV83204.1	QXV78887.1
QXV83204.1	QXV82154.1
QXV83204.1	QXV83541.1
QXV83212.1	QXV83212.1
QXV83214.1	QXV83214.1
QXV83220.1	QXV83220.1
QXV83220.1	QXV76044.1
QXV83220.1	QXV84931.1
QXV83224.1	QXV83224.1
QXV83226.1	QXV83226.1
QXV83226.1	QXV78634.1
QXV83226.1	QXV82174.1
QXV83237.1	QXV83237.1
QXV83246.1	QXV83246.1
QXV83246.1	AXN58143.1
QXV83246.1	AYD82702.1
QXV83246.1	QXV75493.1
QXV83246.1	QXV76072.1
QXV83246.1	QXV78932.1
QXV83246.1	QXV82194.1
QXV83252.1	QXV83252.1
QXV83253.1	QXV83253.1
QXV83253.1	QXV76433.1
QXV83253.1	QXV78939.1
QXV83253.1	QXV79217.1
QXV83253.1	AXN58151.1
QXV83253.1	QXV82201.1
QXV83253.1	QXV86064.1
QXV83260.1	QXV83260.1
QXV83263.1	QXV83263.1
QXV83263.1	QXV77057.1
QXV83263.1	QXV78669.1
QXV83263.1	QXV78949.1
QXV83263.1	AYD82720.1
QXV83263.1	QXV76089.1
QXV83263.1	QXV79227.1
QXV83263.1	NP_049730.1
QXV83263.1	QXV79717.1
QXV83263.1	QXV80115.1
QXV83263.1	QXV80286.1
QXV83263.1	QXV80466.1
QXV83263.1	QXV84393.1
QXV83263.1	QXV84662.1
QXV83263.1	QXV85179.1
QXV83263.1	QXV85352.1
QXV83263.1	YP_006884.1
QXV83263.1	QXV77308.1
QXV83266.1	QXV83266.1
QXV83266.1	QXV77063.1
QXV83266.1	NP_049733.1
QXV83266.1	QXV75230.1
QXV83266.1	QXV76093.1
QXV83266.1	QXV82214.1
QXV83266.1	QXV83607.1
QXV83266.1	QXV79232.1
QXV83266.1	QXV86077.1
QXV83269.1	QXV83269.1
QXV83269.1	AXN58160.1
QXV83269.1	QXV75516.1
QXV83269.1	QXV84971.1
QXV83269.1	QXV79235.1
QXV83282.1	QXV83282.1
QXV83284.1	QXV83284.1
QXV83308.1	QXV83308.1
QXV83309.1	QXV83309.1
QXV83310.1	QXV83310.1
QXV83310.1	XPK42879.1
QXV83310.1	QXV79455.1
QXV83310.1	QXV82973.1
QXV83310.1	XPK41041.1
QXV83310.1	QXV81923.1
QXV83310.1	XPK41655.1
QXV83314.1	QXV83314.1
QXV83320.1	QXV83320.1
QXV83321.1	QXV83321.1
QXV83333.1	QXV83333.1
QXV83333.1	XPK42903.1
QXV83333.1	XPK41066.1
QXV83333.1	XPK41678.1
QXV83333.1	QXV82995.1
QXV83333.1	QXV79478.1
QXV83333.1	QXV85036.1
QXV83348.1	QXV83348.1
QXV83348.1	XPK41694.1
QXV83352.1	QXV83352.1
QXV83355.1	QXV83355.1
QXV83356.1	QXV83356.1
QXV83356.1	QXV81970.1
QXV83356.1	QXV79501.1
QXV83356.1	QXV83019.1
QXV83356.1	QXV85060.1
QXV83356.1	XPK41093.1
QXV83356.1	XPK42931.1
QXV83357.1	QXV83357.1
QXV83357.1	QXV79502.1
QXV83357.1	QXV81971.1
QXV83357.1	QXV83020.1
QXV83357.1	QXV85061.1
QXV83357.1	XPK41094.1
QXV83357.1	XPK41705.1
QXV83357.1	XPK42932.1
QXV83358.1	QXV83358.1
QXV83361.1	QXV83361.1
QXV83361.1	XPK41097.1
QXV83361.1	XPK41708.1
QXV83361.1	QXV79505.1
QXV83366.1	QXV83366.1
QXV83373.1	QXV83373.1
QXV83373.1	AYD82768.1
QXV83373.1	QXV75860.1
QXV83373.1	QXV76850.1
QXV83373.1	QXV78995.1
QXV83373.1	QXV83037.1
QXV83373.1	QXV84742.1
QXV83399.1	QXV83399.1
QXV83399.1	QXV83398.1
QXV83399.1	QXV84768.1
QXV83399.1	QXV82013.1
QXV83399.1	QXV85868.1
QXV83399.1	AXN58232.1
QXV83399.1	AYD82791.1
QXV83399.1	QXV76243.1
QXV83399.1	QXV78473.1
QXV83399.1	QXV78741.1
QXV83399.1	QXV75037.1
QXV83399.1	QXV79021.1
QXV83399.1	AYD82792.1
QXV83399.1	QXV75886.1
QXV83399.1	QXV76876.1
QXV83399.1	QXV85869.1
QXV83399.1	QXV83062.1
QXV83399.1	QXV83063.1
QXV83399.1	NP_049811.1
QXV83399.1	QXV75308.1
QXV83399.1	QXV75885.1
QXV83399.1	QXV79020.1
QXV83399.1	QXV78474.1
QXV83399.1	AXN58233.1
QXV83399.1	QXV75309.1
QXV83399.1	QXV76244.1
QXV83399.1	QXV78742.1
QXV83399.1	QXV82014.1
QXV83399.1	QXV84769.1
QXV83400.1	QXV83400.1
QXV83407.1	QXV83407.1
QXV83407.1	QXV75894.1
QXV83407.1	QXV76884.1
QXV83407.1	AXN58241.1
QXV83407.1	QXV76252.1
QXV83407.1	QXV75045.1
QXV83407.1	QXV79029.1
QXV83407.1	QXV78482.1
QXV83407.1	QXV78750.1
QXV83407.1	QXV82022.1
QXV83407.1	QXV83071.1
QXV83407.1	QXV85877.1
QXV83407.1	AYD82800.1
QXV83407.1	NP_049820.1
QXV83407.1	QXV75317.1
QXV83407.1	QXV84777.1
QXV83410.1	QXV83410.1
QXV83418.1	QXV83418.1
QXV83419.1	QXV83419.1
QXV83436.1	QXV83436.1
QXV83436.1	AYD82826.1
QXV83436.1	AXN58271.1
QXV83436.1	QXV75074.1
QXV83436.1	QXV76281.1
QXV83436.1	QXV78512.1
QXV83436.1	QXV78781.1
QXV83436.1	QXV79059.1
QXV83436.1	QXV82053.1
QXV83436.1	QXV83101.1
QXV83436.1	QXV84807.1
QXV83436.1	QXV85908.1
QXV83436.1	QXV76912.1
QXV83440.1	QXV83440.1
QXV83440.1	QXV75078.1
QXV83459.1	QXV83459.1
QXV83459.1	AYD82850.1
QXV83459.1	QXV75371.1
QXV83459.1	QXV84833.1
QXV83459.1	NP_049874.1
QXV83459.1	QXV82077.1
QXV83459.1	QXV85933.1
QXV83459.1	QXV75947.1
QXV83459.1	QXV76306.1
QXV83459.1	QXV78536.1
QXV83459.1	QXV78806.1
QXV83459.1	QXV83126.1
QXV83459.1	QXV79083.1
QXV83462.1	QXV83462.1
QXV83462.1	QXV83129.1
QXV83463.1	QXV83463.1
QXV83466.1	QXV83466.1
QXV83470.1	QXV83470.1
QXV83470.1	QXV75958.1
QXV83472.1	QXV83472.1
QXV83472.1	AYD82859.1
QXV83474.1	QXV83474.1
QXV83493.1	QXV83493.1
QXV83493.1	QXV78840.1
QXV83493.1	NP_049633.1
QXV83493.1	QXV76341.1
QXV83493.1	QXV75122.1
QXV83493.1	QXV75405.1
QXV83493.1	QXV76959.1
QXV83493.1	QXV85966.1
QXV83493.1	QXV83159.1
QXV83493.1	QXV75981.1
QXV83493.1	QXV84867.1
QXV83493.1	AXN58058.1
QXV83493.1	AYD82612.1
QXV83493.1	QXV78568.1
QXV83493.1	QXV79119.1
QXV83493.1	QXV82110.1
QXV83500.1	QXV83500.1
QXV83503.1	QXV83503.1
QXV83503.1	QXV75415.1
QXV83503.1	AYD82622.1
QXV83503.1	AXN58068.1
QXV83503.1	NP_049643.1
QXV83503.1	QXV75991.1
QXV83503.1	QXV76351.1
QXV83503.1	QXV78850.1
QXV83503.1	QXV79129.1
QXV83503.1	QXV82120.1
QXV83503.1	QXV83169.1
QXV83503.1	QXV84878.1
QXV83503.1	QXV85976.1
QXV83503.1	QXV78578.1
QXV83503.1	QXV76967.1
QXV83503.1	QXV75130.1
QXV83505.1	QXV83505.1
QXV83505.1	QXV75132.1
QXV83505.1	AYD82624.1
QXV83505.1	AXN58070.1
QXV83505.1	QXV75993.1
QXV83505.1	QXV78580.1
QXV83505.1	QXV78852.1
QXV83505.1	QXV75417.1
QXV83506.1	QXV83506.1
QXV83510.1	QXV83510.1
QXV83514.1	QXV83514.1
QXV83514.1	QXV76001.1
QXV83514.1	QXV82130.1
QXV83514.1	QXV83179.1
QXV83514.1	QXV75425.1
QXV83514.1	QXV78589.1
QXV83514.1	QXV84888.1
QXV83514.1	QXV79140.1
QXV83514.1	AXN58078.1
QXV83514.1	AYD82634.1
QXV83514.1	NP_049652.1
QXV83514.1	QXV76360.1
QXV83514.1	QXV78861.1
QXV83520.1	QXV83520.1
QXV83520.1	AXN58084.1
QXV83520.1	AYD82640.1
QXV83520.1	NP_049659.1
QXV83520.1	QXV75431.1
QXV83520.1	QXV76007.1
QXV83520.1	QXV76367.1
QXV83520.1	QXV78595.1
QXV83520.1	QXV78867.1
QXV83520.1	QXV79146.1
QXV83520.1	QXV82136.1
QXV83520.1	QXV83185.1
QXV83520.1	QXV84894.1
QXV83520.1	QXV85992.1
QXV83520.1	QXV85305.1
QXV83520.1	QXV79669.1
QXV83520.1	QXV80417.1
QXV83520.1	QXV84619.1
QXV83520.1	QXV85133.1
QXV83520.1	NP_417304.1
QXV83520.1	QXV75921.1
QXV83520.1	AXN58267.1
QXV83520.1	AYD82823.1
QXV83520.1	NP_049848.1
QXV83520.1	QXV75071.1
QXV83520.1	QXV75344.1
QXV83520.1	QXV76278.1
QXV83520.1	QXV76910.1
QXV83520.1	QXV78509.1
QXV83520.1	QXV78778.1
QXV83520.1	QXV79056.1
QXV83520.1	QXV82049.1
QXV83520.1	QXV83098.1
QXV83520.1	QXV83434.1
QXV83520.1	QXV84804.1
QXV83520.1	QXV85905.1
QXV83520.1	QXV76986.1
QXV83520.1	QXV75152.1
QXV83520.1	QXV80244.1
QXV83520.1	QXV77272.1
QXV83520.1	QXV80077.1
QXV83520.1	QXV84366.1
QXV83520.1	YP_006920.1
QXV83520.1	QXV81721.1
QXV83521.1	QXV83521.1
QXV83528.1	QXV83528.1
QXV83528.1	NP_049664.1
QXV83528.1	QXV78603.1
QXV83528.1	AXN58089.1
QXV83528.1	QXV76375.1
QXV83528.1	AYD82646.1
QXV83528.1	QXV75439.1
QXV83528.1	QXV76015.1
QXV83528.1	QXV79153.1
QXV83528.1	QXV78875.1
QXV83528.1	QXV83192.1
QXV83528.1	QXV84902.1
QXV83528.1	QXV86000.1
QXV83539.1	QXV83539.1
QXV83542.1	QXV83542.1
QXV83551.1	QXV83551.1
QXV83555.1	QXV83555.1
QXV83562.1	QXV83562.1
QXV83562.1	QXV79185.1
QXV83562.1	NP_049696.1
QXV83562.1	QXV83225.1
QXV83562.1	QXV75471.1
QXV83562.1	QXV76049.1
QXV83562.1	QXV78908.1
QXV83562.1	AYD82677.1
QXV83563.1	QXV83563.1
QXV83566.1	QXV83566.1
QXV83566.1	AXN58123.1
QXV83566.1	AYD82681.1
QXV83566.1	NP_049699.1
QXV83566.1	QXV75475.1
QXV83566.1	QXV76053.1
QXV83566.1	QXV76409.1
QXV83566.1	QXV78637.1
QXV83566.1	QXV78912.1
QXV83566.1	QXV79189.1
QXV83566.1	QXV82177.1
QXV83566.1	QXV83229.1
QXV83566.1	QXV84939.1
QXV83566.1	QXV86035.1
QXV83571.1	QXV83571.1
QXV83586.1	QXV83586.1
QXV83586.1	QXV75212.1
QXV83586.1	QXV77046.1
QXV83586.1	QXV78657.1
QXV83586.1	QXV82197.1
QXV83586.1	AYD82705.1
QXV83586.1	QXV84950.1
QXV83586.1	QXV86060.1
QXV83586.1	QXV76429.1
QXV83586.1	NP_049717.1
QXV83586.1	QXV79213.1
QXV83586.1	QXV78935.1
QXV83591.1	QXV83591.1
QXV83591.1	QXV75500.1
QXV83591.1	QXV76079.1
QXV83593.1	QXV83593.1
QXV83593.1	AYD82712.1
QXV83593.1	QXV76435.1
QXV83593.1	NP_049722.1
QXV83593.1	QXV79219.1
QXV83593.1	AXN58153.1
QXV83593.1	QXV76081.1
QXV83593.1	QXV78661.1
QXV83593.1	QXV84957.1
QXV83593.1	QXV78289.1
QXV83593.1	QXV81503.1
QXV83593.1	QXV83894.1
QXV83593.1	QXV86066.1
QXV83593.1	QXV78941.1
QXV83593.1	QXV82203.1
QXV83593.1	QXV75502.1
QXV83593.1	QXV83255.1
QXV83598.1	QXV83598.1
QXV83598.1	QXV76086.1
QXV83603.1	QXV83603.1
QXV83603.1	QXV76445.1
QXV83603.1	QXV77059.1
QXV83603.1	QXV76091.1
QXV83603.1	QXV79229.1
QXV83603.1	NP_049732.1
QXV83603.1	QXV75226.1
QXV83603.1	QXV75512.1
QXV83603.1	QXV78671.1
QXV83603.1	QXV78951.1
QXV83603.1	QXV82213.1
QXV83603.1	QXV83265.1
QXV83603.1	QXV84967.1
QXV83603.1	QXV86076.1
QXV83604.1	QXV83604.1
QXV83604.1	NP_049735.1
QXV83604.1	QXV77060.1
QXV83606.1	QXV83606.1
QXV83621.1	QXV83621.1
QXV83635.1	QXV83635.1
QXV83635.1	AXN58186.1
QXV83635.1	AYD82752.1
QXV83635.1	NP_049764.1
QXV83635.1	QXV75266.1
QXV83635.1	QXV75541.1
QXV83635.1	QXV76121.1
QXV83635.1	QXV76472.1
QXV83635.1	QXV77103.1
QXV83635.1	QXV78698.1
QXV83635.1	QXV78979.1
QXV83635.1	QXV79255.1
QXV83635.1	QXV82243.1
QXV83635.1	QXV83293.1
QXV83635.1	QXV84997.1
QXV83635.1	QXV86104.1
QXV83637.1	QXV83637.1
QXV83637.1	QXV75543.1
QXV83637.1	QXV82245.1
QXV83637.1	QXV76474.1
QXV83637.1	QXV77105.1
QXV83637.1	QXV76123.1
QXV83637.1	AYD82754.1
QXV83637.1	QXV75268.1
QXV83637.1	NP_049766.1
QXV83637.1	QXV78981.1
QXV83637.1	QXV84999.1
QXV83637.1	QXV79257.1
QXV83637.1	QXV78700.1
QXV83637.1	QXV86106.1
QXV83637.1	AXN58188.1
QXV83637.1	QXV83295.1
QXV83640.1	QXV83640.1
QXV83640.1	QXV82248.1
QXV83640.1	QXV76477.1
QXV83640.1	QXV77108.1
QXV83640.1	QXV75271.1
QXV83640.1	QXV86109.1
QXV83640.1	AXN58191.1
QXV83640.1	NP_049769.1
QXV83640.1	AYD82757.1
QXV83640.1	QXV76126.1
QXV83640.1	QXV75546.1
QXV83640.1	QXV78703.1
QXV83640.1	QXV79260.1
QXV83640.1	QXV85002.1
QXV83640.1	QXV78984.1
QXV83640.1	QXV83298.1
QXV83674.1	QXV83674.1
QXV83674.1	QXV77402.1
QXV83674.1	QXV80706.1
QXV83674.1	XPK41721.1
QXV83677.1	QXV83677.1
QXV83684.1	QXV83684.1
QXV83684.1	QXV80574.1
QXV83685.1	QXV83685.1
QXV83685.1	QXV77414.1
QXV83691.1	QXV83691.1
QXV83693.1	QXV83693.1
QXV83693.1	QXV79401.1
QXV83693.1	QXV82304.1
QXV83693.1	QXV84044.1
QXV83693.1	QXV80724.1
QXV83701.1	QXV83701.1
QXV83702.1	QXV83702.1
QXV83703.1	QXV83703.1
QXV83706.1	QXV83706.1
QXV83708.1	QXV83708.1
QXV83710.1	QXV83710.1
QXV83711.1	QXV83711.1
QXV83712.1	QXV83712.1
QXV83713.1	QXV83713.1
QXV83713.1	QXV77439.1
QXV83713.1	QXV81662.1
QXV83713.1	XPK42640.1
QXV83713.1	QXV80597.1
QXV83713.1	QXV80737.1
QXV83713.1	XPK42137.1
QXV83713.1	XPK42506.1
QXV83713.1	XPK40505.1
QXV83714.1	QXV83714.1
QXV83714.1	QXV80598.1
QXV83714.1	QXV81663.1
QXV83715.1	QXV83715.1
QXV83715.1	QXV77436.1
QXV83715.1	QXV82325.1
QXV83716.1	QXV83716.1
QXV83720.1	QXV83720.1
QXV83722.1	QXV83722.1
QXV83723.1	QXV83723.1
QXV83725.1	QXV83725.1
QXV83733.1	QXV83733.1
QXV83737.1	QXV83737.1
QXV83740.1	QXV83740.1
QXV83740.1	QXV78134.1
QXV83740.1	QXV81351.1
QXV83744.1	QXV83744.1
QXV83744.1	QXV81355.1
QXV83744.1	QXV78138.1
QXV83745.1	QXV83745.1
QXV83745.1	QXV78139.1
QXV83745.1	QXV81356.1
QXV83749.1	QXV83749.1
QXV83749.1	QXV78143.1
QXV83749.1	QXV81360.1
QXV83749.1	QXV81704.1
QXV83749.1	QXV84093.1
QXV83749.1	QXV75565.1
QXV83749.1	QXV76580.1
QXV83749.1	QXV77481.1
QXV83749.1	QXV77708.1
QXV83749.1	QXV77916.1
QXV83749.1	QXV79801.1
QXV83749.1	QXV80914.1
QXV83749.1	QXV81137.1
QXV83749.1	QXV82535.1
QXV83749.1	QXV82755.1
QXV83749.1	QXV85525.1
QXV83749.1	NP_046778.1
QXV83749.1	XPK41234.1
QXV83749.1	XPK43568.1
QXV83749.1	XPK41121.1
QXV83749.1	XPK41382.1
QXV83749.1	XPK42344.1
QXV83749.1	YP_006525.1
QXV83752.1	QXV83752.1
QXV83758.1	QXV83758.1
QXV83758.1	QXV78152.1
QXV83758.1	QXV81369.1
QXV83758.1	QXV77717.1
QXV83758.1	QXV75574.1
QXV83758.1	QXV76589.1
QXV83758.1	QXV77490.1
QXV83758.1	QXV77925.1
QXV83758.1	QXV79810.1
QXV83758.1	QXV80923.1
QXV83758.1	QXV81146.1
QXV83758.1	QXV82544.1
QXV83758.1	QXV82764.1
QXV83758.1	QXV84102.1
QXV83758.1	QXV85534.1
QXV83759.1	QXV83759.1
QXV83759.1	QXV78153.1
QXV83759.1	QXV81370.1
QXV83763.1	QXV83763.1
QXV83764.1	QXV83764.1
QXV83764.1	QXV78156.1
QXV83764.1	QXV81373.1
QXV83769.1	QXV83769.1
QXV83773.1	QXV83773.1
QXV83773.1	QXV78165.1
QXV83773.1	QXV81382.1
QXV83777.1	QXV83777.1
QXV83777.1	QXV78169.1
QXV83777.1	QXV81386.1
QXV83778.1	QXV83778.1
QXV83778.1	QXV78170.1
QXV83778.1	QXV81387.1
QXV83782.1	QXV83782.1
QXV83782.1	QXV78174.1
QXV83782.1	QXV81391.1
QXV83782.1	QXV75619.1
QXV83782.1	QXV76637.1
QXV83782.1	QXV77538.1
QXV83782.1	QXV77763.1
QXV83782.1	QXV77973.1
QXV83782.1	QXV79856.1
QXV83782.1	QXV80970.1
QXV83782.1	QXV81193.1
QXV83782.1	QXV82591.1
QXV83782.1	QXV82810.1
QXV83782.1	QXV84150.1
QXV83782.1	QXV85581.1
QXV83786.1	QXV83786.1
QXV83786.1	QXV78178.1
QXV83786.1	QXV81395.1
QXV83787.1	QXV83787.1
QXV83787.1	QXV78179.1
QXV83787.1	QXV81396.1
QXV83788.1	QXV83788.1
QXV83788.1	QXV78180.1
QXV83788.1	QXV81397.1
QXV83791.1	QXV83791.1
QXV83791.1	QXV78183.1
QXV83791.1	QXV81400.1
QXV83792.1	QXV83792.1
QXV83792.1	QXV78184.1
QXV83792.1	QXV81401.1
QXV83796.1	QXV83796.1
QXV83799.1	QXV83799.1
QXV83799.1	QXV78191.1
QXV83799.1	QXV81408.1
QXV83803.1	QXV83803.1
QXV83803.1	QXV78195.1
QXV83803.1	QXV81412.1
QXV83804.1	QXV83804.1
QXV83805.1	QXV83805.1
QXV83805.1	QXV78197.1
QXV83805.1	QXV81414.1
QXV83808.1	QXV83808.1
QXV83808.1	QXV78200.1
QXV83808.1	QXV81417.1
QXV83813.1	QXV83813.1
QXV83813.1	QXV78205.1
QXV83813.1	QXV81422.1
QXV83816.1	QXV83816.1
QXV83816.1	QXV78208.1
QXV83816.1	QXV81425.1
QXV83817.1	QXV83817.1
QXV83817.1	QXV81426.1
QXV83818.1	QXV83818.1
QXV83818.1	QXV78210.1
QXV83818.1	QXV81427.1
QXV83820.1	QXV83820.1
QXV83820.1	QXV81429.1
QXV83820.1	QXV78212.1
QXV83821.1	QXV83821.1
QXV83821.1	QXV78213.1
QXV83821.1	QXV81430.1
QXV83821.1	YP_950490.1
QXV83821.1	QXV75837.1
QXV83821.1	XPK42855.1
QXV83823.1	QXV83823.1
QXV83823.1	QXV81432.1
QXV83823.1	QXV78215.1
QXV83824.1	QXV83824.1
QXV83824.1	QXV78216.1
QXV83824.1	QXV81433.1
QXV83825.1	QXV83825.1
QXV83825.1	QXV81434.1
QXV83825.1	QXV78217.1
QXV83827.1	QXV83827.1
QXV83827.1	QXV78219.1
QXV83827.1	QXV81436.1
QXV83828.1	QXV83828.1
QXV83828.1	QXV81437.1
QXV83829.1	QXV83829.1
QXV83829.1	QXV78221.1
QXV83829.1	QXV81438.1
QXV83830.1	QXV83830.1
QXV83830.1	QXV81439.1
QXV83830.1	QXV78222.1
QXV83831.1	QXV83831.1
QXV83831.1	QXV78223.1
QXV83831.1	QXV81440.1
QXV83832.1	QXV83832.1
QXV83832.1	QXV78224.1
QXV83832.1	QXV81441.1
QXV83832.1	QXV75924.1
QXV83832.1	QXV75347.1
QXV83832.1	QXV85609.1
QXV83832.1	QXV76662.1
QXV83832.1	QXV77788.1
QXV83832.1	QXV78001.1
QXV83832.1	QXV81218.1
QXV83832.1	QXV82617.1
QXV83832.1	QXV79884.1
QXV83832.1	QXV75645.1
QXV83832.1	QXV77564.1
QXV83832.1	QXV80995.1
QXV83832.1	QXV82835.1
QXV83832.1	QXV84175.1
QXV83833.1	QXV83833.1
QXV83833.1	QXV78225.1
QXV83834.1	QXV83834.1
QXV83834.1	QXV78226.1
QXV83835.1	QXV83835.1
QXV83835.1	QXV81442.1
QXV83836.1	QXV83836.1
QXV83838.1	QXV83838.1
QXV83838.1	QXV81444.1
QXV83839.1	QXV83839.1
QXV83839.1	QXV78228.1
QXV83839.1	QXV81445.1
QXV83840.1	QXV83840.1
QXV83840.1	QXV81446.1
QXV83841.1	QXV83841.1
QXV83841.1	QXV78231.1
QXV83841.1	QXV81447.1
QXV83843.1	QXV83843.1
QXV83843.1	QXV78233.1
QXV83844.1	QXV83844.1
QXV83844.1	QXV78234.1
QXV83844.1	QXV81450.1
QXV83844.1	QXV78202.1
QXV83844.1	QXV81419.1
QXV83844.1	QXV83810.1
QXV83847.1	QXV83847.1
QXV83848.1	QXV83848.1
QXV83848.1	QXV78238.1
QXV83848.1	QXV81454.1
QXV83849.1	QXV83849.1
QXV83850.1	QXV83850.1
QXV83850.1	QXV78240.1
QXV83850.1	QXV81456.1
QXV83853.1	QXV83853.1
QXV83854.1	QXV83854.1
QXV83856.1	QXV83856.1
QXV83856.1	QXV78246.1
QXV83856.1	QXV81462.1
QXV83857.1	QXV83857.1
QXV83857.1	QXV75670.1
QXV83857.1	QXV81463.1
QXV83857.1	QXV82862.1
QXV83858.1	QXV83858.1
QXV83858.1	QXV81464.1
QXV83858.1	QXV78248.1
QXV83859.1	QXV83859.1
QXV83859.1	QXV78249.1
QXV83859.1	QXV81465.1
QXV83861.1	QXV83861.1
QXV83861.1	QXV81467.1
QXV83862.1	QXV83862.1
QXV83862.1	QXV81468.1
QXV83864.1	QXV83864.1
QXV83865.1	QXV83865.1
QXV83865.1	QXV78256.1
QXV83865.1	QXV81471.1
QXV83866.1	QXV83866.1
QXV83870.1	QXV83870.1
QXV83870.1	QXV78261.1
QXV83870.1	QXV81476.1
QXV83871.1	QXV83871.1
QXV83871.1	QXV81477.1
QXV83872.1	QXV83872.1
QXV83873.1	QXV83873.1
QXV83873.1	QXV81480.1
QXV83873.1	QXV77816.1
QXV83873.1	QXV75672.1
QXV83873.1	QXV79912.1
QXV83873.1	QXV81023.1
QXV83873.1	QXV82646.1
QXV83873.1	QXV82864.1
QXV83873.1	QXV84202.1
QXV83873.1	QXV85636.1
QXV83873.1	QXV76691.1
QXV83873.1	QXV77591.1
QXV83873.1	QXV78029.1
QXV83873.1	QXV78265.1
QXV83874.1	QXV83874.1
QXV83875.1	QXV83875.1
QXV83876.1	QXV83876.1
QXV83877.1	QXV83877.1
QXV83879.1	QXV83879.1
QXV83879.1	QXV81486.1
QXV83880.1	QXV83880.1
QXV83881.1	QXV83881.1
QXV83882.1	QXV83882.1
QXV83887.1	QXV83887.1
QXV83887.1	QXV78281.1
QXV83887.1	QXV81496.1
QXV83888.1	QXV83888.1
QXV83889.1	QXV83889.1
QXV83889.1	QXV81498.1
QXV83891.1	QXV83891.1
QXV83891.1	QXV78286.1
QXV83891.1	QXV81500.1
QXV83893.1	QXV83893.1
QXV83893.1	QXV78288.1
QXV83893.1	QXV81502.1
QXV83898.1	QXV83898.1
QXV83898.1	QXV78293.1
QXV83898.1	QXV81507.1
QXV83899.1	QXV83899.1
QXV83899.1	QXV81508.1
QXV83899.1	QXV78294.1
QXV83900.1	QXV83900.1
QXV83900.1	QXV78295.1
QXV83900.1	QXV81509.1
QXV83902.1	QXV83902.1
QXV83902.1	QXV78297.1
QXV83902.1	QXV81511.1
QXV83903.1	QXV83903.1
QXV83904.1	QXV83904.1
QXV83904.1	QXV78299.1
QXV83905.1	QXV83905.1
QXV83906.1	QXV83906.1
QXV83906.1	QXV78301.1
QXV83906.1	QXV81515.1
QXV83907.1	QXV83907.1
QXV83907.1	QXV78302.1
QXV83907.1	QXV81516.1
QXV83911.1	QXV83911.1
QXV83911.1	QXV81520.1
QXV83911.1	QXV78306.1
QXV83912.1	QXV83912.1
QXV83912.1	QXV78307.1
QXV83912.1	QXV81521.1
QXV83914.1	QXV83914.1
QXV83915.1	QXV83915.1
QXV83915.1	QXV78310.1
QXV83915.1	QXV81524.1
QXV83916.1	QXV83916.1
QXV83916.1	QXV78311.1
QXV83916.1	QXV81525.1
QXV83918.1	QXV83918.1
QXV83918.1	QXV78313.1
QXV83918.1	QXV81527.1
QXV83922.1	QXV83922.1
QXV83922.1	QXV78317.1
QXV83923.1	QXV83923.1
QXV83925.1	QXV83925.1
QXV83926.1	QXV83926.1
QXV83926.1	QXV78321.1
QXV83927.1	QXV83927.1
QXV83927.1	QXV78322.1
QXV83928.1	QXV83928.1
QXV83928.1	QXV78323.1
QXV83928.1	QXV81534.1
QXV83929.1	QXV83929.1
QXV83929.1	QXV78324.1
QXV83929.1	QXV81535.1
QXV83931.1	QXV83931.1
QXV83931.1	QXV78326.1
QXV83931.1	QXV81537.1
QXV83932.1	QXV83932.1
QXV83932.1	QXV78327.1
QXV83932.1	QXV81538.1
QXV83932.1	QXV83815.1
QXV83932.1	QXV78207.1
QXV83932.1	QXV81424.1
QXV83935.1	QXV83935.1
QXV83935.1	QXV78330.1
QXV83935.1	QXV81541.1
QXV83936.1	QXV83936.1
QXV83936.1	QXV81542.1
QXV83936.1	QXV78331.1
QXV83937.1	QXV83937.1
QXV83937.1	QXV78332.1
QXV83937.1	QXV81543.1
QXV83937.1	QXV79961.1
QXV83937.1	QXV75723.1
QXV83937.1	QXV76742.1
QXV83937.1	QXV77641.1
QXV83937.1	QXV77851.1
QXV83937.1	QXV78079.1
QXV83937.1	QXV81073.1
QXV83937.1	QXV81296.1
QXV83937.1	QXV82690.1
QXV83937.1	QXV82915.1
QXV83937.1	QXV84253.1
QXV83937.1	QXV85686.1
QXV83937.1	XPK41324.1
QXV83937.1	XPK41778.1
QXV83937.1	XPK42906.1
QXV83937.1	QXV79480.1
QXV83937.1	QXV80796.1
QXV83937.1	QXV81949.1
QXV83937.1	QXV82998.1
QXV83937.1	QXV83336.1
QXV83937.1	QXV85039.1
QXV83937.1	XPK41069.1
QXV83937.1	XPK41681.1
QXV83938.1	QXV83938.1
QXV83938.1	QXV78333.1
QXV83938.1	QXV81544.1
QXV83940.1	QXV83940.1
QXV83943.1	QXV83943.1
QXV83946.1	QXV83946.1
QXV83946.1	QXV78341.1
QXV83946.1	QXV81552.1
QXV83946.1	NP_416542.1
QXV83949.1	QXV83949.1
QXV83949.1	QXV81555.1
QXV83949.1	QXV78344.1
QXV83950.1	QXV83950.1
QXV83952.1	QXV83952.1
QXV83952.1	QXV81558.1
QXV83952.1	QXV78347.1
QXV83953.1	QXV83953.1
QXV83953.1	QXV78348.1
QXV83953.1	QXV81559.1
QXV83955.1	QXV83955.1
QXV83955.1	QXV78350.1
QXV83955.1	QXV81561.1
QXV83958.1	QXV83958.1
QXV83958.1	QXV81564.1
QXV83958.1	QXV78353.1
QXV83961.1	QXV83961.1
QXV83961.1	QXV78356.1
QXV83961.1	QXV81567.1
QXV83961.1	QXV76431.1
QXV83961.1	AXN58148.1
QXV83961.1	AYD82707.1
QXV83961.1	NP_049719.1
QXV83961.1	NP_415754.1
QXV83961.1	QXV75214.1
QXV83961.1	QXV75498.1
QXV83961.1	QXV76077.1
QXV83961.1	QXV77048.1
QXV83961.1	QXV78659.1
QXV83961.1	QXV78937.1
QXV83961.1	QXV79215.1
QXV83961.1	QXV82199.1
QXV83961.1	QXV83251.1
QXV83961.1	QXV83588.1
QXV83961.1	QXV84952.1
QXV83961.1	QXV86062.1
QXV83962.1	QXV83962.1
QXV83962.1	QXV78357.1
QXV83962.1	QXV81568.1
QXV83964.1	QXV83964.1
QXV83964.1	QXV78359.1
QXV83966.1	QXV83966.1
QXV83966.1	QXV78361.1
QXV83966.1	QXV81572.1
QXV83966.1	QXV82717.1
QXV83966.1	QXV75749.1
QXV83966.1	QXV76770.1
QXV83966.1	QXV77669.1
QXV83966.1	QXV77877.1
QXV83966.1	QXV78106.1
QXV83966.1	QXV79987.1
QXV83966.1	QXV81099.1
QXV83966.1	QXV81322.1
QXV83966.1	QXV82943.1
QXV83966.1	QXV84279.1
QXV83966.1	QXV85716.1
QXV83966.1	QXV84330.1
QXV83966.1	QXV77230.1
QXV83966.1	QXV79631.1
QXV83966.1	QXV80037.1
QXV83966.1	QXV80207.1
QXV83966.1	QXV80378.1
QXV83966.1	QXV84581.1
QXV83966.1	QXV85094.1
QXV83966.1	QXV85265.1
QXV83966.1	YP_006958.1
QXV83966.1	QXV83110.1
QXV83966.1	AXN58280.1
QXV83966.1	AYD82834.1
QXV83966.1	NP_049859.1
QXV83966.1	QXV75081.1
QXV83966.1	QXV75356.1
QXV83966.1	QXV75933.1
QXV83966.1	QXV76291.1
QXV83966.1	QXV76919.1
QXV83966.1	QXV78521.1
QXV83966.1	QXV78791.1
QXV83966.1	QXV79068.1
QXV83966.1	QXV82062.1
QXV83966.1	QXV83444.1
QXV83966.1	QXV84818.1
QXV83966.1	QXV85916.1
QXV83966.1	XPK43060.1
QXV83966.1	XPK40186.1
QXV83966.1	XPK40285.1
QXV83966.1	XPK41573.1
QXV83966.1	XPK41848.1
QXV83966.1	XPK41972.1
QXV83966.1	XPK42248.1
QXV83966.1	XPK42685.1
QXV83966.1	XPK43269.1
QXV83966.1	NP_041988.1
QXV83966.1	QXV76830.1
QXV83966.1	QXV78427.1
QXV83966.1	QXV80660.1
QXV83966.1	QXV80885.1
QXV83966.1	XPK40425.1
QXV83966.1	XPK40884.1
QXV83966.1	XPK40936.1
QXV83966.1	XPK42560.1
QXV83966.1	NP_417278.4
QXV83966.1	QXV81747.1
QXV83971.1	QXV83971.1
QXV83974.1	QXV83974.1
QXV83974.1	QXV78368.1
QXV83974.1	QXV81579.1
QXV83975.1	QXV83975.1
QXV83975.1	QXV78369.1
QXV83975.1	QXV81580.1
QXV83976.1	QXV83976.1
QXV83976.1	QXV78370.1
QXV83979.1	QXV83979.1
QXV83979.1	QXV78373.1
QXV83979.1	QXV81584.1
QXV83979.1	NP_416803.3
QXV83979.1	YP_006862.1
QXV83979.1	QXV80311.1
QXV83979.1	QXV84418.1
QXV83979.1	QXV84688.1
QXV83979.1	QXV77332.1
QXV83979.1	QXV79743.1
QXV83979.1	QXV80139.1
QXV83979.1	QXV80491.1
QXV83979.1	QXV85202.1
QXV83979.1	NP_415057.1
QXV83979.1	QXV77684.1
QXV83979.1	QXV75762.1
QXV83979.1	QXV76785.1
QXV83979.1	QXV77892.1
QXV83979.1	QXV78119.1
QXV83979.1	QXV80001.1
QXV83979.1	QXV81113.1
QXV83979.1	QXV81336.1
QXV83979.1	QXV82731.1
QXV83979.1	QXV82957.1
QXV83979.1	QXV84294.1
QXV83979.1	QXV85730.1
QXV83979.1	XPK43276.1
QXV83979.1	XPK40293.1
QXV83979.1	XPK41859.1
QXV83979.1	XPK42693.1
QXV83979.1	XPK43070.1
QXV83980.1	QXV83980.1
QXV83981.1	QXV83981.1
QXV83983.1	QXV83983.1
QXV83983.1	QXV78377.1
QXV83983.1	QXV81588.1
QXV83985.1	QXV83985.1
QXV83985.1	QXV81590.1
QXV83985.1	QXV78379.1
QXV83987.1	QXV83987.1
QXV83987.1	QXV81592.1
QXV83987.1	QXV78381.1
QXV83988.1	QXV83988.1
QXV83988.1	QXV81593.1
QXV83988.1	QXV78382.1
QXV83991.1	QXV83991.1
QXV83991.1	QXV78385.1
QXV83991.1	QXV81596.1
QXV83992.1	QXV83992.1
QXV83993.1	QXV83993.1
QXV83993.1	QXV78387.1
QXV83994.1	QXV83994.1
QXV83994.1	QXV78388.1
QXV83995.1	QXV83995.1
QXV83995.1	QXV81600.1
QXV83995.1	QXV78389.1
QXV83996.1	QXV83996.1
QXV83996.1	QXV81601.1
QXV83996.1	QXV78390.1
QXV83998.1	QXV83998.1
QXV83999.1	QXV83999.1
QXV84029.1	QXV84029.1
QXV84042.1	QXV84042.1
QXV84045.1	QXV84045.1
QXV84048.1	QXV84048.1
QXV84048.1	QXV82307.1
QXV84048.1	QXV79405.1
QXV84048.1	QXV81652.1
QXV84048.1	QXV80585.1
QXV84048.1	QXV76531.1
QXV84048.1	QXV77425.1
QXV84048.1	QXV80728.1
QXV84048.1	QXV82484.1
QXV84048.1	QXV83697.1
QXV84051.1	QXV84051.1
QXV84051.1	QXV76532.1
QXV84051.1	QXV77428.1
QXV84051.1	QXV82485.1
QXV84051.1	QXV83699.1
QXV84051.1	QXV79407.1
QXV84051.1	QXV80588.1
QXV84051.1	QXV80730.1
QXV84051.1	QXV81654.1
QXV84051.1	QXV82309.1
QXV84052.1	QXV84052.1
QXV84052.1	QXV79408.1
QXV84054.1	QXV84054.1
QXV84055.1	QXV84055.1
QXV84055.1	QXV79411.1
QXV84056.1	QXV84056.1
QXV84056.1	QXV80592.1
QXV84056.1	QXV82313.1
QXV84056.1	QXV79413.1
QXV84056.1	QXV84534.1
QXV84056.1	QXV79587.1
QXV84056.1	QXV82495.1
QXV84056.1	QXV80735.1
QXV84056.1	QXV77435.1
QXV84056.1	QXV83705.1
QXV84062.1	QXV84062.1
QXV84062.1	QXV79421.1
QXV84062.1	QXV82319.1
QXV84062.1	QXV80743.1
QXV84062.1	QXV80831.1
QXV84064.1	QXV84064.1
QXV84065.1	QXV84065.1
QXV84068.1	QXV84068.1
QXV84073.1	QXV84073.1
QXV84076.1	QXV84076.1
QXV84076.1	QXV80763.1
QXV84079.1	QXV84079.1
QXV84079.1	QXV79448.1
QXV84079.1	QXV80625.1
QXV84079.1	QXV80766.1
QXV84079.1	QXV83735.1
QXV84079.1	QXV81691.1
QXV84090.1	QXV84090.1
QXV84090.1	QXV75562.1
QXV84090.1	QXV76577.1
QXV84090.1	QXV77478.1
QXV84090.1	QXV77705.1
QXV84090.1	QXV77913.1
QXV84090.1	QXV79798.1
QXV84090.1	QXV80911.1
QXV84090.1	QXV81134.1
QXV84090.1	QXV82532.1
QXV84090.1	QXV82752.1
QXV84090.1	QXV85522.1
QXV84090.1	QXV81357.1
QXV84090.1	QXV78140.1
QXV84090.1	QXV81701.1
QXV84090.1	QXV83746.1
QXV84090.1	XPK43567.1
QXV84090.1	XPK41120.1
QXV84090.1	XPK41381.1
QXV84090.1	XPK42343.1
YP_026192.1	YP_026192.1
YP_026192.1	NP_416467.1
YP_026192.1	YP_026232.1
YP_026192.1	NP_415122.1
YP_026192.1	NP_415121.1
YP_026192.1	NP_416226.1
YP_026192.1	NP_418708.1
YP_026192.1	NP_418709.1
YP_026192.1	NP_415339.1
YP_026192.1	NP_416031.1
YP_026192.1	NP_416032.1
YP_026192.1	NP_416653.1
YP_026192.1	NP_417041.1
YP_026192.1	NP_418206.1
YP_026192.1	NP_418510.1
YP_026192.1	NP_418651.3
YP_026192.1	NP_418652.2
YP_026192.1	YP_026162.2
YP_026192.1	NP_415309.1
YP_026192.1	NP_418025.1
YP_026192.1	NP_416439.1
YP_026192.1	NP_416657.1
YP_026192.1	NP_417663.1
YP_026195.1	YP_026195.1
YP_026196.1	YP_026196.1
YP_026204.1	YP_026204.1
YP_026204.1	NP_416328.1
YP_026204.1	NP_417277.1
YP_026204.1	YP_026202.1
YP_026210.1	YP_026210.1
YP_026211.1	YP_026211.1
YP_026218.1	YP_026218.1
YP_026218.1	NP_417886.1
YP_026219.1	YP_026219.1
YP_026220.1	YP_026220.1
YP_026228.1	YP_026228.1
YP_026229.1	YP_026229.1
YP_026230.1	YP_026230.1
YP_026230.1	NP_415599.1
YP_026240.1	YP_026240.1
YP_026241.1	YP_026241.1
YP_026245.1	YP_026245.1
YP_026245.1	NP_417565.2
YP_026245.1	NP_417454.1
YP_026245.1	NP_415705.1
YP_026245.1	NP_415967.2
YP_026245.1	NP_416058.1
YP_026245.1	NP_417150.4
YP_026245.1	NP_418061.1
YP_026245.1	NP_414655.1
YP_026245.1	NP_417693.3
YP_026245.1	NP_418744.1
YP_026245.1	YP_026239.1
YP_026256.2	YP_026256.2
YP_026261.1	YP_026261.1
YP_026270.1	YP_026270.1
YP_026272.1	YP_026272.1
YP_026272.1	NP_415915.1
YP_026272.1	NP_416728.1
YP_026272.1	NP_416844.1
YP_026272.1	NP_417321.2
YP_026272.1	NP_415609.1
YP_026272.1	NP_416826.1
YP_026272.1	NP_415613.1
YP_026274.1	YP_026274.1
YP_026278.1	YP_026278.1
YP_026278.1	NP_416884.1
YP_026279.1	YP_026279.1
YP_026279.1	NP_415305.1
YP_026280.1	YP_026280.1
YP_026281.1	YP_026281.1
YP_026283.1	YP_026283.1
YP_026284.1	YP_026284.1
YP_026288.1	YP_026288.1
YP_026290.1	YP_026290.1
YP_026290.1	NP_415917.1
YP_588435.1	YP_588435.1
YP_588435.1	NP_416507.1
YP_588439.1	YP_588439.1
YP_588440.1	YP_588440.1
YP_588441.1	YP_588441.1
YP_588442.1	YP_588442.1
YP_588442.1	NP_418773.1
YP_588443.1	YP_588443.1
YP_588444.1	YP_588444.1
YP_588447.1	YP_588447.1
YP_588449.3	YP_588449.3
YP_588450.2	YP_588450.2
YP_588451.1	YP_588451.1
YP_588454.1	YP_588454.1
YP_588455.2	YP_588455.2
YP_588456.1	YP_588456.1
YP_588459.1	YP_588459.1
YP_588460.1	YP_588460.1
YP_588461.1	YP_588461.1
YP_588463.1	YP_588463.1
YP_588463.1	XPK40719.1
YP_588463.1	YP_009518745.1
YP_588464.1	YP_588464.1
YP_588465.1	YP_588465.1
YP_588466.1	YP_588466.1
YP_588467.1	YP_588467.1
YP_588468.1	YP_588468.1
YP_588469.1	YP_588469.1
YP_588469.1	NP_415031.1
YP_588469.1	NP_415556.1
YP_588470.1	YP_588470.1
YP_588471.1	YP_588471.1
YP_588472.1	YP_588472.1
YP_588473.1	YP_588473.1
YP_588474.1	YP_588474.1
YP_588474.1	NP_415962.2
YP_588476.1	YP_588476.1
YP_588476.1	NP_416596.1
YP_588476.1	NP_416252.1
YP_588476.1	NP_418385.1
YP_588476.1	NP_416888.1
YP_588476.1	NP_418388.1
YP_588476.1	NP_418615.1
YP_588477.1	YP_588477.1
YP_588478.1	YP_588478.1
YP_588479.2	YP_588479.2
YP_950479.1	YP_950479.1
YP_950480.1	YP_950480.1
YP_950480.1	QXV75847.1
YP_950481.1	YP_950481.1
YP_950484.1	YP_950484.1
YP_950485.1	YP_950485.1
YP_950486.1	YP_950486.1
YP_950486.1	QXV75841.1
YP_950487.1	YP_950487.1
YP_950491.1	YP_950491.1
YP_950491.1	QXV75836.1
YP_950492.1	YP_950492.1
YP_950492.1	QXV75835.1
YP_950492.1	XPK42854.1
YP_950492.1	XPK43064.1
YP_950492.1	XPK41976.1
YP_950496.1	YP_950496.1
YP_950497.1	YP_950497.1
YP_950497.1	QXV75830.1
YP_950501.1	YP_950501.1
YP_950506.1	YP_950506.1
YP_950506.1	QXV75819.1
YP_950508.1	YP_950508.1
YP_950508.1	QXV75817.1
YP_950508.1	XPK42837.1
YP_950508.1	QXV81565.1
YP_950508.1	QXV78354.1
YP_950508.1	QXV83959.1
YP_950508.1	QXV84267.1
YP_950508.1	QXV75737.1
YP_950508.1	QXV76758.1
YP_950508.1	QXV77657.1
YP_950508.1	QXV77865.1
YP_950508.1	QXV78094.1
YP_950508.1	QXV79975.1
YP_950508.1	QXV81087.1
YP_950508.1	QXV81310.1
YP_950508.1	QXV82705.1
YP_950508.1	QXV82931.1
YP_950508.1	QXV85704.1
YP_950510.1	YP_950510.1
YP_950510.1	QXV75815.1
YP_950513.1	YP_950513.1
YP_950513.1	XPK42828.1
YP_950513.1	QXV75812.1
YP_950514.1	YP_950514.1
YP_950514.1	QXV75811.1
YP_950514.1	XPK42827.1
YP_950519.1	YP_950519.1
YP_950519.1	QXV75805.1
YP_950526.1	YP_950526.1
YP_950526.1	QXV75795.1
YP_950526.1	XPK42802.1
YP_950526.1	XPK43501.1
YP_950528.1	YP_950528.1
YP_950528.1	QXV75793.1
YP_950528.1	XPK42799.1
YP_950532.1	YP_950532.1
YP_950533.1	YP_950533.1
YP_950533.1	QXV75788.1
YP_950533.1	XPK42794.1
YP_950535.1	YP_950535.1
YP_950535.1	QXV75786.1
YP_950535.1	XPK42792.1
YP_950538.1	YP_950538.1
YP_950538.1	QXV75782.1
YP_950541.1	YP_950541.1
YP_950544.1	YP_950544.1
YP_950544.1	QXV75776.1
YP_950548.1	YP_950548.1
YP_950548.1	QXV75853.1
YP_950549.1	YP_950549.1
YP_950549.1	QXV75851.1
YP_950550.1	YP_950550.1
YP_950550.1	QXV75850.1
QXV84096.1	QXV84096.1
QXV84117.1	QXV84117.1
QXV84117.1	QXV79825.1
QXV84117.1	QXV76605.1
QXV84117.1	QXV77732.1
QXV84117.1	QXV77941.1
QXV84117.1	QXV81161.1
QXV84117.1	QXV80939.1
QXV84117.1	QXV82559.1
QXV84117.1	QXV82779.1
QXV84117.1	QXV85549.1
QXV84128.1	QXV84128.1
QXV84128.1	QXV82789.1
QXV84128.1	QXV79835.1
QXV84128.1	QXV85559.1
QXV84131.1	QXV84131.1
QXV84131.1	QXV75602.1
QXV84131.1	QXV77519.1
QXV84131.1	QXV77954.1
QXV84131.1	QXV81175.1
QXV84131.1	QXV82792.1
QXV84131.1	QXV85562.1
QXV84131.1	QXV79838.1
QXV84131.1	QXV77745.1
QXV84131.1	QXV80952.1
QXV84131.1	QXV82573.1
QXV84131.1	QXV76618.1
QXV84133.1	QXV84133.1
QXV84133.1	QXV77746.1
QXV84133.1	QXV79839.1
QXV84133.1	QXV82793.1
QXV84133.1	QXV82794.1
QXV84133.1	QXV77521.1
QXV84133.1	QXV82574.1
QXV84133.1	QXV77956.1
QXV84133.1	QXV76620.1
QXV84133.1	QXV77747.1
QXV84133.1	QXV79840.1
QXV84133.1	QXV85564.1
QXV84139.1	QXV84139.1
QXV84140.1	QXV84140.1
QXV84140.1	QXV76627.1
QXV84140.1	QXV77528.1
QXV84140.1	QXV77754.1
QXV84140.1	QXV75610.1
QXV84140.1	QXV85571.1
QXV84140.1	QXV79847.1
QXV84140.1	QXV77963.1
QXV84140.1	QXV80960.1
QXV84140.1	QXV81183.1
QXV84140.1	QXV82801.1
QXV84157.1	QXV84157.1
QXV84157.1	QXV77982.1
QXV84157.1	QXV75627.1
QXV84157.1	QXV76644.1
QXV84157.1	QXV77545.1
QXV84157.1	QXV79865.1
QXV84157.1	QXV80977.1
QXV84157.1	QXV81200.1
QXV84157.1	QXV82598.1
QXV84157.1	QXV82817.1
QXV84159.1	QXV84159.1
QXV84159.1	QXV75629.1
QXV84159.1	QXV77547.1
QXV84159.1	QXV79867.1
QXV84159.1	QXV80979.1
QXV84159.1	QXV76646.1
QXV84159.1	QXV77984.1
QXV84159.1	QXV82819.1
QXV84159.1	QXV85592.1
QXV84165.1	QXV84165.1
QXV84174.1	QXV84174.1
QXV84174.1	QXV81217.1
QXV84174.1	QXV82834.1
QXV84174.1	QXV80994.1
QXV84174.1	QXV77787.1
QXV84174.1	QXV85608.1
QXV84174.1	QXV75644.1
QXV84174.1	QXV78000.1
QXV84174.1	QXV77563.1
QXV84174.1	QXV79883.1
QXV84174.1	QXV76661.1
QXV84174.1	QXV82616.1
QXV84178.1	QXV84178.1
QXV84179.1	QXV84179.1
QXV84180.1	QXV84180.1
QXV84184.1	QXV84184.1
QXV84184.1	QXV75652.1
QXV84184.1	QXV77571.1
QXV84184.1	QXV81227.1
QXV84184.1	QXV76672.1
QXV84184.1	QXV77796.1
QXV84184.1	QXV78010.1
QXV84184.1	QXV79893.1
QXV84184.1	QXV81004.1
QXV84184.1	QXV82626.1
QXV84184.1	QXV82844.1
QXV84184.1	QXV85618.1
QXV84189.1	QXV84189.1
QXV84192.1	QXV84192.1
QXV84192.1	QXV81235.1
QXV84192.1	QXV82634.1
QXV84192.1	QXV85626.1
QXV84192.1	QXV77804.1
QXV84192.1	QXV79901.1
QXV84192.1	QXV81457.1
QXV84192.1	QXV75660.1
QXV84192.1	QXV76680.1
QXV84192.1	QXV78241.1
QXV84192.1	QXV77579.1
QXV84192.1	QXV83851.1
QXV84192.1	QXV81012.1
QXV84192.1	QXV82852.1
QXV84192.1	QXV78017.1
QXV84194.1	QXV84194.1
QXV84194.1	QXV75662.1
QXV84194.1	QXV82854.1
QXV84194.1	QXV76682.1
QXV84195.1	QXV84195.1
QXV84206.1	QXV84206.1
QXV84206.1	QXV76695.1
QXV84206.1	QXV82868.1
QXV84207.1	QXV84207.1
QXV84211.1	QXV84211.1
QXV84211.1	QXV79920.1
QXV84212.1	QXV84212.1
QXV84213.1	QXV84213.1
QXV84213.1	QXV82875.1
QXV84213.1	QXV77826.1
QXV84214.1	QXV84214.1
QXV84214.1	QXV76703.1
QXV84215.1	QXV84215.1
QXV84216.1	QXV84216.1
QXV84217.1	QXV84217.1
QXV84217.1	QXV78043.1
QXV84217.1	QXV75687.1
QXV84217.1	QXV77605.1
QXV84217.1	QXV79926.1
QXV84217.1	QXV81260.1
QXV84217.1	QXV82661.1
QXV84217.1	QXV82879.1
QXV84217.1	QXV85650.1
QXV84217.1	QXV76706.1
QXV84217.1	QXV77830.1
QXV84217.1	QXV81037.1
QXV84220.1	QXV84220.1
QXV84229.1	QXV84229.1
QXV84229.1	QXV75699.1
QXV84229.1	QXV76718.1
QXV84229.1	QXV77617.1
QXV84229.1	QXV77842.1
QXV84229.1	QXV78055.1
QXV84229.1	QXV79938.1
QXV84229.1	QXV81049.1
QXV84229.1	QXV81272.1
QXV84229.1	QXV82673.1
QXV84229.1	QXV82891.1
QXV84229.1	QXV85662.1
QXV84229.1	QXV82601.1
QXV84229.1	QXV81203.1
QXV84229.1	QXV82820.1
QXV84229.1	QXV77548.1
QXV84229.1	QXV75630.1
QXV84229.1	QXV76647.1
QXV84229.1	QXV77773.1
QXV84229.1	QXV77985.1
QXV84229.1	QXV79868.1
QXV84229.1	QXV80980.1
QXV84229.1	QXV84160.1
QXV84229.1	QXV85593.1
QXV84229.1	QXV81265.1
QXV84229.1	QXV85655.1
QXV84229.1	QXV75692.1
QXV84229.1	QXV76711.1
QXV84229.1	QXV77610.1
QXV84229.1	QXV77835.1
QXV84229.1	QXV78048.1
QXV84229.1	QXV79931.1
QXV84229.1	QXV81042.1
QXV84229.1	QXV82666.1
QXV84229.1	QXV82884.1
QXV84229.1	QXV84222.1
QXV84230.1	QXV84230.1
QXV84238.1	QXV84238.1
QXV84244.1	QXV84244.1
QXV84244.1	QXV79952.1
QXV84246.1	QXV84246.1
QXV84251.1	QXV84251.1
QXV84251.1	QXV75721.1
QXV84251.1	QXV82913.1
QXV84251.1	QXV78077.1
QXV84251.1	QXV81071.1
QXV84251.1	QXV77849.1
QXV84251.1	QXV81294.1
QXV84251.1	QXV82688.1
QXV84251.1	QXV85684.1
QXV84251.1	QXV76740.1
QXV84251.1	QXV79959.1
QXV84251.1	QXV77639.1
QXV84258.1	QXV84258.1
QXV84297.1	QXV84297.1
QXV84300.1	QXV84300.1
QXV84309.1	QXV84309.1
QXV84325.1	QXV84325.1
QXV84325.1	QXV82364.1
QXV84325.1	QXV81944.1
QXV84325.1	QXV85444.1
QXV84326.1	QXV84326.1
QXV84326.1	QXV85445.1
QXV84326.1	QXV80204.1
QXV84326.1	QXV82289.1
QXV84326.1	QXV82365.1
QXV84327.1	QXV84327.1
QXV84327.1	QXV80205.1
QXV84327.1	QXV83331.1
QXV84335.1	QXV84335.1
QXV84337.1	QXV84337.1
QXV84337.1	QXV80214.1
QXV84337.1	QXV80046.1
QXV84337.1	YP_006951.1
QXV84337.1	QXV77237.1
QXV84337.1	QXV79639.1
QXV84337.1	QXV80386.1
QXV84337.1	QXV84588.1
QXV84337.1	QXV85102.1
QXV84337.1	QXV85273.1
QXV84338.1	QXV84338.1
QXV84344.1	QXV84344.1
QXV84344.1	QXV80054.1
QXV84344.1	QXV85281.1
QXV84347.1	QXV84347.1
QXV84347.1	QXV79648.1
QXV84347.1	QXV77248.1
QXV84347.1	QXV80056.1
QXV84347.1	QXV80223.1
QXV84347.1	QXV80395.1
QXV84347.1	QXV84597.1
QXV84347.1	QXV85111.1
QXV84347.1	QXV85283.1
QXV84347.1	YP_006942.1
QXV84347.1	AYD82805.1
QXV84347.1	AXN58247.1
QXV84347.1	NP_049826.1
QXV84347.1	QXV75051.1
QXV84347.1	QXV75323.1
QXV84347.1	QXV75900.1
QXV84347.1	QXV76258.1
QXV84347.1	QXV76890.1
QXV84347.1	QXV78488.1
QXV84347.1	QXV78756.1
QXV84347.1	QXV79035.1
QXV84347.1	QXV82028.1
QXV84347.1	QXV83077.1
QXV84347.1	QXV83413.1
QXV84347.1	QXV84783.1
QXV84347.1	QXV85883.1
QXV84355.1	QXV84355.1
QXV84355.1	QXV85119.1
QXV84355.1	QXV77259.1
QXV84355.1	QXV79656.1
QXV84355.1	QXV80064.1
QXV84355.1	QXV80232.1
QXV84355.1	QXV80403.1
QXV84355.1	QXV84606.1
QXV84355.1	QXV85291.1
QXV84355.1	YP_006933.1
QXV84355.1	NP_417665.1
QXV84356.1	QXV84356.1
QXV84356.1	QXV85123.1
QXV84357.1	QXV84357.1
QXV84358.1	QXV84358.1
QXV84363.1	QXV84363.1
QXV84368.1	QXV84368.1
QXV84370.1	QXV84370.1
QXV84370.1	QXV80422.1
QXV84372.1	QXV84372.1
QXV84372.1	QXV80250.1
QXV84374.1	QXV84374.1
QXV84376.1	QXV84376.1
QXV84376.1	QXV80087.1
QXV84381.1	QXV84381.1
QXV84382.1	QXV84382.1
QXV84389.1	QXV84389.1
QXV84391.1	QXV84391.1
QXV84392.1	QXV84392.1
QXV84394.1	QXV84394.1
QXV84395.1	QXV84395.1
QXV84396.1	QXV84396.1
QXV84397.1	QXV84397.1
QXV84397.1	QXV77299.1
QXV84397.1	QXV80106.1
QXV84397.1	QXV80454.1
QXV84397.1	QXV85339.1
QXV84397.1	QXV79722.1
QXV84397.1	QXV81759.1
QXV84397.1	QXV84550.1
QXV84397.1	QXV85588.1
QXV84397.1	QXV75625.1
QXV84397.1	QXV77980.1
QXV84397.1	QXV79863.1
QXV84397.1	XPK41874.1
QXV84397.1	XPK42666.1
QXV84397.1	XPK41894.1
QXV84397.1	XPK42275.1
QXV84397.1	XPK42045.1
QXV84397.1	XPK40243.1
QXV84397.1	XPK42739.1
QXV84397.1	XPK41907.1
QXV84397.1	YP_006892.1
QXV84397.1	QXV77302.1
QXV84397.1	QXV75808.1
QXV84397.1	QXV84601.1
QXV84397.1	YP_006889.1
QXV84397.1	QXV77304.1
QXV84397.1	QXV80281.1
QXV84413.1	QXV84413.1
QXV84413.1	QXV77326.1
QXV84413.1	YP_006866.1
QXV84420.1	QXV84420.1
QXV84423.1	QXV84423.1
QXV84424.1	QXV84424.1
QXV84426.1	QXV84426.1
QXV84427.1	QXV84427.1
QXV84432.1	QXV84432.1
QXV84434.1	QXV84434.1
QXV84436.1	QXV84436.1
QXV84437.1	QXV84437.1
QXV84439.1	QXV84439.1
QXV84439.1	QXV80336.1
QXV84441.1	QXV84441.1
QXV84444.1	QXV84444.1
QXV84445.1	QXV84445.1
QXV84451.1	QXV84451.1
QXV84455.1	QXV84455.1
QXV84457.1	QXV84457.1
QXV84458.1	QXV84458.1
QXV84458.1	QXV77373.1
QXV84467.1	QXV84467.1
QXV84467.1	QXV77119.1
QXV84467.1	QXV79271.1
QXV84468.1	QXV84468.1
QXV84468.1	QXV79520.1
QXV84468.1	QXV85430.1
QXV84481.1	QXV84481.1
QXV84483.1	QXV84483.1
QXV84483.1	QXV79287.1
QXV84483.1	QXV85763.1
QXV84484.1	QXV84484.1
QXV84487.1	QXV84487.1
QXV84488.1	QXV84488.1
QXV84489.1	QXV84489.1
QXV84492.1	QXV84492.1
QXV84492.1	QXV79544.1
QXV84492.1	QXV82374.1
QXV84492.1	QXV85449.1
QXV84492.1	QXV85770.1
QXV84494.1	QXV84494.1
QXV84498.1	QXV84498.1
QXV84498.1	QXV77139.1
QXV84498.1	QXV79290.1
QXV84498.1	QXV79551.1
QXV84498.1	QXV82380.1
QXV84498.1	QXV85455.1
QXV84498.1	QXV85777.1
QXV84498.1	NP_414940.1
QXV84499.1	QXV84499.1
QXV84499.1	QXV79552.1
QXV84499.1	QXV82381.1
QXV84499.1	QXV85456.1
QXV84500.1	QXV84500.1
QXV84500.1	QXV77140.1
QXV84500.1	QXV79292.1
QXV84500.1	QXV79553.1
QXV84500.1	QXV82382.1
QXV84500.1	QXV85457.1
QXV84500.1	QXV85779.1
QXV84500.1	NP_416658.1
QXV84513.1	QXV84513.1
QXV84513.1	QXV79566.1
QXV84513.1	QXV82395.1
QXV84513.1	QXV85472.1
QXV84513.1	QXV85794.1
QXV84513.1	QXV79308.1
QXV84513.1	QXV77155.1
QXV84513.1	XPK42818.1
QXV84513.1	YP_950522.1
QXV84513.1	QXV75802.1
QXV84520.1	QXV84520.1
QXV84520.1	QXV79573.1
QXV84520.1	QXV82402.1
QXV84520.1	QXV85478.1
QXV84520.1	QXV85802.1
QXV84520.1	QXV79314.1
QXV84520.1	QXV77161.1
QXV84520.1	QXV80208.1
QXV84520.1	QXV77231.1
QXV84520.1	QXV79632.1
QXV84520.1	QXV80038.1
QXV84520.1	QXV80379.1
QXV84520.1	QXV84331.1
QXV84520.1	QXV84582.1
QXV84520.1	QXV85095.1
QXV84520.1	QXV85266.1
QXV84520.1	YP_006957.1
QXV84523.1	QXV84523.1
QXV84526.1	QXV84526.1
QXV84529.1	QXV84529.1
QXV84529.1	QXV82411.1
QXV84532.1	QXV84532.1
QXV84535.1	QXV84535.1
QXV84535.1	QXV79589.1
QXV84535.1	QXV82416.1
QXV84535.1	QXV85817.1
QXV84536.1	QXV84536.1
QXV84538.1	QXV84538.1
QXV84540.1	QXV84540.1
QXV84540.1	QXV85823.1
QXV84541.1	QXV84541.1
QXV84541.1	QXV79595.1
QXV84541.1	QXV85824.1
QXV84541.1	QXV82423.1
QXV84541.1	QXV85497.1
QXV84543.1	QXV84543.1
QXV84544.1	QXV84544.1
QXV84555.1	QXV84555.1
QXV84556.1	QXV84556.1
QXV84577.1	QXV84577.1
QXV84578.1	QXV84578.1
QXV84579.1	QXV84579.1
QXV84579.1	QXV79629.1
QXV84579.1	QXV80376.1
QXV84579.1	QXV85092.1
QXV84586.1	QXV84586.1
QXV84602.1	QXV84602.1
QXV84602.1	QXV79652.1
QXV84602.1	QXV80399.1
QXV84602.1	QXV85115.1
QXV84608.1	QXV84608.1
QXV84608.1	QXV80405.1
QXV84608.1	QXV85293.1
QXV84608.1	QXV77261.1
QXV84624.1	QXV84624.1
QXV84627.1	QXV84627.1
QXV84628.1	QXV84628.1
QXV84628.1	QXV77280.1
QXV84628.1	QXV79677.1
QXV84628.1	QXV80084.1
QXV84628.1	QXV80426.1
QXV84628.1	QXV85143.1
QXV84628.1	QXV85314.1
QXV84628.1	QXV75976.1
QXV84628.1	AXN58053.1
QXV84628.1	AYD82608.1
QXV84628.1	NP_049629.1
QXV84628.1	QXV75120.1
QXV84628.1	QXV75400.1
QXV84628.1	QXV76336.1
QXV84628.1	QXV76957.1
QXV84628.1	QXV78564.1
QXV84628.1	QXV78835.1
QXV84628.1	QXV79114.1
QXV84628.1	QXV82105.1
QXV84628.1	QXV83154.1
QXV84628.1	QXV83489.1
QXV84628.1	QXV84862.1
QXV84628.1	QXV85961.1
QXV84628.1	QXV80251.1
QXV84628.1	QXV84373.1
QXV84628.1	YP_006915.1
QXV84629.1	QXV84629.1
QXV84635.1	QXV84635.1
QXV84636.1	QXV84636.1
QXV84641.1	QXV84641.1
QXV84644.1	QXV84644.1
QXV84645.1	QXV84645.1
QXV84645.1	QXV79698.1
QXV84647.1	QXV84647.1
QXV84647.1	QXV85168.1
QXV84650.1	QXV84650.1
QXV84652.1	QXV84652.1
QXV84652.1	QXV79706.1
QXV84653.1	QXV84653.1
QXV84656.1	QXV84656.1
QXV84659.1	QXV84659.1
QXV84659.1	QXV85176.1
QXV84659.1	QXV80283.1
QXV84659.1	QXV77306.1
QXV84659.1	QXV79714.1
QXV84659.1	QXV80112.1
QXV84659.1	YP_006887.1
QXV84659.1	QXV80464.1
QXV84663.1	QXV84663.1
QXV84664.1	QXV84664.1
QXV84671.1	QXV84671.1
QXV84671.1	QXV79726.1
QXV84671.1	QXV80474.1
QXV84671.1	YP_006878.1
QXV84671.1	QXV80293.1
QXV84671.1	QXV85360.1
QXV84671.1	XPK43495.1
QXV84686.1	QXV84686.1
QXV84686.1	QXV79742.1
QXV84686.1	QXV80490.1
QXV84687.1	QXV84687.1
QXV84689.1	QXV84689.1
QXV84692.1	QXV84692.1
QXV84696.1	QXV84696.1
QXV84697.1	QXV84697.1
QXV84698.1	QXV84698.1
QXV84698.1	QXV77341.1
QXV84698.1	QXV80148.1
QXV84698.1	QXV79753.1
QXV84698.1	QXV85212.1
QXV84698.1	QXV85386.1
QXV84700.1	QXV84700.1
QXV84704.1	QXV84704.1
QXV84705.1	QXV84705.1
QXV84707.1	QXV84707.1
QXV84709.1	QXV84709.1
QXV84710.1	QXV84710.1
QXV84710.1	QXV80157.1
QXV84711.1	QXV84711.1
QXV84714.1	QXV84714.1
QXV84720.1	QXV84720.1
QXV84721.1	QXV84721.1
QXV84726.1	QXV84726.1
QXV84726.1	QXV84450.1
QXV84726.1	QXV85413.1
QXV84729.1	QXV84729.1
QXV84730.1	QXV84730.1
QXV84731.1	QXV84731.1
QXV84731.1	QXV79781.1
QXV84732.1	QXV84732.1
QXV84733.1	QXV84733.1
QXV84735.1	QXV84735.1
QXV84737.1	QXV84737.1
QXV84737.1	QXV83368.1
QXV84737.1	AYD82763.1
QXV84737.1	NP_049775.1
QXV84737.1	QXV75006.1
QXV84737.1	QXV75277.1
QXV84737.1	QXV76210.1
QXV84737.1	QXV78990.1
QXV84737.1	QXV81982.1
QXV84737.1	AXN58198.1
QXV84737.1	QXV75855.1
QXV84737.1	QXV78442.1
QXV84737.1	QXV78709.1
QXV84737.1	QXV83032.1
QXV84737.1	QXV85838.1
QXV84752.1	QXV84752.1
QXV84752.1	NP_049793.1
QXV84752.1	QXV76225.1
QXV84752.1	QXV76860.1
QXV84752.1	QXV78456.1
QXV84757.1	QXV84757.1
QXV84757.1	AXN58221.1
QXV84757.1	AYD82780.1
QXV84757.1	QXV75026.1
QXV84757.1	QXV78462.1
QXV84757.1	QXV78730.1
QXV84757.1	QXV76232.1
QXV84757.1	QXV75297.1
QXV84757.1	QXV75874.1
QXV84757.1	QXV76865.1
QXV84757.1	QXV79009.1
QXV84757.1	QXV83387.1
QXV84757.1	QXV83051.1
QXV84757.1	NP_049798.1
QXV84757.1	QXV82002.1
QXV84757.1	QXV85857.1
QXV84770.1	QXV84770.1
QXV84780.1	QXV84780.1
QXV84792.1	QXV84792.1
QXV84792.1	QXV82037.1
QXV84792.1	AXN58255.1
QXV84792.1	QXV75061.1
QXV84792.1	QXV75332.1
QXV84792.1	QXV75910.1
QXV84792.1	QXV76267.1
QXV84808.1	QXV84808.1
QXV84808.1	QXV78513.1
QXV84808.1	QXV78782.1
QXV84808.1	QXV76282.1
QXV84808.1	QXV82054.1
QXV84808.1	AXN58272.1
QXV84808.1	QXV83102.1
QXV84814.1	QXV84814.1
QXV84814.1	NP_049855.1
QXV84817.1	QXV84817.1
QXV84817.1	QXV78520.1
QXV84826.1	QXV84826.1
QXV84827.1	QXV84827.1
QXV84827.1	AYD82843.1
QXV84827.1	QXV78800.1
QXV84827.1	QXV82071.1
QXV84827.1	AXN58288.1
QXV84827.1	QXV83119.1
QXV84827.1	QXV85925.1
QXV84827.1	QXV79077.1
QXV84827.1	QXV76928.1
QXV84827.1	QXV75090.1
QXV84827.1	QXV75942.1
QXV84827.1	QXV78530.1
QXV84827.1	QXV75365.1
QXV84828.1	QXV84828.1
QXV84834.1	QXV84834.1
QXV84834.1	AYD82851.1
QXV84834.1	NP_049875.1
QXV84834.1	QXV75097.1
QXV84834.1	QXV75372.1
QXV84834.1	QXV75948.1
QXV84834.1	QXV76307.1
QXV84834.1	QXV76934.1
QXV84834.1	QXV78537.1
QXV84834.1	QXV78807.1
QXV84834.1	QXV79084.1
QXV84834.1	QXV82078.1
QXV84834.1	QXV83127.1
QXV84834.1	QXV83460.1
QXV84834.1	QXV85934.1
QXV84837.1	QXV84837.1
QXV84840.1	QXV84840.1
QXV84840.1	QXV75378.1
QXV84847.1	QXV84847.1
QXV84847.1	QXV75961.1
QXV84863.1	QXV84863.1
QXV84865.1	QXV84865.1
QXV84873.1	QXV84873.1
QXV84874.1	QXV84874.1
QXV84876.1	QXV84876.1
QXV84877.1	QXV84877.1
QXV84881.1	QXV84881.1
QXV84885.1	QXV84885.1
QXV84895.1	QXV84895.1
QXV84898.1	QXV84898.1
QXV84898.1	AYD82643.1
QXV84900.1	QXV84900.1
QXV84904.1	QXV84904.1
QXV84904.1	AXN58091.1
QXV84904.1	AYD82648.1
QXV84904.1	NP_049666.1
QXV84904.1	QXV75163.1
QXV84904.1	QXV75441.1
QXV84904.1	QXV76017.1
QXV84904.1	QXV76377.1
QXV84904.1	QXV76997.1
QXV84904.1	QXV78605.1
QXV84904.1	QXV78877.1
QXV84904.1	QXV79155.1
QXV84904.1	QXV82145.1
QXV84904.1	QXV83194.1
QXV84904.1	QXV83530.1
QXV84904.1	QXV86002.1
QXV84905.1	QXV84905.1
XPK41997.1	XPK41997.1
XPK41997.1	XPK40309.1
XPK41997.1	XPK42707.1
XPK41997.1	XPK43086.1
XPK41997.1	XPK41589.1
XPK41997.1	XPK40205.1
XPK41997.1	XPK41875.1
XPK41997.1	XPK42265.1
XPK41997.1	XPK43290.1
XPK42002.1	XPK42002.1
XPK42020.1	XPK42020.1
XPK42020.1	XPK40225.1
XPK42020.1	XPK41609.1
XPK42031.1	XPK42031.1
XPK42032.1	XPK42032.1
XPK42040.1	XPK42040.1
XPK42041.1	XPK42041.1
XPK42043.1	XPK42043.1
XPK42048.1	XPK42048.1
XPK42048.1	XPK40257.1
XPK42048.1	XPK40385.1
XPK42048.1	XPK42325.1
XPK42048.1	XPK42776.1
XPK42048.1	XPK43364.1
XPK42051.1	XPK42051.1
XPK42051.1	XPK42307.1
XPK42053.1	XPK42053.1
XPK42057.1	XPK42057.1
XPK42060.1	XPK42060.1
XPK42067.1	XPK42067.1
XPK42069.1	XPK42069.1
XPK42072.1	XPK42072.1
XPK42073.1	XPK42073.1
XPK42082.1	XPK42082.1
XPK42083.1	XPK42083.1
XPK42084.1	XPK42084.1
XPK42087.1	XPK42087.1
XPK42091.1	XPK42091.1
XPK42099.1	XPK42099.1
XPK42108.1	XPK42108.1
XPK42108.1	XPK40987.1
XPK42118.1	XPK42118.1
XPK42118.1	XPK40485.1
XPK42118.1	XPK42620.1
XPK42118.1	XPK43706.1
XPK42124.1	XPK42124.1
XPK42126.1	XPK42126.1
XPK42129.1	XPK42129.1
XPK42130.1	XPK42130.1
XPK42132.1	XPK42132.1
XPK42132.1	XPK40500.1
XPK42132.1	XPK43721.1
XPK42135.1	XPK42135.1
XPK42135.1	XPK42504.1
XPK42135.1	XPK43724.1
XPK42135.1	XPK40503.1
XPK42135.1	XPK43223.1
XPK42135.1	QXV81908.1
XPK42135.1	XPK41013.1
XPK42135.1	XPK42638.1
XPK42135.1	XPK43002.1
XPK42135.1	XPK40580.1
XPK42135.1	XPK43520.1
XPK42136.1	XPK42136.1
XPK42139.1	XPK42139.1
XPK42148.1	XPK42148.1
XPK42151.1	XPK42151.1
XPK42153.1	XPK42153.1
XPK42157.1	XPK42157.1
XPK42238.1	XPK42238.1
XPK42238.1	XPK41563.1
XPK42238.1	XPK40177.1
XPK42238.1	XPK43049.1
XPK42238.1	XPK40275.1
XPK42238.1	XPK41838.1
XPK42238.1	QXV77133.1
XPK42238.1	QXV85032.1
XPK42238.1	QXV82991.1
XPK42238.1	XPK41674.1
XPK42238.1	XPK42675.1
XPK42247.1	XPK42247.1
XPK42247.1	XPK42684.1
XPK42249.1	XPK42249.1
XPK42249.1	XPK41574.1
XPK42252.1	XPK42252.1
XPK42254.1	XPK42254.1
XPK42255.1	XPK42255.1
XPK42255.1	XPK41862.1
XPK42255.1	XPK41580.1
XPK42258.1	XPK42258.1
XPK42260.1	XPK42260.1
XPK42260.1	XPK40200.1
XPK42260.1	XPK41585.1
XPK42260.1	XPK41868.1
XPK42260.1	XPK41990.1
XPK42260.1	XPK43077.1
XPK42262.1	XPK42262.1
XPK42262.1	XPK40202.1
XPK42263.1	XPK42263.1
XPK42264.1	XPK42264.1
XPK42264.1	XPK41588.1
XPK42269.1	XPK42269.1
XPK42273.1	XPK42273.1
XPK42273.1	XPK40322.1
XPK42273.1	XPK41598.1
XPK42273.1	XPK41883.1
XPK42273.1	XPK42006.1
XPK42273.1	XPK40214.1
XPK42273.1	XPK42719.1
XPK42273.1	XPK43097.1
XPK42273.1	XPK43302.1
XPK42279.1	XPK42279.1
XPK42286.1	XPK42286.1
XPK42286.1	XPK42018.1
XPK42286.1	QXV78263.1
XPK42294.1	XPK42294.1
XPK42294.1	XPK41615.1
XPK42294.1	XPK42026.1
XPK42294.1	XPK40231.1
XPK42294.1	XPK43116.1
XPK42294.1	XPK40341.1
XPK42294.1	XPK42737.1
XPK42294.1	XPK43321.1
XPK42294.1	XPK41905.1
XPK42297.1	XPK42297.1
XPK42297.1	XPK42741.1
XPK42297.1	XPK40344.1
XPK42297.1	XPK43119.1
XPK42297.1	XPK40234.1
XPK42297.1	XPK41618.1
XPK42297.1	XPK41909.1
XPK42297.1	XPK42029.1
XPK42297.1	XPK43324.1
XPK42300.1	XPK42300.1
XPK42300.1	XPK41621.1
XPK42302.1	XPK42302.1
XPK42302.1	XPK41623.1
XPK42302.1	XPK42036.1
XPK42302.1	XPK43126.1
XPK42302.1	XPK42055.1
XPK42304.1	XPK42304.1
XPK42306.1	XPK42306.1
XPK42306.1	QXV85496.1
XPK42306.1	XPK40244.1
XPK42306.1	XPK42049.1
XPK42306.1	XPK40506.1
XPK42306.1	QXV79327.1
XPK42306.1	QXV77177.1
XPK42306.1	XPK41925.1
XPK42306.1	XPK42507.1
XPK42306.1	XPK42138.1
XPK42306.1	XPK43137.1
XPK42306.1	XPK42757.1
XPK42306.1	XPK40361.1
XPK42306.1	XPK41628.1
XPK42306.1	XPK43341.1
XPK42309.1	XPK42309.1
XPK42312.1	XPK42312.1
XPK42312.1	XPK41633.1
XPK42314.1	XPK42314.1
XPK42317.1	XPK42317.1
XPK42318.1	XPK42318.1
XPK42324.1	XPK42324.1
XPK42324.1	XPK40256.1
XPK42326.1	XPK42326.1
XPK42327.1	XPK42327.1
XPK42327.1	XPK40259.1
XPK42327.1	XPK41647.1
XPK42332.1	XPK42332.1
XPK42332.1	XPK41109.1
XPK42332.1	XPK41370.1
XPK42332.1	XPK43556.1
XPK42335.1	XPK42335.1
XPK42335.1	XPK41373.1
XPK42349.1	XPK42349.1
XPK42349.1	XPK41126.1
XPK42349.1	XPK43573.1
XPK42349.1	QXV81705.1
XPK42349.1	XPK43527.1
XPK42349.1	XPK41122.1
XPK42349.1	XPK41383.1
XPK42349.1	XPK41387.1
XPK42349.1	XPK42345.1
XPK42349.1	XPK43569.1
XPK42349.1	XPK41766.1
XPK42349.1	NP_046783.1
XPK42349.1	XPK43574.1
XPK42349.1	XPK41127.1
XPK42349.1	XPK41388.1
XPK42349.1	XPK42350.1
XPK42349.1	QXV75566.1
XPK42349.1	QXV76581.1
XPK42349.1	QXV77482.1
XPK42349.1	QXV77709.1
XPK42349.1	QXV77917.1
XPK42349.1	QXV78144.1
XPK42349.1	QXV79802.1
XPK42349.1	QXV80915.1
XPK42349.1	QXV81138.1
XPK42349.1	QXV81361.1
XPK42349.1	QXV82536.1
XPK42349.1	QXV82756.1
XPK42349.1	QXV83750.1
XPK42349.1	QXV84094.1
XPK42349.1	QXV85526.1
XPK42349.1	XPK43575.1
XPK42349.1	XPK41128.1
XPK42349.1	XPK41389.1
XPK42349.1	XPK42351.1
XPK42358.1	XPK42358.1
XPK42358.1	XPK43582.1
XPK42358.1	XPK41396.1
XPK42358.1	XPK41135.1
XPK42361.1	XPK42361.1
XPK42366.1	XPK42366.1
XPK42366.1	XPK41143.1
XPK42366.1	XPK41404.1
XPK42373.1	XPK42373.1
XPK42373.1	XPK41150.1
XPK42373.1	XPK41411.1
XPK42373.1	XPK43597.1
XPK42384.1	XPK42384.1
XPK42386.1	XPK42386.1
XPK42389.1	XPK42389.1
XPK42391.1	XPK42391.1
XPK42394.1	XPK42394.1
XPK42394.1	XPK41170.1
XPK42394.1	XPK43617.1
XPK42403.1	XPK42403.1
XPK42407.1	XPK42407.1
XPK42407.1	XPK41447.1
XPK42407.1	XPK41183.1
XPK42407.1	XPK43629.1
XPK42409.1	XPK42409.1
XPK42409.1	XPK41449.1
XPK42412.1	XPK42412.1
XPK42412.1	XPK41451.1
XPK42412.1	XPK41188.1
XPK42412.1	XPK43635.1
XPK42414.1	XPK42414.1
XPK42414.1	XPK43637.1
XPK42414.1	XPK41453.1
XPK42415.1	XPK42415.1
XPK42418.1	XPK42418.1
XPK42419.1	XPK42419.1
XPK42420.1	XPK42420.1
XPK42421.1	XPK42421.1
XPK42421.1	XPK41196.1
XPK42421.1	XPK41461.1
XPK42423.1	XPK42423.1
XPK42424.1	XPK42424.1
XPK42424.1	XPK41199.1
XPK42426.1	XPK42426.1
XPK42426.1	XPK41201.1
XPK42427.1	XPK42427.1
XPK42429.1	XPK42429.1
XPK42429.1	XPK41204.1
XPK42429.1	XPK41469.1
XPK42429.1	XPK43651.1
XPK42430.1	XPK42430.1
XPK42431.1	XPK42431.1
XPK42432.1	XPK42432.1
XPK42432.1	XPK41206.1
XPK42432.1	XPK41472.1
XPK42432.1	XPK43653.1
XPK42434.1	XPK42434.1
XPK42434.1	XPK41474.1
XPK42435.1	XPK42435.1
XPK42439.1	XPK42439.1
XPK42449.1	XPK42449.1
XPK42450.1	XPK42450.1
XPK42451.1	XPK42451.1
XPK42454.1	XPK42454.1
XPK42459.1	XPK42459.1
XPK42467.1	XPK42467.1
XPK42476.1	XPK42476.1
XPK42481.1	XPK42481.1
XPK42490.1	XPK42490.1
XPK42490.1	XPK41003.1
XPK42491.1	XPK42491.1
XPK42494.1	XPK42494.1
XPK42498.1	XPK42498.1
XPK42499.1	XPK42499.1
XPK42502.1	XPK42502.1
XPK42509.1	XPK42509.1
XPK42509.1	XPK43229.1
XPK42509.1	XPK40508.1
XPK42509.1	XPK41018.1
XPK42509.1	XPK42141.1
XPK42509.1	XPK42643.1
XPK42509.1	XPK43729.1
XPK42516.1	XPK42516.1
XPK42518.1	XPK42518.1
XPK42518.1	XPK40516.1
XPK42518.1	XPK42150.1
XPK42518.1	QXV79947.1
XPK42518.1	QXV75709.1
XPK42518.1	QXV76728.1
XPK42518.1	QXV77627.1
XPK42518.1	QXV78065.1
XPK42518.1	QXV81059.1
XPK42518.1	QXV81282.1
XPK42518.1	QXV82901.1
XPK42518.1	QXV84239.1
XPK42518.1	QXV85672.1
XPK42519.1	XPK42519.1
XPK42520.1	XPK42520.1
XPK42521.1	XPK42521.1
XPK42525.1	XPK42525.1
XPK42526.1	XPK42526.1
XPK42526.1	NP_042006.1
XPK42528.1	XPK42528.1
XPK42530.1	XPK42530.1
XPK42532.1	XPK42532.1
XPK42533.1	XPK42533.1
XPK42535.1	XPK42535.1
XPK42540.1	XPK42540.1
XPK42540.1	NP_041963.1
XPK42540.1	QXV80640.1
XPK42540.1	QXV76811.1
XPK42540.1	QXV78409.1
XPK42540.1	QXV80865.1
XPK42540.1	XPK40404.1
XPK42540.1	XPK40915.1
XPK42540.1	XPK40867.1
XPK42540.1	QXV77156.1
XPK42540.1	QXV79309.1
XPK42540.1	QXV84514.1
XPK42540.1	QXV79567.1
XPK42540.1	QXV82396.1
XPK42540.1	QXV85473.1
XPK42540.1	QXV85795.1
XPK42540.1	XPK42363.1
XPK42540.1	XPK41140.1
XPK42540.1	XPK41401.1
XPK42540.1	XPK43587.1
XPK42540.1	YP_006944.1
XPK42540.1	QXV77245.1
XPK42540.1	QXV79645.1
XPK42540.1	QXV80053.1
XPK42540.1	QXV80220.1
XPK42540.1	QXV80392.1
XPK42540.1	QXV84343.1
XPK42540.1	QXV84594.1
XPK42540.1	QXV85108.1
XPK42540.1	QXV85279.1
XPK42542.1	XPK42542.1
XPK42543.1	XPK42543.1
XPK42543.1	QXV76812.1
XPK42543.1	NP_041966.1
XPK42543.1	QXV80869.1
XPK42543.1	QXV80644.1
XPK42543.1	XPK40919.1
XPK42544.1	XPK42544.1
XPK42545.1	XPK42545.1
XPK42559.1	XPK42559.1
XPK42559.1	QXV80659.1
XPK42561.1	XPK42561.1
NP_416621.1	NP_416621.1
NP_416623.2	NP_416623.2
NP_416623.2	NP_415617.1
NP_416623.2	AYD82647.1
NP_416623.2	AXN58090.1
NP_416623.2	NP_049665.1
NP_416623.2	QXV75162.1
NP_416623.2	QXV75440.1
NP_416623.2	QXV76016.1
NP_416623.2	QXV76376.1
NP_416623.2	QXV76996.1
NP_416623.2	QXV78604.1
NP_416623.2	QXV78876.1
NP_416623.2	QXV79154.1
NP_416623.2	QXV82144.1
NP_416623.2	QXV83193.1
NP_416623.2	QXV83529.1
NP_416623.2	QXV84903.1
NP_416623.2	QXV86001.1
NP_416623.2	NP_415173.1
NP_416623.2	NP_416374.1
NP_416623.2	NP_415819.4
NP_416623.2	NP_417699.1
NP_416623.2	XPK42845.1
NP_416623.2	QXV75825.1
NP_416623.2	YP_950502.1
NP_416623.2	QXV82803.1
NP_416623.2	QXV75612.1
NP_416623.2	QXV76629.1
NP_416623.2	QXV77530.1
NP_416623.2	QXV77756.1
NP_416623.2	QXV77965.1
NP_416623.2	QXV79849.1
NP_416623.2	QXV80962.1
NP_416623.2	QXV81185.1
NP_416623.2	QXV82583.1
NP_416623.2	QXV84142.1
NP_416623.2	QXV85573.1
NP_416623.2	YP_010051217.1
NP_416624.1	NP_416624.1
NP_416628.1	NP_416628.1
NP_416629.4	NP_416629.4
NP_416629.4	NP_416882.1
NP_416631.1	NP_416631.1
NP_416631.1	NP_415680.1
NP_416636.1	NP_416636.1
NP_416638.4	NP_416638.4
NP_416638.4	NP_415018.1
NP_416638.4	NP_416041.1
NP_416639.2	NP_416639.2
NP_416640.2	NP_416640.2
NP_416640.2	NP_417566.1
NP_416640.2	NP_416820.1
NP_416640.2	NP_417482.1
NP_416640.2	NP_416266.1
NP_416640.2	NP_416264.4
NP_416646.1	NP_416646.1
NP_416647.1	NP_416647.1
NP_416648.1	NP_416648.1
NP_416650.1	NP_416650.1
NP_416651.1	NP_416651.1
NP_416651.1	NP_417680.1
NP_416652.4	NP_416652.4
NP_416670.1	NP_416670.1
NP_416672.1	NP_416672.1
NP_416672.1	NP_418335.4
NP_416674.1	NP_416674.1
NP_416690.1	NP_416690.1
NP_416691.1	NP_416691.1
NP_416692.1	NP_416692.1
NP_416693.1	NP_416693.1
NP_416693.1	NP_417641.4
NP_416693.1	NP_415336.1
NP_416693.1	NP_417995.1
NP_416693.1	NP_418390.1
NP_416693.1	NP_418002.2
NP_416693.1	NP_418538.2
NP_416699.1	NP_416699.1
NP_416701.1	NP_416701.1
NP_416701.1	NP_417963.4
NP_416701.1	NP_416320.1
NP_416702.1	NP_416702.1
NP_416704.1	NP_416704.1
NP_416704.1	NP_414670.1
NP_416704.1	NP_415265.1
NP_416704.1	NP_417479.1
NP_416705.2	NP_416705.2
NP_416706.1	NP_416706.1
NP_416707.4	NP_416707.4
NP_416708.1	NP_416708.1
NP_416712.1	NP_416712.1
NP_416716.1	NP_416716.1
NP_416717.1	NP_416717.1
NP_416718.1	NP_416718.1
NP_416725.1	NP_416725.1
NP_416831.1	NP_416831.1
NP_416832.1	NP_416832.1
NP_416834.1	NP_416834.1
NP_416834.1	NP_415856.1
NP_416835.2	NP_416835.2
NP_416842.1	NP_416842.1
NP_416843.1	NP_416843.1
NP_416843.1	NP_418288.1
NP_416847.1	NP_416847.1
NP_416847.1	YP_026285.1
NP_416848.1	NP_416848.1
NP_416851.1	NP_416851.1
NP_416858.1	NP_416858.1
NP_416858.1	NP_418599.1
NP_416858.1	NP_417026.1
NP_416858.1	XPK43491.1
NP_416858.1	XPK40552.1
NP_416858.1	XPK40643.1
NP_416858.1	XPK43396.1
NP_416860.4	NP_416860.4
NP_416861.1	NP_416861.1
NP_416861.1	NP_417061.1
NP_416862.2	NP_416862.2
NP_416864.1	NP_416864.1
NP_416869.1	NP_416869.1
NP_416869.1	NP_417170.1
NP_416869.1	NP_417708.1
NP_416869.1	NP_416161.4
NP_416869.1	NP_417944.1
NP_416869.1	NP_418054.1
NP_416869.1	NP_418043.1
NP_416869.1	NP_418506.1
NP_416869.1	NP_415316.1
NP_416871.1	NP_416871.1
NP_416872.4	NP_416872.4
NP_416872.4	NP_414580.1
NP_416872.4	NP_416875.1
NP_416873.1	NP_416873.1
NP_416873.1	NP_416663.1
NP_416873.1	NP_418345.2
NP_416873.1	NP_415243.4
NP_416876.1	NP_416876.1
NP_416877.1	NP_416877.1
NP_416878.1	NP_416878.1
NP_416885.1	NP_416885.1
NP_416885.1	NP_415645.1
NP_416885.1	NP_416774.2
NP_416885.1	NP_418334.1
NP_416885.1	NP_418725.4
NP_416885.1	NP_418392.1
NP_416885.1	NP_416967.1
NP_416885.1	NP_417233.1
NP_416885.1	NP_417348.1
NP_416891.1	NP_416891.1
NP_416896.4	NP_416896.4
NP_416896.4	NP_416998.1
NP_416897.2	NP_416897.2
NP_416897.2	NP_416898.3
NP_416903.1	NP_416903.1
NP_416903.1	NP_414945.1
NP_416903.1	NP_415097.1
NP_416903.1	NP_415772.1
NP_416903.1	NP_416236.1
NP_416903.1	NP_418731.2
NP_416903.1	YP_007112560.1
NP_416903.1	NP_040601.1
NP_416903.1	NP_414892.1
NP_416903.1	NP_415835.1
NP_416903.1	NP_418004.4
NP_416903.1	NP_418041.1
NP_416903.1	NP_416296.1
NP_416903.1	NP_418265.1
NP_416903.1	NP_418311.1
NP_416908.1	NP_416908.1
NP_416910.1	NP_416910.1
NP_416910.1	NP_417673.1
NP_416911.1	NP_416911.1
NP_416911.1	NP_415542.1
NP_416911.1	NP_418588.1
NP_416911.1	NP_415779.1
NP_416912.1	NP_416912.1
NP_416914.1	NP_416914.1
NP_416915.1	NP_416915.1
NP_416923.1	NP_416923.1
NP_416925.2	NP_416925.2
NP_416925.2	NP_414910.1
NP_416925.2	NP_418574.1
NP_416926.4	NP_416926.4
NP_416927.1	NP_416927.1
NP_416928.4	NP_416928.4
NP_416931.1	NP_416931.1
NP_416933.4	NP_416933.4
NP_416934.1	NP_416934.1
NP_416935.1	NP_416935.1
QXV75113.1	QXV75113.1
QXV75113.1	AXN58047.1
QXV75113.1	AYD82603.1
QXV75113.1	QXV75393.1
QXV75113.1	QXV75969.1
QXV75113.1	QXV76329.1
QXV75113.1	QXV76950.1
QXV75113.1	QXV78557.1
QXV75113.1	QXV78828.1
QXV75113.1	QXV79106.1
QXV75113.1	QXV82098.1
QXV75113.1	QXV83148.1
QXV75113.1	QXV83482.1
QXV75113.1	QXV84855.1
QXV75113.1	QXV85954.1
QXV75116.1	QXV75116.1
QXV75116.1	QXV82104.1
QXV75116.1	QXV83153.1
QXV75116.1	QXV75399.1
QXV75116.1	QXV76335.1
QXV75116.1	QXV78563.1
QXV75116.1	NP_049628.1
QXV75116.1	QXV75975.1
QXV75116.1	AXN58052.1
QXV75116.1	QXV84861.1
QXV75116.1	QXV76953.1
QXV75116.1	QXV79113.1
QXV75116.1	QXV83488.1
QXV75116.1	QXV78834.1
QXV75117.1	QXV75117.1
QXV75117.1	QXV75118.1
QXV75117.1	NP_049626.1
QXV75117.1	QXV75397.1
QXV75117.1	AXN58050.1
QXV75117.1	AYD82607.1
QXV75117.1	QXV75973.1
QXV75117.1	QXV76333.1
QXV75117.1	QXV78561.1
QXV75117.1	QXV78832.1
QXV75117.1	QXV82102.1
QXV75117.1	QXV83151.1
QXV75117.1	QXV83486.1
QXV75117.1	QXV84859.1
QXV75117.1	QXV75974.1
QXV75117.1	QXV76334.1
QXV75117.1	QXV78833.1
QXV75117.1	QXV76955.1
QXV75117.1	QXV79110.1
QXV75117.1	QXV76954.1
QXV75117.1	QXV79111.1
QXV75117.1	QXV85957.1
QXV75117.1	QXV76956.1
QXV75117.1	QXV75119.1
QXV75117.1	QXV83487.1
QXV75117.1	QXV75398.1
QXV75117.1	QXV84860.1
QXV75117.1	QXV78562.1
QXV75117.1	QXV82103.1
QXV75117.1	QXV79112.1
QXV75126.1	QXV75126.1
QXV75128.1	QXV75128.1
QXV75133.1	QXV75133.1
QXV75138.1	QXV75138.1
QXV75138.1	QXV76973.1
QXV75143.1	QXV75143.1
QXV75151.1	QXV75151.1
QXV75151.1	QXV76985.1
QXV75151.1	QXV75110.1
QXV75151.1	QXV76947.1
QXV75151.1	NP_416548.1
QXV75151.1	NP_416538.1
QXV75151.1	NP_417887.1
QXV75151.1	NP_418085.2
QXV75151.1	YP_006544.1
QXV75151.1	NP_418077.1
QXV75151.1	NP_414724.1
QXV75151.1	NP_418078.1
QXV75151.1	NP_418080.1
QXV75151.1	NP_418089.1
QXV75153.1	QXV75153.1
QXV75154.1	QXV75154.1
QXV75154.1	QXV76988.1
QXV75170.1	QXV75170.1
QXV75175.1	QXV75175.1
QXV75186.1	QXV75186.1
QXV75187.1	QXV75187.1
QXV75192.1	QXV75192.1
QXV75196.1	QXV75196.1
QXV75196.1	QXV77030.1
QXV75196.1	QXV76059.1
QXV75196.1	AXN58129.1
QXV75196.1	NP_049705.1
QXV75196.1	QXV75481.1
QXV75196.1	QXV78643.1
QXV75196.1	QXV78918.1
QXV75196.1	QXV82183.1
QXV75196.1	QXV83235.1
QXV75196.1	QXV83572.1
QXV75196.1	QXV86041.1
QXV75196.1	QXV79195.1
QXV75196.1	QXV76415.1
QXV75196.1	NP_415640.2
QXV75204.1	QXV75204.1
QXV75208.1	QXV75208.1
QXV75209.1	QXV75209.1
QXV75213.1	QXV75213.1
QXV75213.1	AXN58147.1
QXV75213.1	NP_049718.1
QXV75213.1	QXV75497.1
QXV75213.1	QXV76076.1
QXV75213.1	QXV76430.1
QXV75213.1	QXV77047.1
QXV75213.1	QXV78658.1
QXV75213.1	QXV78936.1
QXV75213.1	QXV79214.1
QXV75213.1	QXV82198.1
QXV75213.1	QXV83250.1
QXV75213.1	QXV83587.1
QXV75213.1	QXV84951.1
QXV75213.1	QXV86061.1
QXV75213.1	AYD82706.1
QXV75215.1	QXV75215.1
QXV75215.1	QXV75499.1
QXV75215.1	QXV77049.1
QXV75215.1	QXV78660.1
QXV75215.1	QXV79216.1
QXV75215.1	QXV83590.1
QXV75221.1	QXV75221.1
QXV75223.1	QXV75223.1
QXV75227.1	QXV75227.1
QXV75228.1	QXV75228.1
QXV75228.1	QXV77061.1
QXV75228.1	QXV78673.1
QXV75228.1	QXV78953.1
QXV75228.1	QXV79231.1
QXV75228.1	QXV83605.1
QXV75229.1	QXV75229.1
QXV75231.1	QXV75231.1
QXV75239.1	QXV75239.1
QXV75240.1	QXV75240.1
QXV75253.1	QXV75253.1
QXV75253.1	QXV77089.1
QXV75253.1	QXV78966.1
QXV75253.1	QXV76459.1
QXV75253.1	QXV79242.1
QXV75253.1	QXV78685.1
QXV75253.1	QXV76107.1
QXV75253.1	QXV83622.1
QXV75253.1	AXN58169.1
QXV75253.1	NP_049747.1
QXV75253.1	QXV75526.1
QXV75253.1	QXV84982.1
QXV75253.1	QXV83279.1
QXV75253.1	QXV82229.1
QXV75253.1	QXV86090.1
QXV75255.1	QXV75255.1
QXV75255.1	NP_049749.1
QXV75255.1	QXV75529.1
QXV75255.1	QXV79244.1
QXV75255.1	QXV77091.1
QXV75255.1	QXV78687.1
QXV75267.1	QXV75267.1
QXV75267.1	NP_049765.1
QXV75267.1	QXV77104.1
QXV75267.1	QXV78699.1
QXV75267.1	QXV78980.1
QXV75267.1	QXV84998.1
QXV75267.1	AYD82753.1
QXV75267.1	QXV86105.1
QXV75267.1	QXV83294.1
QXV75267.1	QXV83636.1
QXV75270.1	QXV75270.1
QXV75270.1	QXV77107.1
QXV75270.1	QXV76476.1
QXV75270.1	QXV82247.1
QXV75270.1	QXV83297.1
QXV75270.1	QXV86108.1
QXV75270.1	QXV76125.1
QXV75270.1	AXN58190.1
QXV75270.1	AYD82756.1
QXV75270.1	NP_049768.1
QXV75270.1	QXV75545.1
QXV75270.1	QXV78702.1
QXV75270.1	QXV78983.1
QXV75270.1	QXV79259.1
QXV75270.1	QXV83639.1
QXV75270.1	QXV85001.1
QXV75315.1	QXV75315.1
QXV75315.1	AXN58239.1
QXV75315.1	NP_049818.1
QXV75315.1	QXV75892.1
QXV75315.1	QXV76250.1
QXV75315.1	QXV78748.1
QXV75315.1	QXV79027.1
QXV75315.1	QXV82020.1
QXV75315.1	QXV83069.1
QXV75315.1	QXV84775.1
QXV75315.1	QXV85875.1
QXV75315.1	QXV75043.1
QXV75315.1	QXV78480.1
QXV75315.1	QXV83405.1
QXV75315.1	QXV76882.1
QXV75325.1	QXV75325.1
QXV75325.1	AXN58249.1
QXV75325.1	AYD82807.1
QXV75325.1	NP_049828.1
QXV75325.1	QXV75052.1
QXV75325.1	QXV75902.1
QXV75325.1	QXV76260.1
QXV75325.1	QXV76891.1
QXV75325.1	QXV78490.1
QXV75325.1	QXV78758.1
QXV75325.1	QXV79037.1
QXV75325.1	QXV82030.1
QXV75325.1	QXV83079.1
QXV75325.1	QXV83415.1
QXV75325.1	QXV84785.1
QXV75325.1	QXV85885.1
QXV75335.1	QXV75335.1
QXV75342.1	QXV75342.1
QXV75342.1	AYD82821.1
QXV75342.1	QXV75919.1
QXV75342.1	QXV76276.1
QXV75342.1	QXV78507.1
QXV75342.1	QXV78776.1
QXV75342.1	QXV79054.1
QXV75342.1	QXV83096.1
QXV75342.1	QXV84802.1
QXV75342.1	QXV85903.1
QXV75342.1	AXN58265.1
QXV75342.1	NP_049846.1
QXV75366.1	QXV75366.1
QXV75373.1	QXV75373.1
QXV75375.1	QXV75375.1
QXV75382.1	QXV75382.1
QXV75403.1	QXV75403.1
QXV75413.1	QXV75413.1
QXV75413.1	QXV75989.1
QXV75413.1	QXV83167.1
QXV75422.1	QXV75422.1
QXV75435.1	QXV75435.1
QXV75435.1	QXV85996.1
QXV75435.1	QXV76011.1
QXV75435.1	QXV76371.1
QXV75435.1	QXV78599.1
QXV75435.1	QXV78871.1
QXV75435.1	QXV79150.1
QXV75435.1	QXV82140.1
QXV75435.1	QXV83524.1
QXV75435.1	QXV83189.1
QXV75448.1	QXV75448.1
QXV75459.1	QXV75459.1
QXV75459.1	AXN58108.1
QXV75459.1	QXV75180.1
QXV75459.1	QXV78623.1
QXV75459.1	QXV84923.1
QXV75459.1	QXV86020.1
QXV75470.1	QXV75470.1
QXV75470.1	AYD82676.1
QXV75470.1	AXN58119.1
QXV75473.1	QXV75473.1
QXV75473.1	AXN58121.1
QXV75473.1	AYD82679.1
QXV75473.1	QXV76051.1
QXV75473.1	QXV76407.1
QXV75473.1	QXV78635.1
QXV75473.1	QXV78910.1
QXV75473.1	QXV79187.1
QXV75473.1	QXV82175.1
QXV75473.1	QXV83227.1
QXV75473.1	QXV83564.1
QXV75473.1	QXV84937.1
QXV75473.1	QXV86033.1
QXV75478.1	QXV75478.1
QXV75503.1	QXV75503.1
QXV75503.1	AXN58154.1
QXV75503.1	AYD82713.1
QXV75503.1	NP_049723.1
QXV75503.1	QXV75217.1
QXV75503.1	QXV76082.1
QXV75503.1	QXV76436.1
QXV75503.1	QXV77050.1
QXV75503.1	QXV78662.1
QXV75503.1	QXV78942.1
QXV75503.1	QXV79220.1
QXV75503.1	QXV82204.1
QXV75503.1	QXV83256.1
QXV75503.1	QXV83594.1
QXV75503.1	QXV84958.1
QXV75503.1	QXV86067.1
QXV75503.1	QXV75640.1
QXV75503.1	QXV76657.1
QXV75503.1	QXV77559.1
QXV75503.1	QXV77783.1
QXV75503.1	QXV77996.1
QXV75503.1	QXV79879.1
QXV75503.1	QXV80990.1
QXV75503.1	QXV81213.1
QXV75503.1	QXV82612.1
QXV75503.1	QXV82830.1
QXV75503.1	QXV84170.1
QXV75503.1	QXV85604.1
QXV75503.1	NP_415563.1
QXV75507.1	QXV75507.1
QXV75523.1	QXV75523.1
QXV75523.1	AYD82733.1
QXV75523.1	QXV83277.1
QXV75523.1	QXV76103.1
QXV75523.1	QXV77086.1
QXV75523.1	QXV75250.1
QXV75523.1	QXV86088.1
QXV75523.1	QXV78683.1
QXV75523.1	QXV78964.1
QXV75523.1	QXV82226.1
QXV75523.1	QXV84978.1
QXV75530.1	QXV75530.1
QXV75530.1	AXN58173.1
QXV75530.1	AYD82740.1
QXV75530.1	NP_049750.1
QXV75530.1	QXV75256.1
QXV75530.1	QXV76111.1
QXV75530.1	QXV76462.1
QXV75530.1	QXV77092.1
QXV75530.1	QXV78688.1
QXV75530.1	QXV78969.1
QXV75530.1	QXV79245.1
QXV75530.1	QXV82233.1
QXV75530.1	QXV83283.1
QXV75530.1	QXV83625.1
QXV75530.1	QXV86094.1
QXV75530.1	NP_414689.4
QXV75550.1	QXV75550.1
QXV75550.1	AXN58196.1
QXV75550.1	AYD82761.1
QXV75550.1	NP_049773.1
QXV75550.1	QXV75275.1
QXV75550.1	QXV76130.1
QXV75550.1	QXV76481.1
QXV75550.1	QXV77112.1
QXV75550.1	QXV78707.1
QXV75550.1	QXV78988.1
QXV75550.1	QXV79264.1
QXV75550.1	QXV82252.1
QXV75550.1	QXV83302.1
QXV75550.1	QXV83644.1
QXV75550.1	QXV85006.1
QXV75550.1	QXV86113.1
QXV75556.1	QXV75556.1
QXV75556.1	QXV76571.1
QXV75556.1	QXV77472.1
QXV75556.1	QXV77699.1
QXV75556.1	QXV77907.1
QXV75556.1	QXV79792.1
QXV75556.1	QXV80905.1
QXV75556.1	QXV81128.1
QXV75556.1	QXV82526.1
QXV75556.1	QXV82746.1
QXV75556.1	QXV84084.1
QXV75556.1	QXV85516.1
QXV75558.1	QXV75558.1
QXV75558.1	QXV76573.1
QXV75558.1	QXV77474.1
QXV75558.1	QXV77909.1
QXV75558.1	QXV80907.1
QXV75558.1	QXV81130.1
QXV75558.1	QXV82528.1
QXV75558.1	QXV84086.1
QXV75558.1	QXV85518.1
QXV75558.1	QXV83742.1
QXV75558.1	QXV77701.1
QXV75558.1	QXV81353.1
QXV75558.1	QXV78136.1
QXV75558.1	QXV82748.1
QXV75558.1	QXV79794.1
QXV75561.1	QXV75561.1
QXV75561.1	QXV76576.1
QXV75561.1	QXV77912.1
QXV75561.1	QXV79797.1
QXV75561.1	QXV81133.1
QXV75561.1	QXV82531.1
QXV75561.1	QXV85521.1
QXV75561.1	QXV77477.1
QXV75561.1	QXV80910.1
QXV75561.1	QXV77704.1
QXV75561.1	QXV82751.1
QXV75561.1	QXV84089.1
QXV75563.1	QXV75563.1
QXV75563.1	QXV76578.1
QXV75563.1	QXV77479.1
QXV75563.1	QXV77706.1
QXV75563.1	QXV77914.1
QXV75563.1	QXV79799.1
QXV75563.1	QXV80912.1
QXV75563.1	QXV81135.1
QXV75563.1	QXV82533.1
QXV75563.1	QXV82753.1
QXV75563.1	QXV84091.1
QXV75563.1	QXV85523.1
QXV75567.1	QXV75567.1
QXV75567.1	QXV76582.1
QXV75567.1	QXV77483.1
QXV75567.1	QXV77710.1
QXV75567.1	QXV77918.1
QXV75567.1	QXV79803.1
QXV75567.1	QXV80916.1
QXV75567.1	QXV81139.1
QXV75567.1	QXV82537.1
QXV75567.1	QXV82757.1
QXV75567.1	QXV84095.1
QXV75567.1	QXV85527.1
QXV75567.1	QXV81706.1
QXV75567.1	XPK41393.1
QXV75567.1	QXV78145.1
QXV75567.1	QXV81362.1
QXV75567.1	QXV83751.1
QXV75578.1	QXV75578.1
QXV75578.1	QXV76594.1
QXV75578.1	QXV77129.1
QXV75578.1	QXV77494.1
QXV75578.1	QXV77721.1
QXV75578.1	QXV77930.1
QXV75578.1	QXV79281.1
QXV75578.1	QXV79529.1
QXV75578.1	QXV79814.1
QXV75578.1	QXV80928.1
QXV75578.1	QXV81150.1
QXV75578.1	QXV82359.1
QXV75578.1	QXV82548.1
QXV75578.1	QXV82768.1
QXV75578.1	QXV84106.1
QXV75578.1	QXV84477.1
QXV75578.1	QXV85439.1
QXV75578.1	QXV85538.1
QXV75578.1	QXV85757.1
QXV75578.1	QXV84572.1
QXV75578.1	QXV77222.1
QXV75578.1	QXV79623.1
QXV75578.1	QXV80030.1
QXV75578.1	QXV80199.1
QXV75578.1	QXV80369.1
QXV75578.1	QXV84321.1
QXV75578.1	QXV85086.1
QXV75578.1	QXV85258.1
QXV75578.1	YP_006967.1
QXV75583.1	QXV75583.1
QXV75583.1	QXV76599.1
QXV75583.1	QXV77499.1
QXV75583.1	QXV77726.1
QXV75583.1	QXV77935.1
QXV75583.1	QXV79819.1
QXV75583.1	QXV80933.1
QXV75583.1	QXV81155.1
QXV75583.1	QXV82553.1
QXV75583.1	QXV82773.1
QXV75583.1	QXV84111.1
QXV75583.1	QXV85543.1
QXV75583.1	QXV81375.1
QXV75583.1	QXV78158.1
QXV75583.1	QXV83766.1
QXV75583.1	QXV81715.1
QXV75586.1	QXV75586.1
QXV75586.1	QXV76602.1
QXV75586.1	QXV77502.1
QXV75586.1	QXV77729.1
QXV75586.1	QXV77938.1
QXV75586.1	QXV79822.1
QXV75586.1	QXV80936.1
QXV75586.1	QXV81158.1
QXV75586.1	QXV82556.1
QXV75586.1	QXV82776.1
QXV75586.1	QXV84114.1
QXV75586.1	QXV85546.1
QXV75586.1	NP_416064.1
QXV75586.1	NP_040605.1
QXV75586.1	NP_415891.1
QXV75586.1	YP_007112561.1
QXV75586.1	QXV83768.1
QXV75586.1	QXV78160.1
QXV75586.1	QXV81377.1
QXV75586.1	XPK40953.1
QXV75586.1	YP_006501.1
QXV75586.1	NP_046776.1
QXV75586.1	YP_006500.1
QXV75588.1	QXV75588.1
QXV75588.1	QXV75585.1
QXV75588.1	QXV76601.1
QXV75588.1	QXV77501.1
QXV75588.1	QXV77728.1
QXV75588.1	QXV79821.1
QXV75588.1	QXV80935.1
QXV75588.1	QXV81157.1
QXV75588.1	QXV82555.1
QXV75588.1	QXV84113.1
QXV75588.1	QXV85545.1
QXV75588.1	QXV76604.1
QXV75588.1	QXV77504.1
QXV75588.1	QXV77731.1
QXV75588.1	QXV77937.1
QXV75588.1	QXV77940.1
QXV75588.1	QXV79824.1
QXV75588.1	QXV80938.1
QXV75588.1	QXV81160.1
QXV75588.1	QXV82558.1
QXV75588.1	QXV82775.1
QXV75588.1	QXV82778.1
QXV75588.1	QXV84116.1
QXV75588.1	QXV85548.1
QXV75589.1	QXV75589.1
QXV75594.1	QXV75594.1
QXV75594.1	QXV76610.1
QXV75594.1	QXV77511.1
QXV75594.1	QXV80944.1
QXV75594.1	QXV82565.1
QXV75594.1	QXV77946.1
QXV75594.1	QXV77737.1
QXV75594.1	QXV82784.1
QXV75594.1	QXV84123.1
QXV75820.1	QXV75820.1
QXV75824.1	QXV75824.1
QXV75831.1	QXV75831.1
QXV75833.1	QXV75833.1
QXV75833.1	XPK42851.1
QXV75833.1	YP_950494.1
QXV75834.1	QXV75834.1
QXV75834.1	XPK42853.1
QXV75834.1	YP_950493.1
QXV75838.1	QXV75838.1
QXV75838.1	XPK42856.1
QXV75838.1	YP_950489.1
QXV75840.1	QXV75840.1
QXV75842.1	QXV75842.1
QXV75843.1	QXV75843.1
QXV75846.1	QXV75846.1
QXV75848.1	QXV75848.1
QXV75849.1	QXV75849.1
QXV75852.1	QXV75852.1
QXV75854.1	QXV75854.1
QXV75887.1	QXV75887.1
QXV75897.1	QXV75897.1
QXV75897.1	AXN58244.1
QXV75898.1	QXV75898.1
QXV81208.1	QXV81208.1
QXV81208.1	QXV77778.1
QXV81212.1	QXV81212.1
QXV81212.1	QXV75639.1
QXV81212.1	QXV76656.1
QXV81212.1	QXV77782.1
QXV81212.1	QXV80989.1
QXV81212.1	QXV82611.1
QXV81212.1	QXV85603.1
QXV81212.1	QXV77995.1
QXV81212.1	QXV77558.1
QXV81212.1	QXV82829.1
QXV81212.1	QXV84169.1
QXV81212.1	QXV79878.1
QXV81221.1	QXV81221.1
QXV81222.1	QXV81222.1
QXV81224.1	QXV81224.1
QXV81228.1	QXV81228.1
QXV81228.1	QXV76673.1
QXV81231.1	QXV81231.1
QXV81231.1	QXV81008.1
QXV81232.1	QXV81232.1
QXV81233.1	QXV81233.1
QXV81233.1	QXV85624.1
QXV81233.1	QXV76678.1
QXV81233.1	QXV82850.1
QXV81233.1	QXV77577.1
QXV81233.1	QXV77802.1
QXV81233.1	QXV84190.1
QXV81233.1	QXV79899.1
QXV81233.1	QXV81010.1
QXV81233.1	QXV82632.1
QXV81233.1	QXV78015.1
QXV81238.1	QXV81238.1
QXV81246.1	QXV81246.1
QXV81250.1	QXV81250.1
QXV81255.1	QXV81255.1
QXV81256.1	QXV81256.1
QXV81256.1	QXV79922.1
QXV81256.1	QXV85646.1
QXV81261.1	QXV81261.1
QXV81273.1	QXV81273.1
QXV81277.1	QXV81277.1
QXV81277.1	QXV85667.1
QXV81277.1	QXV79943.1
QXV81281.1	QXV81281.1
QXV81287.1	QXV81287.1
QXV81289.1	QXV81289.1
QXV81301.1	QXV81301.1
QXV81309.1	QXV81309.1
QXV81309.1	QXV81086.1
QXV81321.1	QXV81321.1
QXV81321.1	QXV76769.1
QXV81321.1	QXV77668.1
QXV81321.1	QXV79986.1
QXV81321.1	QXV81098.1
QXV81321.1	QXV84278.1
QXV81321.1	QXV75748.1
QXV81321.1	QXV77876.1
QXV81321.1	QXV85715.1
QXV81321.1	QXV78105.1
QXV81321.1	QXV82716.1
QXV81321.1	QXV82942.1
QXV81339.1	QXV81339.1
QXV81340.1	QXV81340.1
QXV81342.1	QXV81342.1
QXV81342.1	QXV76791.1
QXV81344.1	QXV81344.1
QXV81344.1	QXV78127.1
QXV81344.1	QXV84302.1
QXV81344.1	QXV82964.1
QXV81345.1	QXV81345.1
QXV81348.1	QXV81348.1
QXV81349.1	QXV81349.1
QXV81349.1	QXV78132.1
QXV81349.1	QXV83738.1
QXV81363.1	QXV81363.1
QXV81378.1	QXV81378.1
QXV81378.1	QXV78161.1
QXV81389.1	QXV81389.1
QXV81389.1	QXV78172.1
QXV81389.1	QXV83780.1
QXV81389.1	AYD82766.1
QXV81389.1	AXN58202.1
QXV81389.1	NP_049781.1
QXV81389.1	QXV75009.1
QXV81389.1	QXV75280.1
QXV81389.1	QXV75858.1
QXV81389.1	QXV76213.1
QXV81389.1	QXV76848.1
QXV81389.1	QXV78445.1
QXV81389.1	QXV78712.1
QXV81389.1	QXV78993.1
QXV81389.1	QXV81985.1
QXV81389.1	QXV83035.1
QXV81389.1	QXV83371.1
QXV81389.1	QXV84740.1
QXV81389.1	QXV85841.1
QXV81389.1	QXV75533.1
QXV81389.1	AXN58176.1
QXV81389.1	AYD82743.1
QXV81389.1	NP_049753.1
QXV81389.1	QXV75259.1
QXV81389.1	QXV76114.1
QXV81389.1	QXV76465.1
QXV81389.1	QXV77095.1
QXV81389.1	QXV78691.1
QXV81389.1	QXV78972.1
QXV81389.1	QXV79248.1
QXV81389.1	QXV82236.1
QXV81389.1	QXV83286.1
QXV81389.1	QXV83628.1
QXV81389.1	QXV84989.1
QXV81389.1	QXV86097.1
QXV81389.1	XPK41057.1
QXV81389.1	QXV79468.1
QXV81389.1	QXV81936.1
QXV81389.1	QXV82986.1
QXV81389.1	QXV83323.1
QXV81389.1	QXV85027.1
QXV81389.1	XPK41669.1
QXV81389.1	XPK42894.1
QXV81389.1	YP_006522.1
QXV81389.1	YP_006523.1
QXV81398.1	QXV81398.1
QXV81398.1	QXV83789.1
QXV81398.1	QXV78181.1
QXV81404.1	QXV81404.1
QXV81404.1	QXV78187.1
QXV81404.1	QXV83795.1
QXV81405.1	QXV81405.1
QXV81406.1	QXV81406.1
QXV81406.1	QXV78189.1
QXV81406.1	QXV83797.1
QXV81407.1	QXV81407.1
QXV81407.1	QXV78190.1
QXV81407.1	QXV83798.1
QXV81409.1	QXV81409.1
QXV81409.1	QXV78192.1
QXV81409.1	QXV83800.1
QXV81410.1	QXV81410.1
QXV81410.1	QXV83801.1
QXV81410.1	QXV78193.1
QXV81413.1	QXV81413.1
QXV81413.1	QXV78196.1
QXV81435.1	QXV81435.1
QXV81435.1	QXV78218.1
QXV81435.1	QXV83826.1
QXV81443.1	QXV81443.1
QXV81443.1	QXV83837.1
QXV81449.1	QXV81449.1
QXV81451.1	QXV81451.1
QXV81451.1	QXV78235.1
QXV81451.1	QXV83845.1
QXV81453.1	QXV81453.1
QXV81453.1	QXV78237.1
QXV81455.1	QXV81455.1
QXV81459.1	QXV81459.1
QXV81459.1	QXV78243.1
QXV81460.1	QXV81460.1
QXV81460.1	QXV78244.1
QXV81470.1	QXV81470.1
QXV81470.1	QXV78255.1
QXV81472.1	QXV81472.1
QXV81478.1	QXV81478.1
QXV81478.1	QXV77814.1
QXV81481.1	QXV81481.1
QXV81481.1	QXV78266.1
QXV81482.1	QXV81482.1
QXV81482.1	QXV78267.1
QXV81483.1	QXV81483.1
QXV81484.1	QXV81484.1
QXV81485.1	QXV81485.1
QXV81487.1	QXV81487.1
QXV81488.1	QXV81488.1
QXV81489.1	QXV81489.1
QXV81490.1	QXV81490.1
QXV81490.1	QXV78275.1
QXV81491.1	QXV81491.1
QXV81495.1	QXV81495.1
QXV81495.1	QXV78280.1
QXV81497.1	QXV81497.1
QXV81505.1	QXV81505.1
QXV81505.1	QXV78291.1
QXV81505.1	QXV83896.1
QXV81512.1	QXV81512.1
QXV81513.1	QXV81513.1
QXV81514.1	QXV81514.1
QXV81523.1	QXV81523.1
QXV81531.1	QXV81531.1
QXV81532.1	QXV81532.1
QXV81533.1	QXV81533.1
QXV81539.1	QXV81539.1
QXV81539.1	QXV78328.1
QXV81539.1	QXV83933.1
QXV81546.1	QXV81546.1
QXV81549.1	QXV81549.1
QXV81556.1	QXV81556.1
QXV81570.1	QXV81570.1
QXV81575.1	QXV81575.1
QXV81575.1	QXV78364.1
QXV81575.1	QXV83969.1
QXV81577.1	QXV81577.1
QXV81581.1	QXV81581.1
QXV81585.1	QXV81585.1
QXV81585.1	QXV78374.1
QXV81586.1	QXV81586.1
QXV81597.1	QXV81597.1
QXV81598.1	QXV81598.1
QXV81603.1	QXV81603.1
QXV81604.1	QXV81604.1
QXV81627.1	QXV81627.1
QXV81627.1	QXV80559.1
QXV81628.1	QXV81628.1
QXV81628.1	QXV80560.1
QXV81631.1	QXV81631.1
QXV81631.1	QXV80563.1
QXV81640.1	QXV81640.1
QXV81641.1	QXV81641.1
QXV81642.1	QXV81642.1
QXV81642.1	QXV80718.1
QXV81642.1	QXV84037.1
QXV81642.1	QXV79394.1
QXV81642.1	QXV80575.1
QXV81643.1	QXV81643.1
QXV81648.1	QXV81648.1
QXV81655.1	QXV81655.1
QXV81655.1	QXV77429.1
QXV81655.1	QXV80589.1
QXV81656.1	QXV81656.1
QXV81656.1	QXV80590.1
QXV81658.1	QXV81658.1
QXV81664.1	QXV81664.1
QXV81664.1	QXV80599.1
QXV81664.1	QXV79427.1
QXV81666.1	QXV81666.1
QXV81667.1	QXV81667.1
QXV81667.1	QXV80602.1
QXV81668.1	QXV81668.1
QXV81668.1	QXV80603.1
QXV81671.1	QXV81671.1
QXV81671.1	QXV80606.1
QXV81673.1	QXV81673.1
QXV81676.1	QXV81676.1
QXV81676.1	QXV80610.1
QXV81677.1	QXV81677.1
QXV81679.1	QXV81679.1
QXV81679.1	QXV80613.1
QXV81680.1	QXV81680.1
QXV81680.1	QXV80614.1
QXV81681.1	QXV81681.1
QXV81681.1	QXV79440.1
QXV81681.1	QXV80615.1
QXV81681.1	QXV83726.1
QXV81682.1	QXV81682.1
QXV81682.1	QXV80616.1
QXV81682.1	QXV76559.1
QXV81682.1	QXV83727.1
QXV81685.1	QXV81685.1
QXV81692.1	QXV81692.1
QXV81696.1	QXV81696.1
QXV81700.1	QXV81700.1
QXV81707.1	QXV81707.1
QXV81709.1	QXV81709.1
QXV81709.1	QXV80919.1
QXV81709.1	QXV75570.1
QXV81709.1	QXV76585.1
QXV81709.1	QXV77486.1
QXV81709.1	QXV77713.1
QXV81709.1	QXV77921.1
QXV81709.1	QXV79806.1
QXV81709.1	QXV81142.1
QXV81709.1	QXV82540.1
QXV81709.1	QXV82760.1
QXV81709.1	QXV84098.1
QXV81709.1	QXV85530.1
QXV81709.1	QXV81365.1
QXV81709.1	QXV78148.1
QXV81709.1	QXV83754.1
QXV81709.1	QXV81384.1
QXV81709.1	QXV78167.1
QXV81709.1	QXV83775.1
QXV81716.1	QXV81716.1
QXV81717.1	QXV81717.1
QXV81718.1	QXV81718.1
QXV81719.1	QXV81719.1
QXV81720.1	QXV81720.1
QXV81723.1	QXV81723.1
QXV81724.1	QXV81724.1
QXV81725.1	QXV81725.1
QXV81726.1	QXV81726.1
QXV81727.1	QXV81727.1
QXV81728.1	QXV81728.1
QXV81729.1	QXV81729.1
QXV81731.1	QXV81731.1
QXV81732.1	QXV81732.1
QXV81733.1	QXV81733.1
QXV81734.1	QXV81734.1
QXV81735.1	QXV81735.1
QXV81736.1	QXV81736.1
QXV81739.1	QXV81739.1
QXV81740.1	QXV81740.1
QXV81741.1	QXV81741.1
QXV81741.1	NP_049752.1
QXV81741.1	AXN58175.1
QXV81741.1	AYD82742.1
QXV81741.1	QXV75532.1
QXV81741.1	QXV76113.1
QXV81741.1	QXV82235.1
QXV81741.1	QXV83285.1
QXV81741.1	QXV84988.1
QXV81741.1	QXV86096.1
QXV81741.1	QXV76464.1
QXV81741.1	QXV78690.1
QXV81741.1	QXV79247.1
QXV81741.1	QXV77094.1
QXV81741.1	QXV75258.1
QXV81741.1	QXV79978.1
QXV81741.1	QXV75740.1
QXV81741.1	QXV76761.1
QXV81741.1	QXV77660.1
QXV81741.1	QXV77868.1
QXV81741.1	QXV78097.1
QXV81741.1	QXV81090.1
QXV81741.1	QXV81313.1
QXV81741.1	QXV82708.1
QXV81741.1	QXV82934.1
QXV81741.1	QXV84270.1
QXV81741.1	QXV85707.1
QXV81741.1	QXV83627.1
QXV81741.1	QXV78971.1
QXV81741.1	QXV85193.1
QXV81741.1	QXV80128.1
QXV81741.1	QXV77321.1
QXV81741.1	QXV79732.1
QXV81741.1	QXV80300.1
QXV81741.1	QXV80480.1
QXV81741.1	QXV84407.1
QXV81741.1	QXV84677.1
QXV81741.1	QXV85366.1
QXV81741.1	YP_006871.1
QXV81742.1	QXV81742.1
QXV81743.1	QXV81743.1
QXV81743.1	QXV83781.1
QXV81743.1	QXV78173.1
QXV81743.1	QXV81390.1
QXV81743.1	QXV85585.1
QXV81743.1	QXV75623.1
QXV81743.1	QXV76641.1
QXV81743.1	QXV77542.1
QXV81743.1	QXV77767.1
QXV81743.1	QXV77978.1
QXV81743.1	QXV79861.1
QXV81743.1	QXV80974.1
QXV81743.1	QXV81197.1
QXV81743.1	QXV82595.1
QXV81743.1	QXV82814.1
QXV81743.1	QXV84154.1
QXV81743.1	XPK43311.1
QXV81743.1	XPK40221.1
QXV81743.1	XPK40331.1
QXV81743.1	XPK41605.1
QXV81743.1	XPK41893.1
QXV81743.1	XPK42015.1
QXV81743.1	XPK42283.1
QXV81743.1	XPK42727.1
QXV81743.1	XPK43106.1
QXV81744.1	QXV81744.1
QXV81744.1	NP_416361.2
QXV81745.1	QXV81745.1
QXV81749.1	QXV81749.1
QXV81750.1	QXV81750.1
QXV81751.1	QXV81751.1
QXV81752.1	QXV81752.1
QXV81754.1	QXV81754.1
QXV81757.1	QXV81757.1
QXV81760.1	QXV81760.1
QXV81761.1	QXV81761.1
QXV81762.1	QXV81762.1
QXV81763.1	QXV81763.1
QXV81765.1	QXV81765.1
QXV81766.1	QXV81766.1
QXV81767.1	QXV81767.1
QXV81768.1	QXV81768.1
QXV81768.1	QXV81428.1
QXV81768.1	QXV83819.1
QXV81768.1	QXV78211.1
QXV81769.1	QXV81769.1
QXV81771.1	QXV81771.1
QXV81771.1	QXV83990.1
QXV81771.1	QXV78384.1
QXV81771.1	QXV81595.1
QXV81772.1	QXV81772.1
QXV81773.1	QXV81773.1
QXV81774.1	QXV81774.1
QXV81775.1	QXV81775.1
QXV81775.1	QXV77968.1
QXV81775.1	QXV75615.1
QXV81775.1	QXV76632.1
QXV81775.1	QXV77533.1
QXV81775.1	QXV77759.1
QXV81775.1	QXV79852.1
QXV81775.1	QXV80965.1
QXV81775.1	QXV81188.1
QXV81775.1	QXV82586.1
QXV81775.1	QXV82806.1
QXV81775.1	QXV84145.1
QXV81775.1	QXV85576.1
QXV81778.1	QXV81778.1
QXV81778.1	NP_418479.1
QXV81779.1	QXV81779.1
QXV81780.1	QXV81780.1
QXV81781.1	QXV81781.1
QXV81782.1	QXV81782.1
QXV81783.1	QXV81783.1
QXV81784.1	QXV81784.1
QXV81786.1	QXV81786.1
QXV81787.1	QXV81787.1
QXV81788.1	QXV81788.1
QXV81789.1	QXV81789.1
QXV81790.1	QXV81790.1
QXV81791.1	QXV81791.1
QXV81792.1	QXV81792.1
QXV81793.1	QXV81793.1
QXV81794.1	QXV81794.1
QXV81795.1	QXV81795.1
QXV81796.1	QXV81796.1
QXV81798.1	QXV81798.1
QXV81799.1	QXV81799.1
QXV81800.1	QXV81800.1
QXV81802.1	QXV81802.1
QXV81803.1	QXV81803.1
QXV81804.1	QXV81804.1
QXV81805.1	QXV81805.1
QXV81806.1	QXV81806.1
QXV81808.1	QXV81808.1
QXV81809.1	QXV81809.1
QXV81810.1	QXV81810.1
QXV81811.1	QXV81811.1
QXV81812.1	QXV81812.1
QXV81813.1	QXV81813.1
QXV81816.1	QXV81816.1
QXV81817.1	QXV81817.1
QXV81818.1	QXV81818.1
QXV81819.1	QXV81819.1
QXV81820.1	QXV81820.1
QXV81821.1	QXV81821.1
QXV81821.1	YP_026243.1
QXV81822.1	QXV81822.1
QXV81823.1	QXV81823.1
QXV81824.1	QXV81824.1
QXV81825.1	QXV81825.1
QXV81826.1	QXV81826.1
QXV81827.1	QXV81827.1
QXV81829.1	QXV81829.1
QXV81831.1	QXV81831.1
QXV81831.1	QXV76136.1
QXV81835.1	QXV81835.1
QXV81836.1	QXV81836.1
QXV81837.1	QXV81837.1
QXV81845.1	QXV81845.1
QXV81845.1	QXV80780.1
QXV81853.1	QXV81853.1
QXV81853.1	QXV76156.1
QXV81853.1	QXV80787.1
QXV81853.1	QXV76502.1
QXV81853.1	QXV79377.1
QXV81853.1	QXV80695.1
QXV81853.1	QXV82273.1
QXV81853.1	QXV83665.1
QXV81853.1	QXV84019.1
QXV81853.1	QXV81624.1
QXV81853.1	QXV77395.1
QXV81853.1	QXV80556.1
QXV81853.1	QXV82457.1
QXV81853.1	XPK42896.1
QXV81853.1	QXV79470.1
QXV81853.1	QXV81938.1
QXV81853.1	QXV82988.1
QXV81853.1	QXV83325.1
QXV81853.1	QXV85029.1
QXV81853.1	XPK41059.1
QXV81853.1	XPK41671.1
QXV81859.1	QXV81859.1
QXV81860.1	QXV81860.1
QXV81860.1	QXV76165.1
QXV81861.1	QXV81861.1
QXV81861.1	QXV76166.1
QXV81861.1	QXV80795.1
QXV81861.1	QXV76508.1
QXV81861.1	QXV81630.1
QXV81861.1	QXV77398.1
QXV81861.1	QXV79383.1
QXV81861.1	QXV80562.1
QXV81861.1	QXV80702.1
QXV81861.1	QXV82280.1
QXV81861.1	QXV83671.1
QXV81861.1	QXV84025.1
QXV81861.1	QXV82463.1
QXV81861.1	XPK41254.1
QXV81861.1	XPK43534.1
QXV81861.1	XPK40593.1
QXV81861.1	XPK40685.1
QXV81861.1	XPK43015.1
QXV81861.1	XPK43438.1
QXV81866.1	QXV81866.1
QXV81871.1	QXV81871.1
QXV81871.1	QXV80807.1
QXV81871.1	XPK43245.1
QXV81871.1	XPK42813.1
QXV81871.1	XPK43748.1
QXV81872.1	QXV81872.1
QXV81874.1	QXV81874.1
QXV81874.1	QXV76178.1
QXV81874.1	QXV80810.1
QXV81876.1	QXV81876.1
QXV81876.1	QXV76180.1
QXV81876.1	QXV80812.1
QXV81881.1	QXV81881.1
QXV81882.1	QXV81882.1
QXV81882.1	QXV80725.1
QXV81882.1	QXV81649.1
QXV81882.1	QXV76187.1
QXV81882.1	QXV76529.1
QXV81882.1	QXV80582.1
QXV81882.1	QXV80818.1
QXV81882.1	QXV83694.1
QXV81882.1	QXV82481.1
QXV81885.1	QXV81885.1
QXV81885.1	QXV80821.1
QXV81886.1	QXV81886.1
QXV81887.1	QXV81887.1
QXV81888.1	QXV81888.1
QXV81888.1	QXV80825.1
QXV81888.1	QXV81645.1
QXV81888.1	QXV80578.1
QXV81888.1	QXV76192.1
QXV81888.1	QXV76524.1
QXV81888.1	QXV80747.1
QXV81888.1	QXV82323.1
QXV81888.1	QXV79426.1
QXV81888.1	QXV80759.1
QXV81888.1	QXV77459.1
QXV81888.1	QXV81903.1
QXV81888.1	QXV82335.1
QXV81888.1	QXV83729.1
QXV81888.1	QXV84072.1
QXV81888.1	QXV79441.1
QXV81888.1	QXV81684.1
QXV81888.1	QXV80618.1
QXV81888.1	XPK43221.1
QXV81888.1	XPK42133.1
QXV81888.1	XPK42636.1
QXV81888.1	QXV81905.1
QXV81889.1	QXV81889.1
QXV81889.1	QXV80824.1
QXV81889.1	QXV76191.1
QXV81891.1	QXV81891.1
QXV81893.1	QXV81893.1
QXV81893.1	QXV76198.1
QXV81893.1	QXV81904.1
QXV81894.1	QXV81894.1
QXV81895.1	QXV81895.1
QXV81896.1	QXV81896.1
QXV81898.1	QXV81898.1
QXV81898.1	QXV80832.1
QXV81900.1	QXV81900.1
QXV81901.1	QXV81901.1
QXV81901.1	QXV76201.1
QXV81902.1	QXV81902.1
QXV81902.1	QXV76202.1
QXV81902.1	QXV82487.1
QXV81902.1	QXV80836.1
QXV81902.1	XPK40195.1
QXV81907.1	QXV81907.1
QXV81910.1	QXV81910.1
QXV81911.1	QXV81911.1
QXV81913.1	QXV81913.1
QXV81913.1	QXV76208.1
QXV81915.1	QXV81915.1
QXV81916.1	QXV81916.1
QXV81917.1	QXV81917.1
QXV81917.1	QXV79449.1
QXV81917.1	QXV82967.1
QXV81917.1	QXV83304.1
QXV81917.1	QXV85008.1
QXV81917.1	XPK41035.1
QXV81917.1	XPK41649.1
QXV81917.1	XPK42873.1
QXV81917.1	XPK40954.1
QXV81917.1	XPK40443.1
QXV81917.1	XPK42076.1
QXV81917.1	XPK42443.1
QXV81917.1	XPK42578.1
QXV81917.1	XPK43165.1
QXV81917.1	XPK43664.1
QXV81921.1	QXV81921.1
QXV81927.1	QXV81927.1
QXV81933.1	QXV81933.1
QXV81934.1	QXV81934.1
QXV81945.1	QXV81945.1
QXV81946.1	QXV81946.1
QXV81947.1	QXV81947.1
QXV81957.1	QXV81957.1
QXV81957.1	XPK41690.1
QXV81957.1	XPK42915.1
QXV81957.1	XPK41078.1
QXV81957.1	QXV83344.1
QXV81961.1	QXV81961.1
QXV81963.1	QXV81963.1
QXV81963.1	XPK41084.1
QXV81963.1	XPK42921.1
QXV81963.1	XPK41696.1
QXV81963.1	QXV79494.1
QXV81963.1	QXV85053.1
QXV81966.1	QXV81966.1
QXV81967.1	QXV81967.1
QXV81967.1	QXV83016.1
QXV81967.1	QXV85057.1
QXV81967.1	XPK41088.1
QXV81967.1	XPK41700.1
QXV81967.1	QXV79498.1
QXV81967.1	QXV83353.1
QXV81967.1	XPK42926.1
QXV81969.1	QXV81969.1
QXV81974.1	QXV81974.1
QXV81974.1	QXV83024.1
QXV81974.1	QXV85064.1
QXV81974.1	XPK42935.1
QXV81977.1	QXV81977.1
QXV81979.1	QXV81979.1
QXV81979.1	QXV79511.1
QXV81979.1	QXV85246.1
QXV81979.1	QXV80187.1
QXV81979.1	YP_006979.1
QXV81979.1	QXV77211.1
QXV81979.1	QXV79612.1
QXV81979.1	QXV84561.1
QXV81979.1	QXV85075.1
QXV81979.1	QXV80358.1
QXV81980.1	QXV81980.1
QXV81981.1	QXV81981.1
QXV81981.1	XPK41105.1
QXV81981.1	XPK41716.1
QXV81981.1	XPK42943.1
QXV82015.1	QXV82015.1
QXV82023.1	QXV82023.1
QXV82023.1	QXV83408.1
QXV82023.1	AYD82801.1
QXV82023.1	QXV75046.1
QXV82023.1	QXV78483.1
QXV82023.1	QXV78751.1
QXV82023.1	QXV75318.1
QXV82023.1	AXN58242.1
QXV82023.1	QXV76885.1
QXV82023.1	NP_049821.1
QXV82023.1	QXV83072.1
QXV82023.1	QXV75895.1
QXV82023.1	QXV76253.1
QXV82023.1	QXV79030.1
QXV82023.1	QXV85878.1
QXV82023.1	QXV84778.1
QXV82025.1	QXV82025.1
QXV82047.1	QXV82047.1
QXV82055.1	QXV82055.1
QXV82055.1	AYD82827.1
QXV82055.1	QXV76913.1
QXV82055.1	QXV78783.1
QXV82055.1	QXV75075.1
QXV82055.1	QXV75348.1
QXV82055.1	QXV76283.1
QXV82055.1	QXV83437.1
QXV82055.1	NP_049851.1
QXV82055.1	QXV79060.1
QXV82055.1	AXN58273.1
QXV82055.1	QXV85909.1
QXV82055.1	QXV83103.1
QXV82055.1	QXV78514.1
QXV82055.1	QXV84809.1
QXV82055.1	QXV75925.1
QXV82056.1	QXV82056.1
QXV82056.1	QXV83884.1
QXV82056.1	QXV78278.1
QXV82056.1	QXV81493.1
QXV82056.1	QXV76951.1
QXV82056.1	QXV75114.1
QXV82056.1	NP_049624.1
QXV82056.1	AYD82604.1
QXV82056.1	QXV75970.1
QXV82056.1	AXN58048.1
QXV82056.1	QXV75394.1
QXV82056.1	QXV76330.1
QXV82056.1	QXV78829.1
QXV82056.1	QXV79107.1
QXV82056.1	QXV82099.1
QXV82056.1	QXV83149.1
QXV82056.1	QXV84856.1
QXV82056.1	QXV85955.1
QXV82056.1	QXV83483.1
QXV82056.1	QXV78558.1
QXV82056.1	QXV85910.1
QXV82056.1	QXV79062.1
QXV82056.1	AYD82828.1
QXV82056.1	QXV75927.1
QXV82056.1	QXV76284.1
QXV82056.1	QXV84811.1
QXV82056.1	NP_049852.1
QXV82056.1	AXN58274.1
QXV82056.1	QXV83104.1
QXV82056.1	QXV75350.1
QXV82056.1	QXV78785.1
QXV82072.1	QXV82072.1
QXV82080.1	QXV82080.1
QXV82080.1	QXV75374.1
QXV82080.1	QXV75950.1
QXV82080.1	QXV78809.1
QXV82080.1	QXV79086.1
QXV82080.1	QXV84836.1
QXV82081.1	QXV82081.1
QXV82084.1	QXV82084.1
QXV82086.1	QXV82086.1
QXV82086.1	QXV76316.1
QXV82088.1	QXV82088.1
QXV82090.1	QXV82090.1
QXV82090.1	AXN58305.1
QXV82090.1	NP_049887.1
QXV82090.1	QXV75105.1
QXV82090.1	QXV76320.1
QXV82090.1	QXV78549.1
QXV82090.1	QXV79097.1
QXV82090.1	QXV83139.1
QXV82090.1	QXV83473.1
QXV82090.1	QXV78819.1
QXV82090.1	AYD82860.1
QXV82090.1	QXV75384.1
QXV82090.1	QXV75960.1
QXV82090.1	QXV76942.1
QXV82090.1	QXV84846.1
QXV82090.1	QXV85946.1
QXV82097.1	QXV82097.1
QXV82097.1	QXV75968.1
QXV82097.1	QXV78827.1
QXV82097.1	QXV84854.1
QXV82097.1	QXV75392.1
QXV82097.1	QXV76328.1
QXV82097.1	QXV83481.1
QXV82097.1	AXN58046.1
QXV82097.1	QXV78556.1
QXV82097.1	QXV78515.1
QXV82097.1	QXV75076.1
QXV82097.1	AYD82602.1
QXV82097.1	QXV76949.1
QXV82097.1	QXV75112.1
QXV82097.1	QXV83147.1
QXV82097.1	QXV79105.1
QXV82097.1	QXV83438.1
QXV82097.1	QXV76914.1
QXV82097.1	QXV85953.1
QXV82100.1	QXV82100.1
QXV82100.1	AYD82605.1
QXV82100.1	NP_049625.1
QXV82100.1	QXV75971.1
QXV82100.1	QXV78830.1
QXV82100.1	QXV83150.1
QXV82100.1	QXV83484.1
QXV82100.1	QXV85956.1
QXV82100.1	QXV79108.1
QXV82100.1	QXV76952.1
QXV82100.1	AXN58049.1
QXV82100.1	QXV75395.1
QXV82100.1	QXV75115.1
QXV82100.1	QXV84857.1
QXV82100.1	QXV78559.1
QXV82108.1	QXV82108.1
QXV82116.1	QXV82116.1
QXV82116.1	AYD82618.1
QXV82117.1	QXV82117.1
QXV82117.1	QXV76348.1
QXV82124.1	QXV82124.1
QXV82127.1	QXV82127.1
QXV82143.1	QXV82143.1
QXV82143.1	QXV76995.1
QXV82143.1	QXV75161.1
QXV82152.1	QXV82152.1
QXV82152.1	QXV78885.1
QXV82162.1	QXV82162.1
QXV82163.1	QXV82163.1
QXV82167.1	QXV82167.1
QXV82167.1	NP_049687.1
QXV82180.1	QXV82180.1
QXV82180.1	QXV78640.1
QXV82180.1	AXN58126.1
QXV82180.1	QXV78915.1
QXV82180.1	QXV86038.1
QXV82180.1	AYD82685.1
QXV82180.1	QXV77033.1
QXV82180.1	QXV75199.1
QXV82189.1	QXV82189.1
QXV82189.1	QXV76066.1
QXV82189.1	QXV83241.1
QXV82189.1	QXV83578.1
QXV82189.1	AXN58136.1
QXV82189.1	QXV75487.1
QXV82189.1	QXV76421.1
QXV82189.1	QXV78649.1
QXV82189.1	QXV78925.1
QXV82189.1	QXV79203.1
QXV82189.1	QXV86050.1
QXV82189.1	QXV77041.1
QXV82189.1	QXV75207.1
QXV82189.1	AXN58137.1
QXV82189.1	QXV82190.1
QXV82189.1	NP_049711.1
QXV82189.1	QXV76422.1
QXV82189.1	QXV78650.1
QXV82189.1	QXV78926.1
QXV82189.1	QXV79204.1
QXV82189.1	QXV83242.1
QXV82189.1	QXV83579.1
QXV82189.1	QXV86051.1
QXV82189.1	QXV76067.1
QXV82189.1	QXV75488.1
QXV82191.1	QXV82191.1
NP_417039.1	NP_417039.1
NP_417039.1	NP_415277.1
NP_417039.1	NP_418315.3
NP_417039.1	NP_416294.4
NP_417044.4	NP_417044.4
NP_417045.4	NP_417045.4
NP_417045.4	NP_415202.1
NP_417045.4	NP_416111.1
NP_417047.1	NP_417047.1
NP_417048.1	NP_417048.1
NP_417048.1	NP_414984.1
NP_417050.1	NP_417050.1
NP_417053.2	NP_417053.2
NP_417054.2	NP_417054.2
NP_417056.2	NP_417056.2
NP_417056.2	NP_416922.1
NP_417056.2	NP_418513.4
NP_417056.2	NP_416367.1
NP_417056.2	NP_418771.1
NP_417056.2	NP_417687.1
NP_417057.1	NP_417057.1
NP_417058.1	NP_417058.1
NP_417060.1	NP_417060.1
NP_417062.1	NP_417062.1
NP_417063.1	NP_417063.1
NP_417064.1	NP_417064.1
NP_417065.1	NP_417065.1
NP_417067.1	NP_417067.1
NP_417070.2	NP_417070.2
NP_417075.1	NP_417075.1
NP_417077.1	NP_417077.1
NP_417078.4	NP_417078.4
NP_417079.1	NP_417079.1
NP_417081.2	NP_417081.2
NP_417084.1	NP_417084.1
NP_417085.1	NP_417085.1
NP_417085.1	NP_415604.1
NP_417085.1	NP_415785.1
NP_417085.1	NP_418446.1
NP_417086.1	NP_417086.1
NP_417093.2	NP_417093.2
NP_417094.1	NP_417094.1
NP_417095.1	NP_417095.1
NP_417095.1	NP_414919.1
NP_417095.1	NP_415355.1
NP_417095.1	NP_416007.3
NP_417095.1	NP_416308.4
NP_417096.1	NP_417096.1
NP_417096.1	NP_415269.1
NP_417097.1	NP_417097.1
NP_417098.1	NP_417098.1
NP_417100.1	NP_417100.1
NP_417102.4	NP_417102.4
NP_417104.1	NP_417104.1
NP_417108.4	NP_417108.4
NP_417109.1	NP_417109.1
NP_417110.1	NP_417110.1
NP_417111.1	NP_417111.1
NP_417111.1	NP_046786.1
NP_417111.1	NP_414815.1
NP_417111.1	NP_415069.1
NP_417111.1	NP_415658.1
NP_417111.1	NP_415861.1
NP_417111.1	NP_416937.2
NP_417111.1	XPK40718.1
NP_417111.1	NP_416850.1
NP_417111.1	XPK41245.1
NP_417111.1	YP_007112565.1
NP_417111.1	NP_040609.1
NP_417112.1	NP_417112.1
NP_417113.1	NP_417113.1
NP_417113.1	XPK41251.1
NP_417113.1	XPK43216.1
NP_417113.1	XPK42128.1
NP_417113.1	XPK40496.1
NP_417113.1	XPK41007.1
NP_417113.1	XPK42496.1
NP_417113.1	XPK42631.1
NP_417113.1	XPK43717.1
NP_417115.1	NP_417115.1
NP_417115.1	NP_414811.1
NP_417117.1	NP_417117.1
NP_417118.1	NP_417118.1
NP_417119.1	NP_417119.1
NP_417120.2	NP_417120.2
NP_417122.1	NP_417122.1
NP_417122.1	NP_414786.4
NP_417123.1	NP_417123.1
NP_417124.4	NP_417124.4
NP_417124.4	NP_414785.4
NP_417125.1	NP_417125.1
NP_417125.1	NP_414784.1
NP_417129.1	NP_417129.1
NP_417130.1	NP_417130.1
NP_417132.1	NP_417132.1
NP_417132.1	NP_414780.1
NP_417133.1	NP_417133.1
NP_417133.1	NP_416509.1
NP_417134.2	NP_417134.2
NP_417151.1	NP_417151.1
NP_417152.1	NP_417152.1
NP_417153.1	NP_417153.1
NP_417154.1	NP_417154.1
NP_417155.1	NP_417155.1
NP_417155.1	NP_415753.1
NP_417156.1	NP_417156.1
XPK40754.1	XPK40754.1
XPK40755.1	XPK40755.1
XPK40756.1	XPK40756.1
XPK40757.1	XPK40757.1
XPK40759.1	XPK40759.1
XPK40760.1	XPK40760.1
XPK40764.1	XPK40764.1
XPK40767.1	XPK40767.1
XPK40768.1	XPK40768.1
XPK40769.1	XPK40769.1
XPK40770.1	XPK40770.1
XPK40771.1	XPK40771.1
XPK40849.1	XPK40849.1
XPK40850.1	XPK40850.1
XPK40853.1	XPK40853.1
XPK40855.1	XPK40855.1
XPK40857.1	XPK40857.1
XPK40858.1	XPK40858.1
XPK40859.1	XPK40859.1
XPK40860.1	XPK40860.1
XPK40860.1	QXV76804.1
XPK40861.1	XPK40861.1
XPK40863.1	XPK40863.1
XPK40865.1	XPK40865.1
XPK40868.1	XPK40868.1
XPK40869.1	XPK40869.1
XPK40871.1	XPK40871.1
XPK40871.1	QXV80647.1
XPK40871.1	NP_041969.1
XPK40871.1	QXV76816.1
XPK40871.1	QXV78413.1
XPK40871.1	QXV80872.1
XPK40871.1	XPK40412.1
XPK40871.1	XPK40923.1
XPK40871.1	XPK42546.1
XPK40874.1	XPK40874.1
XPK40876.1	XPK40876.1
XPK40878.1	XPK40878.1
XPK40879.1	XPK40879.1
XPK40879.1	QXV80855.1
XPK40879.1	QXV78399.1
XPK40879.1	XPK40403.1
XPK40879.1	XPK42556.1
XPK40879.1	QXV80881.1
XPK40879.1	XPK40421.1
XPK40879.1	XPK40932.1
XPK40879.1	XPK42566.1
XPK40879.1	NP_041994.1
XPK40879.1	XPK42551.1
XPK40879.1	NP_041971.1
XPK40879.1	QXV80650.1
XPK40879.1	AYD82734.1
XPK40882.1	XPK40882.1
XPK40882.1	XPK40423.1
XPK40882.1	NP_041986.1
XPK40882.1	QXV80658.1
XPK40882.1	XPK42558.1
XPK40882.1	QXV78425.1
XPK40882.1	QXV76829.1
XPK40882.1	XPK40934.1
XPK40882.1	QXV80883.1
XPK40883.1	XPK40883.1
XPK40885.1	XPK40885.1
XPK40886.1	XPK40886.1
XPK40887.1	XPK40887.1
XPK40889.1	XPK40889.1
XPK40894.1	XPK40894.1
XPK40901.1	XPK40901.1
XPK40902.1	XPK40902.1
XPK40903.1	XPK40903.1
XPK40905.1	XPK40905.1
XPK40907.1	XPK40907.1
XPK40907.1	QXV80633.1
XPK40907.1	XPK40396.1
XPK40907.1	QXV80858.1
XPK40909.1	XPK40909.1
XPK40910.1	XPK40910.1
XPK40910.1	QXV80860.1
XPK40910.1	XPK40398.1
XPK40913.1	XPK40913.1
XPK40916.1	XPK40916.1
XPK40916.1	NP_041964.1
XPK40917.1	XPK40917.1
XPK40918.1	XPK40918.1
XPK40921.1	XPK40921.1
XPK40921.1	QXV80871.1
XPK40935.1	XPK40935.1
XPK40935.1	XPK40424.1
XPK40937.1	XPK40937.1
XPK40939.1	XPK40939.1
XPK40941.1	XPK40941.1
XPK40943.1	XPK40943.1
XPK40943.1	NP_041996.1
XPK40943.1	QXV76836.1
XPK40943.1	QXV78433.1
XPK40943.1	QXV80667.1
XPK40943.1	QXV80892.1
XPK40943.1	XPK40432.1
XPK40943.1	XPK40891.1
XPK40943.1	XPK42568.1
XPK40943.1	XPK41552.1
XPK40943.1	QXV85158.1
XPK40943.1	XPK40163.1
XPK40943.1	XPK40264.1
XPK40943.1	XPK41827.1
XPK40943.1	XPK41950.1
XPK40943.1	XPK42227.1
XPK40943.1	XPK42663.1
XPK40943.1	XPK43038.1
XPK40943.1	XPK43249.1
XPK40945.1	XPK40945.1
XPK40950.1	XPK40950.1
XPK40950.1	NP_042003.1
XPK40950.1	QXV80673.1
XPK40950.1	QXV80898.1
XPK40950.1	XPK42575.1
XPK40950.1	QXV76842.1
XPK40950.1	QXV78439.1
XPK40950.1	XPK40439.1
XPK40950.1	XPK40898.1
XPK40960.1	XPK40960.1
XPK40961.1	XPK40961.1
XPK40965.1	XPK40965.1
XPK40970.1	XPK40970.1
XPK40978.1	XPK40978.1
XPK40980.1	XPK40980.1
XPK40980.1	XPK40469.1
XPK40980.1	XPK42101.1
XPK40980.1	XPK42469.1
XPK40980.1	XPK42603.1
XPK40980.1	XPK43190.1
XPK40980.1	XPK43689.1
XPK40992.1	XPK40992.1
XPK40999.1	XPK40999.1
XPK40999.1	QXV85052.1
XPK40999.1	QXV79493.1
XPK40999.1	QXV81962.1
XPK40999.1	QXV83011.1
XPK40999.1	QXV83349.1
XPK40999.1	XPK41695.1
XPK40999.1	XPK41083.1
XPK40999.1	XPK41318.1
XPK40999.1	XPK41784.1
XPK40999.1	XPK42487.1
XPK40999.1	XPK40488.1
XPK40999.1	XPK42121.1
XPK40999.1	XPK43209.1
XPK40999.1	XPK43709.1
XPK40999.1	XPK42623.1
XPK40999.1	XPK42920.1
XPK41000.1	XPK41000.1
XPK41004.1	XPK41004.1
XPK41006.1	XPK41006.1
XPK41008.1	XPK41008.1
XPK41010.1	XPK41010.1
XPK41010.1	XPK42501.1
XPK41011.1	XPK41011.1
XPK41014.1	XPK41014.1
XPK41015.1	XPK41015.1
XPK41016.1	XPK41016.1
XPK41017.1	XPK41017.1
XPK41020.1	XPK41020.1
XPK41024.1	XPK41024.1
XPK41026.1	XPK41026.1
XPK41028.1	XPK41028.1
XPK41032.1	XPK41032.1
XPK41033.1	XPK41033.1
XPK41033.1	XPK42156.1
XPK41033.1	XPK42524.1
XPK41033.1	XPK42658.1
XPK41033.1	XPK43244.1
XPK41034.1	XPK41034.1
XPK41039.1	XPK41039.1
XPK41040.1	XPK41040.1
XPK41040.1	QXV81922.1
XPK41040.1	QXV82972.1
XPK41040.1	QXV85013.1
XPK41040.1	XPK41654.1
XPK41040.1	XPK42878.1
XPK41042.1	XPK41042.1
XPK41046.1	XPK41046.1
XPK41052.1	XPK41052.1
XPK41053.1	XPK41053.1
XPK41054.1	XPK41054.1
XPK41055.1	XPK41055.1
XPK41068.1	XPK41068.1
XPK41070.1	XPK41070.1
XPK41070.1	QXV79481.1
XPK41070.1	QXV81950.1
XPK41070.1	QXV85040.1
XPK41070.1	QXV83337.1
XPK41070.1	XPK42907.1
XPK41082.1	XPK41082.1
XPK41082.1	QXV85051.1
XPK41085.1	XPK41085.1
XPK41085.1	QXV79495.1
XPK41085.1	QXV85054.1
XPK41085.1	XPK42922.1
XPK41085.1	QXV83013.1
XPK41085.1	QXV81964.1
XPK41085.1	XPK41697.1
XPK41085.1	QXV83350.1
XPK41085.1	QXV84063.1
XPK41085.1	QXV79431.1
XPK41085.1	QXV80749.1
XPK41085.1	QXV81674.1
XPK41085.1	QXV80608.1
XPK41085.1	QXV82326.1
XPK41086.1	XPK41086.1
XPK41087.1	XPK41087.1
XPK41090.1	XPK41090.1
XPK41098.1	XPK41098.1
XPK41099.1	XPK41099.1
XPK41099.1	QXV83026.1
XPK41099.1	QXV83362.1
XPK41099.1	XPK42937.1
XPK41099.1	QXV79507.1
XPK41099.1	QXV81975.1
XPK41099.1	QXV85066.1
XPK41099.1	XPK41709.1
XPK41101.1	XPK41101.1
XPK41103.1	XPK41103.1
XPK41110.1	XPK41110.1
XPK41110.1	XPK41371.1
XPK41110.1	XPK42333.1
XPK41110.1	XPK43557.1
XPK41110.1	QXV79361.1
XPK41110.1	QXV76486.1
XPK41110.1	QXV80539.1
XPK41110.1	QXV80679.1
XPK41110.1	QXV81608.1
XPK41110.1	QXV82257.1
XPK41110.1	QXV82441.1
XPK41110.1	QXV83649.1
XPK41110.1	QXV84003.1
XPK41110.1	XPK40625.1
XPK41110.1	XPK43470.1
XPK41110.1	XPK43378.1
XPK41110.1	XPK40534.1
XPK41110.1	XPK42956.1
XPK41110.1	XPK41741.1
XPK41112.1	XPK41112.1
XPK41116.1	XPK41116.1
XPK41116.1	XPK41377.1
XPK41116.1	XPK42339.1
XPK41116.1	XPK43563.1
XPK41125.1	XPK41125.1
XPK41125.1	XPK41386.1
XPK41125.1	XPK42348.1
XPK41125.1	XPK43572.1
XPK41138.1	XPK41138.1
XPK41142.1	XPK41142.1
XPK41142.1	XPK41403.1
XPK41142.1	XPK42365.1
XPK41160.1	XPK41160.1
XPK41162.1	XPK41162.1
XPK41165.1	XPK41165.1
XPK41167.1	XPK41167.1
XPK41171.1	XPK41171.1
XPK41172.1	XPK41172.1
XPK41172.1	XPK41435.1
XPK41172.1	XPK42396.1
XPK41172.1	XPK43619.1
XPK41172.1	QXV76552.1
XPK41172.1	QXV83984.1
XPK41172.1	QXV78378.1
XPK41172.1	QXV81589.1
XPK41173.1	XPK41173.1
XPK41173.1	XPK43620.1
XPK41173.1	XPK42397.1
XPK41174.1	XPK41174.1
XPK41174.1	XPK41437.1
XPK41174.1	XPK42398.1
XPK41174.1	XPK43621.1
XPK41177.1	XPK41177.1
XPK41177.1	XPK41440.1
XPK41177.1	XPK42401.1
XPK41177.1	XPK43624.1
XPK41177.1	QXV81528.1
XPK41177.1	QXV78314.1
XPK41177.1	QXV83919.1
XPK41179.1	XPK41179.1
XPK41186.1	XPK41186.1
XPK41187.1	XPK41187.1
XPK41190.1	XPK41190.1
XPK41192.1	XPK41192.1
XPK41193.1	XPK41193.1
XPK41194.1	XPK41194.1
XPK41195.1	XPK41195.1
XPK41198.1	XPK41198.1
XPK41209.1	XPK41209.1
XPK41209.1	XPK41475.1
XPK41209.1	XPK42436.1
XPK41209.1	XPK43656.1
XPK41211.1	XPK41211.1
XPK41211.1	XPK41477.1
XPK41211.1	XPK42438.1
XPK41211.1	XPK43658.1
XPK41212.1	XPK41212.1
XPK41219.1	XPK41219.1
XPK41223.1	XPK41223.1
XPK41223.1	XPK40852.1
XPK41223.1	XPK41290.1
XPK41225.1	XPK41225.1
XPK41225.1	YP_007112549.1
XPK41225.1	NP_040590.1
XPK41228.1	XPK41228.1
XPK41228.1	NP_046772.1
XPK41228.1	QXV75299.1
XPK41228.1	AXN58223.1
XPK41228.1	AYD82782.1
XPK41228.1	NP_049800.1
XPK41228.1	QXV75028.1
XPK41228.1	QXV75876.1
XPK41228.1	QXV76234.1
XPK41228.1	QXV76867.1
XPK41228.1	QXV78464.1
XPK41228.1	QXV78732.1
XPK41228.1	QXV79011.1
XPK41228.1	QXV82004.1
XPK41228.1	QXV83053.1
XPK41228.1	QXV83389.1
XPK41228.1	QXV84759.1
XPK41228.1	QXV85859.1
XPK41228.1	QXV81713.1
XPK41228.1	XPK43571.1
XPK41228.1	XPK41124.1
XPK41228.1	XPK41385.1
XPK41228.1	XPK42347.1
XPK41228.1	YP_006506.1
YP_010051209.1	YP_010051209.1
YP_010051210.1	YP_010051210.1
YP_010051211.1	YP_010051211.1
YP_010051212.1	YP_010051212.1
YP_010051213.1	YP_010051213.1
YP_010051214.1	YP_010051214.1
YP_010051215.1	YP_010051215.1
YP_010051216.1	YP_010051216.1
YP_010283909.1	YP_010283909.1
YP_010283910.1	YP_010283910.1
YP_010283912.1	YP_010283912.1
YP_010283913.1	YP_010283913.1
YP_010283914.1	YP_010283914.1
YP_010283915.1	YP_010283915.1
YP_010283915.1	NP_417637.1
YP_010283915.1	YP_010283916.1
YP_010283917.1	YP_010283917.1
YP_010283918.1	YP_010283918.1
YP_010283919.1	YP_010283919.1
YP_010283921.1	YP_010283921.1
YP_025292.1	YP_025292.1
YP_025292.1	NP_416080.1
YP_025295.1	YP_025295.1
YP_025297.1	YP_025297.1
YP_025297.1	YP_025298.1
YP_025297.1	YP_025299.1
YP_025297.1	YP_026227.1
YP_025301.1	YP_025301.1
YP_025303.1	YP_025303.1
YP_025304.1	YP_025304.1
YP_025304.1	NP_417000.1
YP_025304.1	NP_415628.1
YP_025308.1	YP_025308.1
YP_025310.1	YP_025310.1
YP_026160.1	YP_026160.1
YP_026161.1	YP_026161.1
YP_026164.1	YP_026164.1
YP_026164.1	NP_415720.1
YP_026164.1	NP_416736.1
YP_026170.1	YP_026170.1
YP_026171.3	YP_026171.3
YP_026171.3	NP_416330.1
YP_026171.3	NP_416567.4
YP_026171.3	NP_418639.1
YP_026173.1	YP_026173.1
YP_026173.1	NP_414787.4
YP_026173.1	NP_417393.1
YP_026174.2	YP_026174.2
YP_026180.1	YP_026180.1
YP_026181.1	YP_026181.1
YP_026182.1	YP_026182.1
YP_026182.1	NP_416924.1
YP_026182.1	NP_418661.1
YP_026182.1	NP_416390.1
YP_026182.1	NP_417786.1
YP_026182.1	NP_414648.1
YP_026189.1	YP_026189.1
XPK41821.1	XPK41821.1
XPK41822.1	XPK41822.1
XPK41823.1	XPK41823.1
XPK41837.1	XPK41837.1
XPK41837.1	XPK40176.1
XPK41837.1	XPK40274.1
XPK41837.1	XPK41562.1
XPK41837.1	XPK41960.1
XPK41837.1	XPK42237.1
XPK41837.1	XPK42674.1
XPK41837.1	XPK43048.1
XPK41837.1	XPK43259.1
XPK41840.1	XPK41840.1
XPK41840.1	XPK40277.1
XPK41840.1	XPK41841.1
XPK41840.1	XPK41566.1
XPK41840.1	XPK42241.1
XPK41840.1	XPK43262.1
XPK41840.1	XPK42240.1
XPK41840.1	XPK42677.1
XPK41840.1	XPK40179.1
XPK41840.1	XPK42678.1
XPK41840.1	XPK40278.1
XPK41840.1	XPK43263.1
XPK41840.1	XPK41963.1
XPK41840.1	XPK43052.1
XPK41840.1	XPK40180.1
XPK41840.1	XPK41964.1
XPK41840.1	XPK43051.1
XPK41844.1	XPK41844.1
XPK41844.1	QXV85479.1
XPK41844.1	XPK40316.1
XPK41844.1	YP_006838.1
XPK41844.1	QXV80042.1
XPK41844.1	XPK40536.1
XPK41844.1	XPK42715.1
XPK41844.1	QXV77327.1
XPK41844.1	QXV80142.1
XPK41844.1	QXV77241.1
XPK41844.1	QXV77274.1
XPK41844.1	QXV77335.1
XPK41844.1	QXV79637.1
XPK41844.1	QXV80306.1
XPK41844.1	QXV80314.1
XPK41844.1	QXV80384.1
XPK41844.1	QXV84409.1
XPK41844.1	QXV84422.1
XPK41844.1	QXV85186.1
XPK41844.1	QXV85271.1
XPK41844.1	YP_006879.1
XPK41844.1	YP_006948.1
XPK41844.1	QXV80292.1
XPK41844.1	QXV80641.1
XPK41844.1	QXV85348.1
XPK41844.1	QXV85372.1
XPK41844.1	XPK41329.1
XPK41844.1	XPK41860.1
XPK41844.1	XPK41982.1
XPK41844.1	XPK41889.1
XPK41844.1	XPK41902.1
XPK41844.1	XPK42541.1
XPK41844.1	QXV80866.1
XPK41844.1	QXV80228.1
XPK41844.1	QXV77255.1
XPK41844.1	YP_006937.1
XPK41844.1	QXV80174.1
XPK41844.1	QXV84454.1
XPK41844.1	QXV85698.1
XPK41844.1	QXV78088.1
XPK41844.1	QXV82699.1
XPK41844.1	QXV85098.1
XPK41844.1	XPK42842.1
XPK41844.1	QXV80433.1
XPK41844.1	QXV84414.1
XPK41844.1	QXV80528.1
XPK41844.1	QXV80768.1
XPK41844.1	QXV81737.1
XPK41844.1	QXV81852.1
XPK41844.1	QXV76135.1
XPK41844.1	QXV76171.1
XPK41844.1	QXV80039.1
XPK41844.1	QXV80784.1
XPK41844.1	QXV85814.1
XPK41844.1	QXV85821.1
XPK41844.1	QXV84050.1
XPK41844.1	QXV85130.1
XPK41844.1	QXV80414.1
XPK41844.1	QXV85302.1
XPK41844.1	QXV80050.1
XPK41844.1	QXV80074.1
XPK41844.1	YP_006923.1
XPK41844.1	QXV85469.1
XPK41844.1	XPK42861.1
XPK41844.1	QXV76182.1
XPK41844.1	XPK42973.1
XPK41844.1	XPK43459.1
XPK41844.1	YP_006874.1
XPK41847.1	XPK41847.1
XPK41852.1	XPK41852.1
XPK41853.1	XPK41853.1
XPK41853.1	XPK43272.1
XPK41853.1	XPK40288.1
XPK41853.1	XPK40998.1
XPK41853.1	XPK40487.1
XPK41853.1	XPK42120.1
XPK41853.1	XPK42486.1
XPK41853.1	XPK42622.1
XPK41853.1	XPK43208.1
XPK41853.1	XPK43708.1
XPK41853.1	XPK42688.1
XPK41854.1	XPK41854.1
XPK41854.1	XPK40191.1
XPK41854.1	XPK40289.1
XPK41854.1	XPK42251.1
XPK41854.1	XPK41576.1
XPK41854.1	XPK42689.1
XPK41855.1	XPK41855.1
XPK41857.1	XPK41857.1
XPK41858.1	XPK41858.1
XPK41863.1	XPK41863.1
XPK41863.1	XPK40297.1
XPK41863.1	QXV80096.1
XPK41863.1	QXV80266.1
XPK41863.1	QXV80765.1
XPK41863.1	QXV77165.1
XPK41863.1	XPK40621.1
XPK41863.1	XPK42952.1
XPK41863.1	XPK43375.1
XPK41863.1	XPK43466.1
XPK41870.1	XPK41870.1
XPK41870.1	XPK43286.1
XPK41870.1	XPK40201.1
XPK41870.1	XPK40305.1
XPK41870.1	XPK41586.1
XPK41870.1	XPK41993.1
XPK41870.1	XPK42261.1
XPK41870.1	XPK42703.1
XPK41870.1	XPK43080.1
XPK41872.1	XPK41872.1
XPK41873.1	XPK41873.1
XPK41873.1	XPK40204.1
XPK41876.1	XPK41876.1
XPK41876.1	XPK40208.1
XPK41876.1	XPK40310.1
XPK41876.1	XPK41333.1
XPK41876.1	XPK41592.1
XPK41876.1	XPK41998.1
XPK41876.1	XPK42267.1
XPK41876.1	XPK42709.1
XPK41876.1	XPK43087.1
XPK41876.1	XPK43291.1
XPK41876.1	QXV78336.1
XPK41876.1	QXV81547.1
XPK41876.1	QXV83941.1
XPK41876.1	QXV79664.1
XPK41876.1	QXV77267.1
XPK41876.1	QXV80071.1
XPK41876.1	QXV80239.1
XPK41876.1	QXV80411.1
XPK41876.1	QXV84361.1
XPK41876.1	QXV84614.1
XPK41876.1	QXV85127.1
XPK41876.1	QXV85299.1
XPK41876.1	YP_006926.1
XPK41876.1	QXV85689.1
XPK41876.1	QXV75726.1
XPK41876.1	QXV76745.1
XPK41876.1	QXV77644.1
XPK41876.1	QXV77854.1
XPK41876.1	QXV78082.1
XPK41876.1	QXV79964.1
XPK41876.1	QXV81076.1
XPK41876.1	QXV81299.1
XPK41876.1	QXV82693.1
XPK41876.1	QXV82918.1
XPK41876.1	QXV84256.1
XPK41878.1	XPK41878.1
XPK43266.1	XPK43266.1
XPK43266.1	XPK40281.1
XPK43266.1	XPK42681.1
XPK43267.1	XPK43267.1
XPK43267.1	XPK40282.1
XPK43267.1	XPK42682.1
XPK43273.1	XPK43273.1
XPK43274.1	XPK43274.1
XPK43274.1	XPK42690.1
XPK43275.1	XPK43275.1
XPK43275.1	XPK40193.1
XPK43275.1	XPK40292.1
XPK43275.1	XPK41578.1
XPK43275.1	XPK41856.1
XPK43275.1	XPK41979.1
XPK43275.1	XPK42253.1
XPK43275.1	XPK42692.1
XPK43275.1	XPK43067.1
XPK43275.1	NP_415484.1
XPK43275.1	QXV80043.1
XPK43275.1	QXV77234.1
XPK43275.1	QXV79635.1
XPK43275.1	QXV80211.1
XPK43275.1	QXV80382.1
XPK43275.1	QXV84334.1
XPK43275.1	QXV84585.1
XPK43275.1	QXV85099.1
XPK43275.1	QXV85269.1
XPK43275.1	YP_006954.1
XPK43275.1	XPK42367.1
XPK43275.1	XPK41144.1
XPK43275.1	XPK41405.1
XPK43275.1	XPK43591.1
XPK43275.1	XPK42817.1
XPK43275.1	YP_950523.1
XPK43275.1	QXV75801.1
XPK43278.1	XPK43278.1
XPK43278.1	XPK40194.1
XPK43278.1	XPK41579.1
XPK43278.1	XPK41861.1
XPK43284.1	XPK43284.1
XPK43284.1	XPK42701.1
XPK43284.1	XPK40303.1
XPK43285.1	XPK43285.1
XPK43287.1	XPK43287.1
XPK43288.1	XPK43288.1
XPK43288.1	XPK40307.1
XPK43288.1	XPK42705.1
XPK43289.1	XPK43289.1
XPK43289.1	XPK42706.1
XPK43289.1	XPK40308.1
XPK43289.1	XPK41996.1
XPK43289.1	XPK43084.1
XPK43293.1	XPK43293.1
XPK43295.1	XPK43295.1
XPK43295.1	XPK40313.1
XPK43300.1	XPK43300.1
XPK43300.1	XPK40320.1
XPK43301.1	XPK43301.1
XPK43301.1	XPK40321.1
XPK43307.1	XPK43307.1
XPK43315.1	XPK43315.1
XPK43315.1	XPK42288.1
XPK43317.1	XPK43317.1
XPK43317.1	XPK40337.1
XPK43317.1	XPK41611.1
XPK43317.1	XPK40227.1
XPK43317.1	XPK42022.1
XPK43317.1	XPK42290.1
XPK43317.1	XPK43112.1
XPK43317.1	XPK42733.1
XPK43318.1	XPK43318.1
XPK43319.1	XPK43319.1
XPK43319.1	XPK40339.1
XPK43319.1	XPK42735.1
XPK43319.1	XPK41903.1
XPK43319.1	XPK43114.1
XPK43319.1	XPK40229.1
XPK43319.1	XPK41613.1
XPK43319.1	XPK42024.1
XPK43319.1	XPK42292.1
XPK43325.1	XPK43325.1
XPK43325.1	QXV83868.1
XPK43325.1	QXV81474.1
XPK43325.1	XPK40235.1
XPK43325.1	XPK41619.1
XPK43325.1	XPK41910.1
XPK43325.1	XPK42030.1
XPK43325.1	XPK42298.1
XPK43325.1	XPK43120.1
XPK43325.1	XPK40345.1
XPK43325.1	XPK42742.1
XPK43330.1	XPK43330.1
XPK43330.1	XPK43124.1
XPK43330.1	XPK41914.1
XPK43330.1	XPK42034.1
XPK43330.1	XPK42747.1
XPK43330.1	XPK42301.1
XPK43330.1	XPK41622.1
XPK43330.1	XPK40238.1
XPK43331.1	XPK43331.1
XPK43332.1	XPK43332.1
XPK43334.1	XPK43334.1
XPK43334.1	XPK40354.1
XPK43334.1	XPK42750.1
XPK43335.1	XPK43335.1
XPK43337.1	XPK43337.1
XPK43337.1	XPK40357.1
XPK43337.1	XPK42039.1
XPK43337.1	XPK42753.1
XPK43337.1	XPK43130.1
XPK43338.1	XPK43338.1
XPK43338.1	XPK42046.1
XPK43338.1	XPK40358.1
XPK43338.1	XPK42754.1
XPK43340.1	XPK43340.1
XPK43340.1	XPK40360.1
XPK43340.1	XPK41924.1
XPK43340.1	XPK43339.1
XPK43340.1	XPK40359.1
XPK43340.1	XPK42755.1
XPK43340.1	XPK42047.1
XPK43340.1	XPK43135.1
XPK43340.1	XPK42756.1
XPK43340.1	XPK41645.1
XPK43340.1	XPK41943.1
XPK43342.1	XPK43342.1
XPK43343.1	XPK43343.1
XPK43343.1	XPK40364.1
XPK43343.1	QXV83433.1
XPK43343.1	QXV75070.1
XPK43343.1	QXV76909.1
XPK43343.1	QXV79055.1
XPK43343.1	QXV82048.1
XPK43343.1	QXV83097.1
XPK43343.1	QXV85904.1
XPK43344.1	XPK43344.1
XPK43344.1	XPK40365.1
XPK43345.1	XPK43345.1
XPK43346.1	XPK43346.1
XPK43347.1	XPK43347.1
XPK43348.1	XPK43348.1
XPK43348.1	XPK43333.1
XPK43348.1	XPK41931.1
XPK43348.1	XPK42037.1
XPK43348.1	XPK43144.1
XPK43348.1	XPK40353.1
XPK43348.1	QXV75828.1
XPK43348.1	QXV85563.1
XPK43348.1	QXV76619.1
XPK43348.1	QXV77520.1
XPK43348.1	QXV77955.1
XPK43348.1	QXV84132.1
XPK43348.1	XPK40369.1
XPK43348.1	XPK42761.1
XPK43348.1	XPK43349.1
XPK43348.1	XPK41917.1
XPK43348.1	XPK41930.1
XPK43348.1	XPK42054.1
XPK43348.1	XPK43142.1
XPK43348.1	XPK43145.1
XPK43348.1	XPK42056.1
XPK43348.1	XPK43146.1
XPK43348.1	XPK43132.1
XPK43348.1	XPK41920.1
XPK43348.1	XPK42042.1
XPK43348.1	XPK43327.1
XPK43348.1	XPK40347.1
XPK43348.1	XPK42744.1
XPK43348.1	YP_950499.1
XPK43348.1	XPK42748.1
XPK43348.1	XPK40352.1
XPK43348.1	XPK41915.1
XPK43348.1	XPK42749.1
XPK43348.1	XPK43128.1
XPK43348.1	XPK43143.1
XPK43351.1	XPK43351.1
XPK43353.1	XPK43353.1
XPK43354.1	XPK43354.1
XPK43355.1	XPK43355.1
XPK43361.1	XPK43361.1
XPK43362.1	XPK43362.1
XPK43362.1	XPK42774.1
XPK43362.1	XPK40383.1
XPK43367.1	XPK43367.1
XPK43367.1	XPK42779.1
XPK43367.1	XPK40260.1
XPK43367.1	XPK40388.1
XPK43367.1	XPK41648.1
XPK43367.1	XPK41946.1
XPK43367.1	XPK42075.1
XPK43367.1	XPK42328.1
XPK43367.1	XPK43164.1
XPK43376.1	XPK43376.1
XPK43388.1	XPK43388.1
XPK43388.1	XPK40545.1
XPK43388.1	XPK42966.1
XPK43388.1	XPK43484.1
XPK43388.1	NP_415105.1
XPK43388.1	NP_417496.1
XPK43388.1	NP_416054.1
XPK43388.1	XPK40635.1
XPK43389.1	XPK43389.1
XPK43389.1	XPK40636.1
XPK43389.1	XPK42967.1
XPK43393.1	XPK43393.1
XPK43394.1	XPK43394.1
XPK43397.1	XPK43397.1
XPK43399.1	XPK43399.1
XPK43399.1	XPK40555.1
XPK43399.1	XPK40646.1
XPK43399.1	XPK42977.1
XPK43399.1	XPK43494.1
XPK43400.1	XPK43400.1
XPK43400.1	XPK40556.1
XPK43400.1	XPK40647.1
XPK43400.1	XPK42978.1
XPK43403.1	XPK43403.1
XPK43403.1	XPK40559.1
XPK43403.1	XPK40650.1
XPK43403.1	XPK42981.1
XPK43403.1	XPK43498.1
XPK43403.1	QXV76653.1
XPK43403.1	QXV75636.1
XPK43403.1	QXV77554.1
XPK43403.1	QXV77779.1
XPK43403.1	QXV77991.1
XPK43403.1	QXV79874.1
XPK43403.1	QXV80986.1
XPK43403.1	QXV81209.1
XPK43403.1	QXV82607.1
XPK43403.1	QXV82826.1
XPK43403.1	QXV84166.1
XPK43403.1	QXV85599.1
XPK43403.1	XPK42336.1
XPK43403.1	XPK41113.1
XPK43403.1	XPK41374.1
XPK43403.1	XPK43560.1
XPK43411.1	XPK43411.1
XPK43412.1	XPK43412.1
XPK43413.1	XPK43413.1
XPK43414.1	XPK43414.1
XPK43414.1	XPK40571.1
XPK43414.1	XPK42992.1
XPK43416.1	XPK43416.1
XPK43416.1	XPK40664.1
XPK43416.1	XPK42994.1
XPK43420.1	XPK43420.1
XPK43421.1	XPK43421.1
XPK43421.1	XPK42999.1
XPK43422.1	XPK43422.1
XPK43424.1	XPK43424.1
XPK43424.1	XPK40671.1
XPK43437.1	XPK43437.1
XPK43437.1	XPK40684.1
XPK43437.1	XPK43014.1
XPK43437.1	QXV79429.1
XPK43437.1	QXV80607.1
XPK43437.1	QXV81672.1
XPK43437.1	QXV81675.1
XPK43437.1	QXV80609.1
XPK43437.1	QXV82652.1
XPK43437.1	QXV77821.1
XPK43437.1	QXV81029.1
XPK43437.1	QXV78035.1
XPK43439.1	XPK43439.1
XPK43439.1	XPK40686.1
XPK43439.1	XPK43016.1
XPK43444.1	XPK43444.1
XPK43444.1	XPK43022.1
XPK43445.1	XPK43445.1
XPK43445.1	XPK43023.1
XPK43447.1	XPK43447.1
XPK43447.1	XPK43025.1
XPK43448.1	XPK43448.1
XPK43449.1	XPK43449.1
XPK43450.1	XPK43450.1
XPK43450.1	XPK40696.1
XPK43450.1	XPK43028.1
XPK43450.1	XPK40604.1
XPK43451.1	XPK43451.1
XPK43454.1	XPK43454.1
XPK43455.1	XPK43455.1
XPK43456.1	XPK43456.1
XPK43457.1	XPK43457.1
XPK43461.1	XPK43461.1
XPK43461.1	XPK41812.1
XPK43462.1	XPK43462.1
NP_418290.4	NP_418290.4
NP_418293.2	NP_418293.2
NP_418293.2	NP_418518.1
NP_418293.2	NP_414922.1
NP_418293.2	NP_417230.1
NP_418293.2	NP_418105.1
NP_418293.2	XPK42686.1
NP_418293.2	XPK40286.1
NP_418293.2	XPK41849.1
NP_418293.2	XPK43270.1
NP_418293.2	YP_026215.2
NP_418293.2	NP_415616.1
NP_418293.2	NP_416570.2
NP_418293.2	NP_414645.1
NP_418293.2	NP_417894.2
NP_418293.2	NP_418689.1
NP_418293.2	NP_417460.1
NP_418293.2	NP_415007.1
NP_418293.2	NP_417459.1
NP_418293.2	NP_417458.1
NP_418295.1	NP_418295.1
NP_418297.1	NP_418297.1
NP_418297.1	NP_417369.1
NP_418297.1	NP_415137.2
NP_418300.1	NP_418300.1
NP_418302.1	NP_418302.1
NP_418305.1	NP_418305.1
NP_418306.1	NP_418306.1
NP_418306.1	NP_415813.4
NP_418308.1	NP_418308.1
NP_418308.1	NP_416604.1
NP_418308.1	NP_418139.1
NP_418308.1	NP_415258.1
NP_418308.1	NP_417834.6
NP_418308.1	NP_418526.1
NP_418314.1	NP_418314.1
NP_418314.1	NP_418113.1
NP_418314.1	QXV85544.1
NP_418314.1	QXV76600.1
NP_418314.1	NP_416134.1
NP_418314.1	QXV81372.1
NP_418314.1	QXV78155.1
NP_418314.1	QXV83761.1
NP_418314.1	QXV80934.1
NP_418314.1	QXV75584.1
NP_418314.1	QXV77500.1
NP_418314.1	QXV77727.1
NP_418314.1	QXV77936.1
NP_418314.1	QXV79820.1
NP_418314.1	QXV81156.1
NP_418314.1	QXV82554.1
NP_418314.1	QXV82774.1
NP_418314.1	QXV84112.1
NP_418314.1	NP_414937.2
NP_418314.1	NP_417890.1
NP_418314.1	NP_418660.1
NP_418314.1	NP_417875.1
NP_418314.1	NP_417889.1
NP_418318.1	NP_418318.1
NP_418318.1	NP_417216.1
NP_418318.1	NP_414920.1
NP_418318.1	NP_417594.3
NP_418318.1	NP_415042.1
NP_418318.1	NP_414959.1
NP_418322.1	NP_418322.1
NP_418322.1	NP_417979.1
NP_418323.1	NP_418323.1
NP_418324.1	NP_418324.1
NP_418324.1	NP_416261.1
NP_418325.4	NP_418325.4
NP_418326.2	NP_418326.2
NP_418327.1	NP_418327.1
NP_418329.1	NP_418329.1
NP_418329.1	NP_415992.1
NP_418329.1	NP_417470.1
NP_418331.1	NP_418331.1
NP_418332.1	NP_418332.1
NP_418338.1	NP_418338.1
NP_418346.2	NP_418346.2
NP_418350.1	NP_418350.1
NP_418350.1	NP_415273.1
NP_418353.1	NP_418353.1
NP_418355.1	NP_418355.1
NP_418359.1	NP_418359.1
NP_418359.1	NP_417541.1
NP_418359.1	NP_418286.1
NP_418363.1	NP_418363.1
NP_418364.1	NP_418364.1
NP_418368.1	NP_418368.1
NP_418368.1	NP_416907.1
NP_418371.1	NP_418371.1
NP_418371.1	NP_414830.1
NP_418373.1	NP_418373.1
NP_418377.1	NP_418377.1
NP_418379.1	NP_418379.1
NP_418379.1	NP_416732.4
NP_418384.1	NP_418384.1
NP_418384.1	NP_416887.1
NP_418395.1	NP_418395.1
NP_418395.1	NP_415649.1
NP_418395.1	NP_416128.1
NP_418395.1	NP_418562.4
NP_418605.1	NP_418605.1
NP_418606.1	NP_418606.1
NP_418608.6	NP_418608.6
NP_418610.4	NP_418610.4
NP_418610.4	NP_418620.1
NP_418610.4	NP_418568.2
NP_418613.2	NP_418613.2
NP_418621.5	NP_418621.5
NP_418623.1	NP_418623.1
NP_418624.1	NP_418624.1
NP_418625.1	NP_418625.1
NP_418625.1	NP_418745.3
NP_418627.4	NP_418627.4
NP_418628.4	NP_418628.4
NP_418630.1	NP_418630.1
NP_418631.2	NP_418631.2
NP_418631.2	NP_416468.1
NP_418631.2	NP_415334.1
NP_418631.2	NP_418271.1
NP_418631.2	NP_418378.4
NP_418631.2	YP_026262.1
NP_418631.2	NP_416517.1
NP_418631.2	NP_417651.1
NP_418631.2	NP_415990.5
NP_418631.2	NP_416050.4
NP_418631.2	NP_418116.1
NP_418631.2	NP_418343.1
NP_418631.2	NP_416830.1
NP_418631.2	NP_417529.1
NP_418631.2	NP_415395.2
NP_418631.2	NP_416905.1
NP_418631.2	NP_415633.1
NP_418631.2	NP_415565.1
NP_418631.2	NP_418018.1
NP_418631.2	NP_418539.1
NP_418631.2	NP_415019.1
NP_418631.2	NP_415219.1
NP_418631.2	NP_415812.4
NP_418631.2	NP_416518.2
NP_418631.2	NP_417829.2
NP_418631.2	NP_418556.1
NP_418631.2	YP_026258.1
NP_418631.2	NP_416009.1
NP_418631.2	NP_416420.1
NP_418631.2	NP_416122.1
NP_418631.2	NP_417630.1
NP_418631.2	NP_418165.1
NP_418631.2	NP_416541.1
NP_418631.2	NP_417149.1
NP_418631.2	NP_414654.1
NP_418631.2	NP_414794.4
NP_418631.2	NP_414936.1
NP_418631.2	NP_415108.1
NP_418631.2	NP_415970.4
NP_418631.2	NP_416661.1
NP_418631.2	NP_418629.1
NP_418631.2	NP_417418.1
NP_418631.2	NP_414587.1
NP_418631.2	NP_417318.1
NP_418631.2	NP_418455.1
NP_418631.2	NP_417586.1
NP_418631.2	NP_417724.4
NP_418631.2	NP_418491.1
NP_418631.2	NP_418565.1
NP_418631.2	NP_418580.2
NP_418631.2	YP_026200.1
NP_418631.2	NP_415419.2
NP_418631.2	NP_415700.4
NP_418631.2	NP_415734.1
NP_418631.2	NP_416404.1
NP_418631.2	QXV81411.1
NP_418631.2	QXV78194.1
NP_418631.2	QXV83802.1
NP_418631.2	YP_026201.1
NP_418635.1	NP_418635.1
NP_418635.1	NP_417028.1
NP_418638.2	NP_418638.2
NP_418640.1	NP_418640.1
NP_418641.1	NP_418641.1
NP_418642.1	NP_418642.1
NP_418642.1	YP_026208.1
NP_418642.1	NP_416485.4
NP_418643.1	NP_418643.1
NP_418643.1	XPK42285.1
NP_418643.1	XPK40223.1
NP_418643.1	XPK40333.1
NP_418643.1	XPK41607.1
NP_418643.1	XPK41896.1
NP_418643.1	XPK42017.1
NP_418643.1	XPK42729.1
NP_418643.1	XPK43108.1
NP_418643.1	XPK43313.1
NP_418647.1	NP_418647.1
NP_418653.1	NP_418653.1
NP_418655.1	NP_418655.1
NP_418656.1	NP_418656.1
NP_418656.1	NP_417711.1
NP_418658.1	NP_418658.1
NP_418658.1	QXV76748.1
NP_418658.1	AXN58114.1
NP_418658.1	AYD82672.1
NP_418658.1	NP_049688.1
NP_418658.1	QXV75188.1
NP_418658.1	QXV75466.1
NP_418658.1	QXV75729.1
NP_418658.1	QXV76043.1
NP_418658.1	QXV76402.1
NP_418658.1	QXV77022.1
NP_418658.1	QXV77647.1
NP_418658.1	QXV77857.1
NP_418658.1	QXV78085.1
NP_418658.1	QXV78203.1
NP_418658.1	QXV78630.1
NP_418658.1	QXV78903.1
NP_418658.1	QXV79180.1
NP_418658.1	QXV79967.1
NP_418658.1	QXV81079.1
NP_418658.1	QXV81302.1
NP_418658.1	QXV81420.1
NP_418658.1	QXV81764.1
NP_418658.1	QXV82169.1
NP_418658.1	QXV82696.1
NP_418658.1	QXV82921.1
NP_418658.1	QXV83219.1
NP_418658.1	QXV83557.1
NP_418658.1	QXV83811.1
NP_418658.1	QXV84259.1
NP_418658.1	QXV84930.1
NP_418658.1	QXV85692.1
NP_418658.1	QXV86027.1
NP_418659.1	NP_418659.1
NP_418659.1	QXV78204.1
NP_418659.1	QXV81421.1
NP_418659.1	QXV83812.1
NP_418659.1	QXV81081.1
NP_418659.1	AXN58116.1
NP_418659.1	AYD82673.1
NP_418659.1	NP_049690.1
NP_418659.1	QXV75189.1
NP_418659.1	QXV75467.1
NP_418659.1	QXV75731.1
NP_418659.1	QXV76045.1
NP_418659.1	QXV76403.1
NP_418659.1	QXV76752.1
NP_418659.1	QXV77023.1
NP_418659.1	QXV77651.1
NP_418659.1	QXV77859.1
NP_418659.1	QXV78087.1
NP_418659.1	QXV78631.1
NP_418659.1	QXV78904.1
NP_418659.1	QXV79181.1
NP_418659.1	QXV79969.1
NP_418659.1	QXV80070.1
NP_418659.1	QXV81304.1
NP_418659.1	QXV82170.1
NP_418659.1	QXV82698.1
NP_418659.1	QXV82925.1
NP_418659.1	QXV83221.1
NP_418659.1	QXV83558.1
NP_418659.1	QXV84261.1
NP_418659.1	QXV84359.1
NP_418659.1	QXV84932.1
NP_418659.1	QXV85697.1
NP_418659.1	QXV86028.1
NP_418659.1	QXV81758.1
NP_418659.1	QXV85298.1
NP_418659.1	QXV77266.1
NP_418659.1	QXV79663.1
NP_418659.1	QXV80238.1
NP_418659.1	QXV80410.1
NP_418659.1	QXV84613.1
NP_418659.1	QXV85126.1
NP_418659.1	YP_006927.1
NP_418659.1	NP_415344.1
NP_418659.1	NP_415423.1
NP_418659.1	YP_026205.1
NP_418659.1	NP_418386.1
NP_418659.1	QXV77654.1
NP_418659.1	QXV75734.1
NP_418659.1	QXV76755.1
NP_418659.1	QXV77862.1
NP_418659.1	QXV78091.1
NP_418659.1	QXV79972.1
NP_418659.1	QXV81084.1
NP_418659.1	QXV81307.1
NP_418659.1	QXV81753.1
NP_418659.1	QXV82702.1
NP_418659.1	QXV82928.1
NP_418659.1	QXV84264.1
NP_418659.1	QXV85701.1
NP_418659.1	AXN58264.1
NP_418659.1	AYD82820.1
NP_418659.1	NP_049845.1
NP_418659.1	QXV75069.1
NP_418659.1	QXV75341.1
NP_418659.1	QXV75918.1
NP_418659.1	QXV76275.1
NP_418659.1	QXV76908.1
NP_418659.1	QXV78506.1
NP_418659.1	QXV78775.1
NP_418659.1	QXV79053.1
NP_418659.1	QXV82046.1
NP_418659.1	QXV83095.1
NP_418659.1	QXV83432.1
NP_418659.1	QXV84801.1
NP_418659.1	QXV85902.1
NP_418659.1	NP_417161.1
NP_418659.1	QXV81562.1
NP_418659.1	NP_416737.1
NP_418659.1	QXV78351.1
NP_418659.1	QXV83956.1
NP_418659.1	QXV84616.1
NP_418659.1	QXV77269.1
NP_418659.1	QXV79666.1
NP_418659.1	QXV80073.1
NP_418659.1	QXV80241.1
NP_418659.1	QXV80413.1
NP_418659.1	QXV85129.1
NP_418659.1	QXV85301.1
NP_418659.1	YP_006924.1
NP_418664.2	NP_418664.2
NP_418664.2	NP_417583.4
NP_418664.2	NP_415530.1
NP_418664.2	NP_416323.4
NP_418664.2	NP_418669.1
NP_418665.1	NP_418665.1
NP_418667.1	NP_418667.1
NP_418674.2	NP_418674.2
NP_418676.1	NP_418676.1
NP_418680.1	NP_418680.1
NP_418681.1	NP_418681.1
NP_418681.1	NP_417018.4
NP_418683.4	NP_418683.4
NP_418683.4	NP_418682.1
NP_418684.1	NP_418684.1
NP_418697.1	NP_418697.1
NP_418712.1	NP_418712.1
NP_418715.2	NP_418715.2
NP_418715.2	NP_416029.1
NP_418717.1	NP_418717.1
NP_418717.1	NP_414803.1
NP_418717.1	NP_416365.1
NP_418717.1	YP_026248.1
NP_418729.1	NP_418729.1
NP_418730.4	NP_418730.4
NP_418730.4	NP_415268.1
NP_418730.4	NP_415358.1
NP_418730.4	NP_418144.3
NP_418730.4	NP_415288.1
NP_418733.1	NP_418733.1
NP_418733.1	NP_418732.1
NP_418740.1	NP_418740.1
NP_418740.1	NP_416019.1
NP_418740.1	NP_415048.1
NP_418740.1	NP_417320.1
NP_418740.1	NP_416611.1
NP_418740.1	NP_417614.1
NP_418740.1	NP_414677.1
NP_418740.1	NP_415066.2
NP_418740.1	NP_415461.1
NP_418740.1	NP_414682.1
NP_418740.1	NP_414823.2
NP_418740.1	NP_414826.1
NP_418740.1	NP_415064.1
NP_418740.1	NP_417612.1
NP_418740.1	NP_418736.3
NP_418740.1	NP_415459.1
NP_418740.1	NP_416613.1
NP_418740.1	NP_415245.1
NP_418740.1	NP_415464.4
NP_418740.1	NP_417519.4
NP_418740.1	NP_416839.1
NP_418740.1	NP_417682.1
NP_418740.1	NP_415244.4
NP_418740.1	NP_417520.1
NP_418746.4	NP_418746.4
NP_418749.1	NP_418749.1
NP_418750.2	NP_418750.2
NP_418751.4	NP_418751.4
NP_418753.3	NP_418753.3
NP_418753.3	NP_415969.1
NP_418761.1	NP_418761.1
NP_418765.1	NP_418765.1
NP_418767.4	NP_418767.4
NP_418768.1	NP_418768.1
NP_418769.1	NP_418769.1
NP_418770.2	NP_418770.2
NP_418774.2	NP_418774.2
NP_418774.2	NP_414695.1
NP_418774.2	NP_415130.1
NP_418779.2	NP_418779.2
NP_418780.2	NP_418780.2
NP_418782.1	NP_418782.1
NP_418783.2	NP_418783.2
NP_418784.4	NP_418784.4
NP_418787.1	NP_418787.1
NP_418789.1	NP_418789.1
NP_418796.1	NP_418796.1
NP_418796.1	NP_415345.2
NP_418796.1	NP_415422.1
NP_418796.1	NP_418387.3
NP_418796.1	QXV85787.1
NP_418796.1	QXV77149.1
NP_418796.1	QXV79301.1
NP_418796.1	QXV79560.1
NP_418796.1	QXV82389.1
NP_418796.1	QXV84507.1
NP_418796.1	QXV85465.1
NP_418797.1	NP_418797.1
NP_418799.1	NP_418799.1
NP_418800.1	NP_418800.1
NP_418800.1	NP_417839.1
NP_418800.1	NP_414917.2
NP_418802.1	NP_418802.1
NP_418802.1	NP_416024.1
NP_418804.1	NP_418804.1
NP_418805.1	NP_418805.1
NP_418809.4	NP_418809.4
NP_418810.1	NP_418810.1
NP_418811.2	NP_418811.2
NP_418813.1	NP_418813.1
NP_418819.1	NP_418819.1
NP_597778.1	NP_597778.1
NP_597778.1	QXV85929.1
NP_597778.1	XPK40720.1
NP_597778.1	YP_007112567.1
NP_757382.1	NP_757382.1
NP_813808.1	NP_813808.1
NP_813809.1	NP_813809.1
NP_813811.1	NP_813811.1
QXV78107.1	QXV78107.1
QXV78107.1	QXV81323.1
QXV78107.1	QXV82718.1
QXV78107.1	QXV85717.1
QXV78107.1	QXV84280.1
QXV78107.1	QXV77878.1
QXV78107.1	QXV79988.1
QXV78107.1	QXV81100.1
QXV78107.1	QXV77670.1
QXV78107.1	QXV82944.1
QXV78121.1	QXV78121.1
QXV78121.1	QXV81338.1
QXV78121.1	QXV82959.1
QXV78121.1	QXV84296.1
QXV78121.1	QXV85732.1
QXV78122.1	QXV78122.1
QXV78123.1	QXV78123.1
QXV78125.1	QXV78125.1
QXV78128.1	QXV78128.1
QXV78129.1	QXV78129.1
QXV78129.1	QXV77902.1
QXV78129.1	QXV76795.1
QXV78129.1	QXV81346.1
QXV78129.1	QXV82741.1
QXV78129.1	QXV82966.1
QXV78129.1	QXV84304.1
QXV78129.1	QXV77694.1
QXV78129.1	QXV80011.1
QXV78129.1	QXV75772.1
QXV78129.1	QXV81123.1
QXV78129.1	QXV85740.1
QXV78130.1	QXV78130.1
QXV78130.1	QXV81347.1
QXV78130.1	QXV83736.1
QXV78131.1	QXV78131.1
QXV78135.1	QXV78135.1
QXV78135.1	QXV81352.1
QXV78135.1	QXV83741.1
QXV78142.1	QXV78142.1
QXV78142.1	QXV81359.1
QXV78142.1	QXV83748.1
QXV78142.1	QXV75564.1
QXV78142.1	QXV76579.1
QXV78142.1	QXV77480.1
QXV78142.1	QXV77707.1
QXV78142.1	QXV77915.1
QXV78142.1	QXV79800.1
QXV78142.1	QXV80913.1
QXV78142.1	QXV81136.1
QXV78142.1	QXV82534.1
QXV78142.1	QXV82754.1
QXV78142.1	QXV84092.1
QXV78142.1	QXV85524.1
QXV78142.1	QXV81703.1
QXV78142.1	QXV78989.1
QXV78142.1	AXN58197.1
QXV78142.1	AYD82762.1
QXV78142.1	NP_049774.1
QXV78142.1	QXV75276.1
QXV78142.1	QXV75551.1
QXV78142.1	QXV76131.1
QXV78142.1	QXV76482.1
QXV78142.1	QXV77113.1
QXV78142.1	QXV78708.1
QXV78142.1	QXV79265.1
QXV78142.1	QXV82253.1
QXV78142.1	QXV83303.1
QXV78142.1	QXV83645.1
QXV78142.1	QXV85007.1
QXV78142.1	QXV86114.1
QXV78142.1	XPK41226.1
QXV78146.1	QXV78146.1
QXV78147.1	QXV78147.1
QXV78147.1	QXV81364.1
QXV78147.1	QXV83753.1
QXV78147.1	NP_046782.1
QXV78147.1	QXV81708.1
QXV78147.1	XPK41237.1
QXV78159.1	QXV78159.1
QXV78159.1	QXV81376.1
QXV78159.1	QXV83767.1
QXV78163.1	QXV78163.1
QXV78163.1	QXV81380.1
QXV78163.1	QXV83771.1
QXV78163.1	QXV76606.1
QXV78163.1	QXV75590.1
QXV78163.1	QXV77733.1
QXV78163.1	QXV77942.1
QXV78163.1	QXV79826.1
QXV78163.1	QXV80940.1
QXV78163.1	QXV81162.1
QXV78163.1	QXV82560.1
QXV78163.1	QXV85550.1
QXV78163.1	QXV82780.1
QXV78163.1	QXV77506.1
QXV78163.1	QXV84118.1
QXV78164.1	QXV78164.1
QXV78164.1	QXV81381.1
QXV78164.1	QXV83772.1
QXV78166.1	QXV78166.1
QXV78166.1	QXV81383.1
QXV78166.1	QXV83774.1
QXV78166.1	NP_417728.4
QXV78168.1	QXV78168.1
QXV78168.1	QXV81385.1
QXV78168.1	QXV83776.1
QXV78186.1	QXV78186.1
QXV78186.1	QXV81403.1
QXV78186.1	QXV83794.1
QXV78188.1	QXV78188.1
QXV78198.1	QXV78198.1
QXV78198.1	QXV81415.1
QXV78198.1	QXV83806.1
QXV78201.1	QXV78201.1
QXV78201.1	QXV81418.1
QXV78201.1	QXV83809.1
QXV78308.1	QXV78308.1
QXV78308.1	QXV81522.1
QXV78308.1	QXV83913.1
QXV78308.1	NP_414688.1
QXV78309.1	QXV78309.1
QXV78312.1	QXV78312.1
QXV78316.1	QXV78316.1
QXV78316.1	QXV81530.1
QXV78316.1	QXV83921.1
QXV78318.1	QXV78318.1
QXV78319.1	QXV78319.1
QXV78319.1	QXV83924.1
QXV78320.1	QXV78320.1
QXV78329.1	QXV78329.1
QXV78329.1	QXV81540.1
QXV78329.1	QXV83934.1
QXV78334.1	QXV78334.1
QXV78334.1	QXV81545.1
QXV78334.1	QXV83939.1
QXV78335.1	QXV78335.1
QXV78338.1	QXV78338.1
QXV78345.1	QXV78345.1
QXV78346.1	QXV78346.1
QXV78346.1	QXV81557.1
QXV78346.1	QXV83951.1
QXV78352.1	QXV78352.1
QXV78352.1	QXV81563.1
QXV78352.1	QXV83957.1
QXV78358.1	QXV78358.1
QXV78358.1	QXV81569.1
QXV78358.1	QXV83963.1
QXV78358.1	QXV76759.1
QXV78358.1	QXV75738.1
QXV78358.1	QXV77658.1
QXV78358.1	QXV77866.1
QXV78358.1	QXV78095.1
QXV78358.1	QXV79976.1
QXV78358.1	QXV81088.1
QXV78358.1	QXV81311.1
QXV78358.1	QXV82706.1
QXV78358.1	QXV82932.1
QXV78358.1	QXV84268.1
QXV78358.1	QXV85705.1
QXV78358.1	QXV85778.1
QXV78360.1	QXV78360.1
QXV78360.1	QXV81571.1
QXV78360.1	QXV83965.1
QXV78360.1	QXV82938.1
QXV78360.1	QXV75744.1
QXV78360.1	QXV76765.1
QXV78360.1	QXV77664.1
QXV78360.1	QXV77872.1
QXV78360.1	QXV78101.1
QXV78360.1	QXV79982.1
QXV78360.1	QXV81094.1
QXV78360.1	QXV81317.1
QXV78360.1	QXV82712.1
QXV78360.1	QXV84274.1
QXV78360.1	QXV85711.1
QXV78366.1	QXV78366.1
QXV78375.1	QXV78375.1
QXV78386.1	QXV78386.1
QXV78392.1	QXV78392.1
QXV78393.1	QXV78393.1
QXV78394.1	QXV78394.1
QXV78394.1	QXV76796.1
QXV78394.1	QXV80850.1
QXV78395.1	QXV78395.1
QXV78395.1	QXV76797.1
QXV78396.1	QXV78396.1
QXV78397.1	QXV78397.1
QXV78400.1	QXV78400.1
QXV78401.1	QXV78401.1
QXV78401.1	QXV76803.1
QXV78402.1	QXV78402.1
QXV78403.1	QXV78403.1
QXV78403.1	QXV76805.1
QXV78406.1	QXV78406.1
QXV78406.1	QXV76808.1
QXV78407.1	QXV78407.1
QXV78410.1	QXV78410.1
QXV78412.1	QXV78412.1
QXV78412.1	QXV76815.1
QXV78412.1	XPK40870.1
QXV78417.1	QXV78417.1
QXV78426.1	QXV78426.1
QXV78428.1	QXV78428.1
QXV78429.1	QXV78429.1
QXV78431.1	QXV78431.1
QXV78444.1	QXV78444.1
QXV78444.1	AXN58200.1
QXV78444.1	AYD82765.1
QXV78444.1	NP_049780.1
QXV78444.1	QXV75008.1
QXV78444.1	QXV75279.1
QXV78444.1	QXV75857.1
QXV78444.1	QXV76212.1
QXV78444.1	QXV76847.1
QXV78444.1	QXV78711.1
QXV78444.1	QXV78992.1
QXV78444.1	QXV81984.1
QXV78444.1	QXV83034.1
QXV78444.1	QXV83370.1
QXV78444.1	QXV84739.1
QXV78444.1	QXV85840.1
QXV78447.1	QXV78447.1
QXV78475.1	QXV78475.1
QXV78485.1	QXV78485.1
QXV78486.1	QXV78486.1
QXV78499.1	QXV78499.1
QXV78499.1	QXV76269.1
QXV78499.1	QXV79047.1
QXV78499.1	QXV75063.1
QXV78499.1	QXV76902.1
QXV78499.1	QXV78768.1
QXV78499.1	QXV82039.1
QXV78499.1	QXV83089.1
QXV78499.1	AXN58257.1
QXV78499.1	QXV85895.1
QXV78499.1	NP_049836.2
QXV78499.1	QXV83425.1
QXV78499.1	QXV75334.1
QXV78499.1	QXV75912.1
QXV78499.1	QXV84794.1
QXV78508.1	QXV78508.1
QXV78508.1	QXV75920.1
QXV78508.1	QXV76277.1
QXV78508.1	QXV75343.1
QXV78508.1	AYD82822.1
QXV78508.1	AXN58266.1
QXV78508.1	QXV84803.1
QXV78508.1	NP_049847.1
QXV78508.1	QXV78777.1
QXV78516.1	QXV78516.1
QXV78516.1	QXV75351.1
QXV78516.1	QXV76285.1
QXV78516.1	QXV78786.1
QXV78516.1	QXV79063.1
QXV78516.1	QXV83105.1
QXV78516.1	QXV85911.1
QXV78516.1	AXN58275.1
QXV78516.1	AYD82829.1
QXV78516.1	NP_049853.1
QXV78516.1	QXV75246.1
QXV78516.1	QXV75928.1
QXV78516.1	QXV77080.1
QXV78516.1	QXV82057.1
QXV78516.1	QXV84812.1
QXV78531.1	QXV78531.1
QXV78540.1	QXV78540.1
QXV78543.1	QXV78543.1
QXV78544.1	QXV78544.1
QXV78544.1	AXN58301.1
QXV78544.1	QXV76315.1
QXV78544.1	QXV79092.1
QXV78544.1	QXV83134.1
QXV78544.1	QXV84841.1
QXV78545.1	QXV78545.1
QXV78547.1	QXV78547.1
QXV78555.1	QXV78555.1
QXV78555.1	QXV75967.1
QXV78555.1	QXV78826.1
QXV78555.1	QXV84853.1
QXV78555.1	AXN58045.1
QXV78555.1	AYD82601.1
QXV78555.1	QXV75391.1
QXV78555.1	QXV76327.1
QXV78555.1	QXV79104.1
QXV78555.1	QXV82096.1
QXV78555.1	QXV83146.1
QXV78555.1	QXV83480.1
QXV78555.1	QXV85952.1
QXV78575.1	QXV78575.1
QXV78575.1	QXV75412.1
QXV78581.1	QXV78581.1
QXV78585.1	QXV78585.1
QXV78596.1	QXV78596.1
QXV78607.1	QXV78607.1
QXV78612.1	QXV78612.1
QXV78622.1	QXV78622.1
QXV78628.1	QXV78628.1
QXV78629.1	QXV78629.1
QXV78651.1	QXV78651.1
QXV78654.1	QXV78654.1
QXV78654.1	NP_049714.1
QXV78654.1	QXV83583.1
QXV78666.1	QXV78666.1
QXV78667.1	QXV78667.1
QXV78667.1	AYD82718.1
QXV78667.1	QXV84963.1
QXV78667.1	NP_049728.1
QXV78667.1	QXV75222.1
QXV78667.1	QXV77055.1
QXV78667.1	QXV79225.1
QXV78667.1	QXV82209.1
QXV78667.1	QXV78947.1
QXV78667.1	QXV83261.1
QXV78667.1	QXV76441.1
QXV78667.1	QXV83599.1
QXV78667.1	QXV86072.1
QXV78667.1	QXV75508.1
QXV78667.1	QXV76087.1
QXV78668.1	QXV78668.1
QXV78668.1	QXV75509.1
QXV78684.1	QXV78684.1
QXV78684.1	QXV84981.1
QXV78684.1	NP_049746.1
QXV78684.1	QXV75525.1
QXV78684.1	QXV83620.1
QXV78684.1	QXV76106.1
QXV78684.1	QXV82228.1
QXV78684.1	QXV83278.1
QXV78684.1	QXV78965.1
QXV78684.1	AYD82736.1
QXV78684.1	QXV79241.1
QXV78684.1	QXV76458.1
QXV78684.1	AXN58168.1
QXV78684.1	QXV86089.1
QXV78686.1	QXV78686.1
QXV80007.1	QXV80007.1
QXV80009.1	QXV80009.1
QXV80010.1	QXV80010.1
QXV80012.1	QXV80012.1
QXV80012.1	QXV84305.1
QXV80012.1	QXV84557.1
QXV80012.1	QXV85241.1
QXV80012.1	YP_006984.1
QXV80012.1	QXV77207.1
QXV80012.1	QXV79608.1
QXV80012.1	QXV80182.1
QXV80012.1	QXV80354.1
QXV80012.1	QXV85071.1
QXV80014.1	QXV80014.1
QXV80014.1	QXV77209.1
QXV80014.1	QXV79610.1
QXV80014.1	QXV80185.1
QXV80014.1	QXV80356.1
QXV80014.1	QXV84307.1
QXV80014.1	QXV84559.1
QXV80014.1	QXV85073.1
QXV80014.1	QXV85244.1
QXV80014.1	YP_006981.1
QXV80014.1	QXV81599.1
QXV80014.1	XPK43368.1
QXV80014.1	XPK40524.1
QXV80014.1	XPK40613.1
QXV80014.1	XPK42944.1
QXV80016.1	QXV80016.1
QXV80019.1	QXV80019.1
QXV80020.1	QXV80020.1
QXV80021.1	QXV80021.1
QXV80044.1	QXV80044.1
QXV80044.1	QXV85100.1
QXV80063.1	QXV80063.1
QXV80063.1	QXV79655.1
QXV80063.1	QXV80402.1
QXV80063.1	QXV84354.1
QXV80063.1	QXV84605.1
QXV80063.1	YP_006934.1
QXV80063.1	QXV85118.1
QXV80072.1	QXV80072.1
QXV80072.1	QXV79665.1
QXV80072.1	QXV80240.1
QXV80072.1	QXV84362.1
QXV80072.1	QXV84615.1
QXV80072.1	QXV85128.1
QXV80072.1	QXV85300.1
QXV80080.1	QXV80080.1
QXV80081.1	QXV80081.1
QXV80081.1	NP_415319.1
QXV80081.1	QXV80247.1
QXV80081.1	AYD82797.1
QXV80081.1	AXN58238.1
QXV80081.1	NP_049816.1
QXV80081.1	QXV75042.1
QXV80081.1	QXV75314.1
QXV80081.1	QXV75891.1
QXV80081.1	QXV76249.1
QXV80081.1	QXV76881.1
QXV80081.1	QXV78479.1
QXV80081.1	QXV78747.1
QXV80081.1	QXV79026.1
QXV80081.1	QXV82019.1
QXV80081.1	QXV83068.1
QXV80081.1	QXV83404.1
QXV80081.1	QXV84774.1
QXV80081.1	QXV85874.1
QXV80081.1	QXV83846.1
QXV80081.1	QXV78236.1
QXV80081.1	QXV81452.1
QXV80085.1	QXV80085.1
QXV80091.1	QXV80091.1
QXV80092.1	QXV80092.1
QXV80093.1	QXV80093.1
QXV80100.1	QXV80100.1
QXV80102.1	QXV80102.1
QXV80104.1	QXV80104.1
QXV80225.1	QXV80225.1
QXV80225.1	QXV80058.1
QXV80225.1	YP_006940.1
QXV80225.1	QXV84599.1
QXV80225.1	QXV85285.1
QXV80225.1	QXV77250.1
QXV80225.1	QXV79650.1
QXV80225.1	QXV80397.1
QXV80225.1	QXV84349.1
QXV80227.1	QXV80227.1
QXV80230.1	QXV80230.1
QXV80230.1	QXV80062.1
QXV80230.1	QXV80401.1
QXV80230.1	QXV77257.1
QXV80230.1	QXV84353.1
QXV80230.1	QXV85289.1
QXV80230.1	QXV79654.1
QXV80230.1	QXV84604.1
QXV80230.1	QXV85117.1
QXV80230.1	YP_006935.1
QXV80231.1	QXV80231.1
QXV80231.1	QXV77258.1
QXV80231.1	QXV85290.1
QXV80233.1	QXV80233.1
QXV80233.1	QXV80065.1
QXV80233.1	YP_006932.1
QXV80235.1	QXV80235.1
QXV80236.1	QXV80236.1
QXV80236.1	YP_006929.1
QXV80236.1	QXV80068.1
QXV80237.1	QXV80237.1
QXV80249.1	QXV80249.1
QXV80249.1	QXV80424.1
QXV80249.1	QXV84626.1
QXV80249.1	QXV85140.1
QXV80249.1	QXV85312.1
QXV80253.1	QXV80253.1
QXV80253.1	QXV77282.1
QXV80253.1	QXV79679.1
QXV80253.1	QXV80086.1
QXV80253.1	QXV80428.1
QXV80253.1	QXV84375.1
QXV80253.1	QXV84630.1
QXV80253.1	QXV85145.1
QXV80253.1	QXV85316.1
QXV80253.1	YP_006913.1
QXV80258.1	QXV80258.1
QXV80259.1	QXV80259.1
QXV80260.1	QXV80260.1
QXV80262.1	QXV80262.1
QXV80264.1	QXV80264.1
QXV80267.1	QXV80267.1
QXV80269.1	QXV80269.1
QXV80271.1	QXV80271.1
QXV80271.1	YP_006899.1
QXV80272.1	QXV80272.1
QXV80274.1	QXV80274.1
QXV80279.1	QXV80279.1
QXV80287.1	QXV80287.1
QXV80288.1	QXV80288.1
QXV80297.1	QXV80297.1
QXV80297.1	QXV80126.1
QXV80297.1	QXV84405.1
QXV80297.1	QXV84675.1
QXV80305.1	QXV80305.1
QXV80305.1	QXV79737.1
QXV80305.1	QXV80133.1
QXV80305.1	QXV80485.1
QXV80305.1	QXV85198.1
QXV80305.1	QXV85371.1
QXV80305.1	QXV84682.1
XPK43663.1	XPK43663.1
XPK43663.1	XPK41216.1
XPK43668.1	XPK43668.1
XPK43668.1	XPK40447.1
XPK43668.1	XPK40958.1
XPK43668.1	XPK42080.1
XPK43668.1	XPK42447.1
XPK43668.1	XPK42582.1
XPK43668.1	XPK43169.1
XPK43668.1	QXV81695.1
XPK43668.1	XPK41942.1
XPK43670.1	XPK43670.1
XPK43671.1	XPK43671.1
XPK43672.1	XPK43672.1
XPK43678.1	XPK43678.1
XPK43678.1	XPK40458.1
XPK43678.1	XPK40969.1
XPK43678.1	XPK42090.1
XPK43678.1	XPK42458.1
XPK43678.1	XPK42593.1
XPK43678.1	XPK43179.1
XPK43679.1	XPK43679.1
XPK43686.1	XPK43686.1
XPK43686.1	XPK40466.1
XPK43686.1	XPK42098.1
XPK43686.1	XPK42466.1
XPK43686.1	XPK40977.1
XPK43687.1	XPK43687.1
XPK43696.1	XPK43696.1
XPK43702.1	XPK43702.1
XPK43702.1	XPK42114.1
XPK43702.1	XPK43202.1
XPK43703.1	XPK43703.1
XPK43703.1	XPK42115.1
XPK43703.1	XPK42482.1
XPK43703.1	XPK43203.1
XPK43703.1	XPK40993.1
XPK43703.1	XPK42616.1
XPK43704.1	XPK43704.1
XPK43704.1	XPK42483.1
XPK43710.1	XPK43710.1
XPK43711.1	XPK43711.1
XPK43715.1	XPK43715.1
XPK43718.1	XPK43718.1
XPK43718.1	XPK42497.1
XPK43719.1	XPK43719.1
XPK43722.1	XPK43722.1
XPK43722.1	XPK40501.1
XPK43726.1	XPK43726.1
XPK43727.1	XPK43727.1
XPK43727.1	XPK42641.1
XPK43728.1	XPK43728.1
XPK43728.1	XPK40507.1
XPK43728.1	XPK42140.1
XPK43730.1	XPK43730.1
XPK43730.1	XPK42142.1
XPK43730.1	XPK40509.1
XPK43730.1	XPK42510.1
XPK43730.1	XPK43230.1
XPK43730.1	XPK41019.1
XPK43730.1	XPK42644.1
XPK43731.1	XPK43731.1
XPK43732.1	XPK43732.1
XPK43734.1	XPK43734.1
XPK43734.1	QXV79508.1
XPK43734.1	QXV81976.1
XPK43734.1	QXV83027.1
XPK43734.1	QXV83363.1
XPK43734.1	QXV85067.1
XPK43734.1	XPK41100.1
XPK43734.1	XPK41710.1
XPK43734.1	XPK42647.1
XPK43734.1	XPK42938.1
XPK43737.1	XPK43737.1
XPK43738.1	XPK43738.1
XPK43739.1	XPK43739.1
XPK43740.1	XPK43740.1
XPK43740.1	XPK40515.1
XPK43742.1	XPK43742.1
XPK43743.1	XPK43743.1
XPK43744.1	XPK43744.1
XPK43744.1	XPK40519.1
XPK43746.1	XPK43746.1
XPK43746.1	XPK40521.1
XPK43747.1	XPK43747.1
YP_001165307.1	YP_001165307.1
YP_001165308.1	YP_001165308.1
YP_001165309.1	YP_001165309.1
YP_001165313.1	YP_001165313.1
YP_001165314.1	YP_001165314.1
YP_001165315.1	YP_001165315.1
YP_001165316.1	YP_001165316.1
YP_001165317.1	YP_001165317.1
YP_001165318.1	YP_001165318.1
YP_001165319.1	YP_001165319.1
YP_001165320.1	YP_001165320.1
YP_001165321.1	YP_001165321.1
YP_001165325.1	YP_001165325.1
YP_001165328.2	YP_001165328.2
YP_001165331.1	YP_001165331.1
YP_001165332.1	YP_001165332.1
YP_001165333.1	YP_001165333.1
YP_001165334.1	YP_001165334.1
YP_001491546.1	YP_001491546.1
YP_001491548.1	YP_001491548.1
YP_001551744.1	YP_001551744.1
YP_001551744.1	YP_588452.1
YP_002791237.1	YP_002791237.1
YP_002791238.1	YP_002791238.1
YP_002791239.1	YP_002791239.1
YP_002791240.1	YP_002791240.1
YP_002791241.1	YP_002791241.1
YP_002791242.1	YP_002791242.1
YP_002791243.1	YP_002791243.1
YP_002791244.1	YP_002791244.1
YP_002791245.1	YP_002791245.1
YP_002791246.1	YP_002791246.1
YP_002791247.1	YP_002791247.1
YP_002791248.1	YP_002791248.1
YP_002791249.1	YP_002791249.1
YP_002791250.1	YP_002791250.1
YP_002791251.1	YP_002791251.1
YP_002791252.1	YP_002791252.1
YP_002791253.1	YP_002791253.1
YP_002791254.1	YP_002791254.1
YP_002791255.1	YP_002791255.1
YP_002791256.1	YP_002791256.1
YP_002791257.1	YP_002791257.1
YP_002791258.1	YP_002791258.1
YP_002791259.1	YP_002791259.1
YP_002791260.1	YP_002791260.1
YP_002791261.1	YP_002791261.1
YP_003933616.1	YP_003933616.1
YP_004831120.1	YP_004831120.1
YP_006471.1	YP_006471.1
YP_006472.1	YP_006472.1
YP_006472.1	NP_417370.1
YP_006472.1	NP_418256.1
YP_006473.1	YP_006473.1
YP_006474.1	YP_006474.1
YP_006475.1	YP_006475.1
YP_006476.1	YP_006476.1
YP_006477.1	YP_006477.1
YP_006478.1	YP_006478.1
YP_006479.1	YP_006479.1
YP_006481.1	YP_006481.1
YP_006481.1	QXV84004.1
YP_006481.1	QXV79362.1
YP_006481.1	QXV80540.1
YP_006481.1	QXV80680.1
YP_006481.1	QXV81609.1
YP_006481.1	QXV82258.1
YP_006481.1	QXV82442.1
YP_006481.1	QXV83650.1
YP_006481.1	QXV77380.1
YP_006481.1	QXV80771.1
YP_006481.1	QXV76138.1
YP_006481.1	QXV76487.1
YP_006481.1	QXV81833.1
YP_006482.1	YP_006482.1
YP_006483.1	YP_006483.1
YP_006486.1	YP_006486.1
YP_006489.1	YP_006489.1
YP_006490.1	YP_006490.1
YP_006491.1	YP_006491.1
YP_006492.1	YP_006492.1
YP_006493.1	YP_006493.1
YP_006494.1	YP_006494.1
YP_006495.1	YP_006495.1
YP_006498.1	YP_006498.1
YP_006498.1	XPK40765.1
YP_006498.1	YP_006497.1
YP_006498.1	YP_007112600.1
YP_006498.1	XPK42513.1
YP_006498.1	XPK41022.1
YP_006498.1	XPK40511.1
YP_006498.1	XPK42145.1
YP_006498.1	XPK43232.1
YP_006503.1	YP_006503.1
YP_006504.1	YP_006504.1
YP_006505.1	YP_006505.1
YP_006505.1	QXV81714.1
YP_006505.1	QXV83765.1
YP_006505.1	QXV78157.1
YP_006505.1	QXV81374.1
YP_006505.1	QXV84110.1
YP_006505.1	QXV75582.1
YP_006505.1	QXV76598.1
YP_006505.1	QXV77498.1
YP_006505.1	QXV77725.1
YP_006505.1	QXV77934.1
YP_006505.1	QXV79818.1
YP_006505.1	QXV80932.1
YP_006505.1	QXV81154.1
YP_006505.1	QXV82552.1
YP_006505.1	QXV82772.1
YP_006505.1	QXV85542.1
YP_006505.1	XPK43581.1
YP_006505.1	XPK41134.1
YP_006505.1	XPK41395.1
YP_006505.1	XPK42357.1
YP_006507.1	YP_006507.1
YP_006508.1	YP_006508.1
YP_006509.1	YP_006509.1
YP_006511.1	YP_006511.1
YP_006512.1	YP_006512.1
YP_006512.1	QXV76731.1
YP_006512.1	QXV75712.1
YP_006512.1	QXV77630.1
YP_006512.1	QXV78068.1
YP_006512.1	QXV79950.1
YP_006512.1	QXV81062.1
YP_006512.1	QXV81285.1
YP_006512.1	QXV82904.1
YP_006512.1	QXV84242.1
YP_006512.1	QXV85675.1
YP_006513.1	YP_006513.1
YP_006514.1	YP_006514.1
YP_006515.1	YP_006515.1
YP_006516.1	YP_006516.1
YP_006516.1	YP_006517.1
YP_006518.1	YP_006518.1
YP_006518.1	XPK40752.1
YP_006518.1	NP_415877.1
YP_006519.1	YP_006519.1
YP_006519.1	NP_414725.1
YP_006519.1	QXV79311.1
YP_006519.1	QXV77157.1
YP_006519.1	QXV79568.1
YP_006519.1	QXV82397.1
YP_006519.1	QXV84515.1
YP_006519.1	QXV85474.1
YP_006519.1	QXV85796.1
YP_006520.1	YP_006520.1
YP_006521.1	YP_006521.1
YP_006524.1	YP_006524.1
YP_006528.1	YP_006528.1
YP_006529.1	YP_006529.1
YP_006530.1	YP_006530.1
YP_006531.1	YP_006531.1
YP_006532.1	YP_006532.1
YP_006533.1	YP_006533.1
YP_006534.1	YP_006534.1
YP_006534.1	AXN58185.1
YP_006534.1	AYD82751.1
YP_006534.1	NP_049763.1
YP_006534.1	QXV75540.1
YP_006534.1	QXV76120.1
YP_006534.1	QXV76471.1
YP_006534.1	QXV78697.1
YP_006534.1	QXV78978.1
YP_006534.1	QXV79254.1
YP_006534.1	QXV82242.1
YP_006534.1	QXV83292.1
YP_006534.1	QXV83634.1
YP_006534.1	QXV84996.1
YP_006534.1	QXV86103.1
YP_006534.1	QXV77102.1
YP_006534.1	QXV75265.1
YP_006535.1	YP_006535.1
NP_416938.1	NP_416938.1
NP_416939.1	NP_416939.1
NP_416940.2	NP_416940.2
NP_416941.1	NP_416941.1
NP_416942.1	NP_416942.1
NP_416943.2	NP_416943.2
NP_416944.1	NP_416944.1
NP_416945.2	NP_416945.2
NP_416951.1	NP_416951.1
NP_416954.1	NP_416954.1
NP_416961.1	NP_416961.1
NP_416961.1	NP_417007.1
NP_416963.1	NP_416963.1
NP_416963.1	NP_417363.2
NP_416966.1	NP_416966.1
NP_416966.1	NP_416990.1
NP_416966.1	NP_417960.1
NP_416972.4	NP_416972.4
NP_416972.4	NP_415279.1
NP_416975.1	NP_416975.1
NP_416975.1	NP_415840.1
NP_416975.1	NP_416225.1
NP_416975.1	NP_418637.1
NP_416975.1	NP_415138.1
NP_416978.4	NP_416978.4
NP_416978.4	NP_416785.1
NP_416978.4	NP_417202.1
NP_416980.1	NP_416980.1
NP_416980.1	NP_417561.1
NP_416980.1	QXV85326.1
NP_416980.1	QXV79693.1
NP_416980.1	QXV80443.1
NP_416980.1	QXV84640.1
NP_416980.1	QXV85162.1
NP_416980.1	NP_415272.1
NP_416981.1	NP_416981.1
NP_416981.1	NP_416779.2
NP_416981.1	NP_416780.1
NP_416981.1	NP_416979.1
NP_416984.1	NP_416984.1
NP_416984.1	NP_417199.1
NP_416985.4	NP_416985.4
NP_416988.1	NP_416988.1
NP_416988.1	NP_416118.1
NP_416988.1	NP_416203.1
NP_416988.1	NP_417931.4
NP_416989.1	NP_416989.1
NP_416989.1	NP_418157.1
NP_416993.2	NP_416993.2
NP_416995.1	NP_416995.1
NP_416996.1	NP_416996.1
NP_416997.1	NP_416997.1
NP_416997.1	YP_026252.1
NP_416999.1	NP_416999.1
NP_417001.1	NP_417001.1
NP_417004.1	NP_417004.1
NP_417005.2	NP_417005.2
NP_417009.1	NP_417009.1
NP_417011.1	NP_417011.1
NP_417012.1	NP_417012.1
NP_417013.1	NP_417013.1
NP_417015.1	NP_417015.1
NP_417016.4	NP_417016.4
NP_417017.4	NP_417017.4
NP_417019.1	NP_417019.1
NP_417020.1	NP_417020.1
NP_417022.1	NP_417022.1
NP_417023.1	NP_417023.1
NP_417023.1	NP_414698.1
NP_417023.1	NP_416199.1
NP_417024.1	NP_417024.1
NP_417027.1	NP_417027.1
NP_417027.1	NP_418108.1
NP_417027.1	NP_418820.1
NP_417030.2	NP_417030.2
NP_417034.1	NP_417034.1
NP_417035.1	NP_417035.1
NP_417035.1	NP_417825.1
NP_417263.1	NP_417263.1
NP_417263.1	NP_418645.2
NP_417264.1	NP_417264.1
NP_417264.1	NP_418107.1
NP_417265.1	NP_417265.1
NP_417272.1	NP_417272.1
NP_417273.1	NP_417273.1
NP_417274.1	NP_417274.1
NP_417275.1	NP_417275.1
NP_417287.1	NP_417287.1
NP_417293.1	NP_417293.1
NP_417294.4	NP_417294.4
NP_417294.4	NP_418590.1
NP_417295.1	NP_417295.1
NP_417297.1	NP_417297.1
NP_417297.1	NP_417299.1
NP_417300.1	NP_417300.1
NP_417300.1	NP_417789.4
NP_417301.4	NP_417301.4
NP_417301.4	XPK40864.1
NP_417302.1	NP_417302.1
NP_417302.1	NP_417790.1
NP_417305.1	NP_417305.1
NP_417308.1	NP_417308.1
NP_417309.1	NP_417309.1
NP_417309.1	NP_416609.1
NP_417313.1	NP_417313.1
NP_417324.1	NP_417324.1
NP_417325.4	NP_417325.4
NP_417326.2	NP_417326.2
NP_417330.1	NP_417330.1
NP_417341.4	NP_417341.4
NP_417342.1	NP_417342.1
NP_417342.1	NP_414818.1
NP_417344.1	NP_417344.1
NP_417345.1	NP_417345.1
NP_417345.1	NP_415719.2
NP_417345.1	NP_415839.1
NP_417345.1	NP_416986.4
NP_417345.1	NP_417189.2
NP_417345.1	NP_417211.1
NP_417352.2	NP_417352.2
NP_417353.1	NP_417353.1
NP_417353.1	NP_417227.1
NP_417353.1	NP_418294.1
NP_417354.1	NP_417354.1
NP_417355.4	NP_417355.4
NP_417355.4	NP_414858.1
NP_417355.4	NP_414871.1
NP_417355.4	NP_417349.4
NP_417355.4	NP_418519.1
NP_417355.4	NP_415045.1
NP_417355.4	NP_418748.1
NP_417355.4	NP_415203.1
NP_417355.4	NP_417359.1
NP_417355.4	YP_026237.1
NP_417355.4	NP_416098.1
NP_417355.4	NP_417259.1
NP_417355.4	NP_417268.1
NP_417355.4	NP_417267.1
NP_417355.4	NP_416750.2
NP_417356.1	NP_417356.1
NP_417356.1	NP_414819.1
NP_417356.1	NP_417343.1
NP_417357.1	NP_417357.1
NP_417358.2	NP_417358.2
NP_417358.2	NP_418111.1
NP_417358.2	NP_415046.4
NP_417358.2	NP_415950.4
NP_417358.2	NP_416992.1
NP_417358.2	NP_415526.4
NP_417358.2	NP_417364.2
NP_417358.2	NP_417836.1
NP_417358.2	NP_418110.1
NP_417358.2	NP_418120.2
NP_417358.2	NP_418170.1
NP_417358.2	YP_026186.1
NP_417358.2	NP_418488.1
NP_417358.2	NP_414985.1
NP_417358.2	NP_416315.1
NP_417358.2	NP_414582.1
NP_417372.1	NP_417372.1
NP_417373.1	NP_417373.1
NP_417374.1	NP_417374.1
NP_417374.1	NP_417381.1
NP_417609.1	NP_417609.1
NP_417609.1	NP_416333.4
NP_417609.1	NP_416332.1
NP_417609.1	NP_417608.1
NP_417617.1	NP_417617.1
NP_417619.1	NP_417619.1
NP_417619.1	NP_418793.1
NP_417623.1	NP_417623.1
NP_417624.1	NP_417624.1
NP_417626.1	NP_417626.1
NP_417632.1	NP_417632.1
NP_417633.4	NP_417633.4
NP_417633.4	NP_417866.4
NP_417634.1	NP_417634.1
NP_417635.1	NP_417635.1
NP_417636.1	NP_417636.1
NP_417638.1	NP_417638.1
NP_417639.6	NP_417639.6
NP_417642.1	NP_417642.1
NP_417647.1	NP_417647.1
NP_417649.1	NP_417649.1
NP_417650.1	NP_417650.1
NP_417652.1	NP_417652.1
NP_417653.1	NP_417653.1
NP_417655.1	NP_417655.1
NP_417656.1	NP_417656.1
NP_417656.1	NP_415428.1
NP_417657.2	NP_417657.2
NP_417657.2	NP_414969.4
NP_417658.4	NP_417658.4
NP_417660.1	NP_417660.1
NP_417660.1	QXV80017.1
NP_417660.1	QXV77212.1
NP_417660.1	QXV79613.1
NP_417660.1	QXV80188.1
NP_417660.1	QXV80359.1
NP_417660.1	QXV84310.1
NP_417660.1	QXV84562.1
NP_417660.1	QXV85076.1
NP_417660.1	QXV85247.1
NP_417660.1	YP_006978.1
NP_417661.1	NP_417661.1
NP_417664.1	NP_417664.1
NP_417664.1	NP_417188.4
NP_417664.1	NP_417605.1
NP_417669.1	NP_417669.1
NP_417670.1	NP_417670.1
NP_417670.1	QXV75701.1
NP_417670.1	QXV76720.1
NP_417670.1	QXV77619.1
NP_417670.1	QXV77844.1
NP_417670.1	QXV78057.1
NP_417670.1	QXV79940.1
NP_417670.1	QXV81051.1
NP_417670.1	QXV81274.1
NP_417670.1	QXV82675.1
NP_417670.1	QXV82893.1
NP_417670.1	QXV84231.1
NP_417670.1	QXV85664.1
NP_417670.1	NP_417088.1
NP_417672.1	NP_417672.1
NP_417674.1	NP_417674.1
NP_417674.1	NP_416740.1
NP_417674.1	NP_418087.1
NP_417674.1	NP_416971.1
NP_417675.1	NP_417675.1
NP_417676.2	NP_417676.2
NP_417678.1	NP_417678.1
NP_417678.1	NP_415296.1
NP_417678.1	NP_418417.1
NP_417678.1	NP_416936.4
NP_417678.1	NP_416529.1
NP_417678.1	NP_416364.1
NP_417678.1	NP_416528.2
NP_417678.1	NP_417219.1
NP_417678.1	NP_415041.1
NP_417678.1	NP_417838.1
NP_417678.1	NP_415618.1
NP_417678.1	YP_026271.1
NP_417678.1	YP_026291.2
NP_417678.1	NP_416140.1
NP_417678.1	NP_418071.4
NP_417678.1	XPK41252.1
NP_417678.1	XPK43013.1
NP_417678.1	XPK40592.1
NP_417678.1	XPK40683.1
NP_417678.1	XPK43436.1
NP_417678.1	XPK43533.1
NP_417679.2	NP_417679.2
NP_417683.1	NP_417683.1
NP_417683.1	NP_414681.1
NP_417683.1	NP_414825.1
NP_417683.1	NP_415065.1
NP_417683.1	NP_415246.2
NP_417683.1	NP_415460.1
NP_417683.1	NP_416612.1
NP_417683.1	NP_417613.1
NP_417683.1	NP_418737.1
NP_417695.1	NP_417695.1
NP_417697.1	NP_417697.1
NP_417698.1	NP_417698.1
NP_417700.2	NP_417700.2
NP_417701.1	NP_417701.1
NP_417701.1	NP_414703.1
NP_417702.1	NP_417702.1
NP_417702.1	NP_417066.1
NP_417704.1	NP_417704.1
NP_417704.1	YP_009518824.1
NP_417706.1	NP_417706.1
NP_417709.2	NP_417709.2
NP_417709.2	NP_416160.1
NP_417713.2	NP_417713.2
NP_417715.1	NP_417715.1
NP_417716.1	NP_417716.1
NP_417721.1	NP_417721.1
NP_417723.1	NP_417723.1
NP_417725.1	NP_417725.1
NP_417727.1	NP_417727.1
NP_417729.1	NP_417729.1
NP_417731.1	NP_417731.1
NP_417731.1	NP_414996.1
NP_417731.1	NP_417970.1
NP_417731.1	NP_415106.1
NP_417731.1	NP_415399.4
NP_417731.1	NP_416578.2
NP_417733.1	NP_417733.1
NP_417738.4	NP_417738.4
NP_417738.4	NP_415918.1
NP_417738.4	NP_414577.2
NP_417739.1	NP_417739.1
NP_417741.1	NP_417741.1
NP_417741.1	NP_415783.6
NP_417743.1	NP_417743.1
NP_417745.1	NP_417745.1
NP_417746.1	NP_417746.1
NP_417749.1	NP_417749.1
NP_417751.1	NP_417751.1
NP_417751.1	NP_415020.1
NP_417751.1	NP_418487.1
NP_417752.1	NP_417752.1
NP_417753.1	NP_417753.1
NP_417754.1	NP_417754.1
NP_417755.1	NP_417755.1
NP_417756.1	NP_417756.1
NP_417756.1	QXV79672.1
NP_417756.1	QXV77275.1
NP_417756.1	QXV80079.1
NP_417756.1	QXV80245.1
NP_417756.1	QXV80421.1
NP_417756.1	QXV84369.1
NP_417756.1	QXV84623.1
NP_417756.1	QXV85137.1
NP_417756.1	QXV85309.1
NP_417756.1	YP_006919.1
NP_417756.1	NP_414750.1
NP_417756.1	NP_417424.1
NP_417757.1	NP_417757.1
NP_417758.1	NP_417758.1
NP_417758.1	YP_588437.1
NP_417760.1	NP_417760.1
NP_417761.1	NP_417761.1
NP_417762.1	NP_417762.1
NP_417763.1	NP_417763.1
NP_417764.1	NP_417764.1
NP_417765.1	NP_417765.1
NP_417766.1	NP_417766.1
NP_417767.1	NP_417767.1
NP_417768.1	NP_417768.1
NP_417769.1	NP_417769.1
NP_417770.1	NP_417770.1
NP_417770.1	NP_415404.1
NP_417770.1	NP_418622.1
NP_417771.1	NP_417771.1
NP_417772.1	NP_417772.1
NP_417773.1	NP_417773.1
NP_417774.1	NP_417774.1
NP_417775.1	NP_417775.1
NP_417776.1	NP_417776.1
NP_417777.1	NP_417777.1
NP_417778.1	NP_417778.1
NP_417779.1	NP_417779.1
NP_417781.1	NP_417781.1
NP_417782.1	NP_417782.1
NP_417783.1	NP_417783.1
NP_417783.1	YP_010051199.1
NP_417784.4	NP_417784.4
NP_417787.1	NP_417787.1
NP_417791.1	NP_417791.1
NP_417792.2	NP_417792.2
NP_417794.1	NP_417794.1
NP_417794.1	NP_417446.4
NP_417796.1	NP_417796.1
NP_417797.1	NP_417797.1
NP_417799.1	NP_417799.1
NP_417800.1	NP_417800.1
NP_417801.1	NP_417801.1
NP_417805.4	NP_417805.4
NP_417807.1	NP_417807.1
NP_417808.1	NP_417808.1
NP_417810.1	NP_417810.1
NP_417810.1	NP_414588.1
NP_417810.1	NP_415421.1
NP_417810.1	NP_415930.1
NP_417810.1	NP_417500.1
NP_417810.1	NP_415524.1
NP_417810.1	NP_415457.1
NP_417810.1	NP_418292.1
NP_417810.1	NP_417371.1
NP_417810.1	NP_415210.1
NP_417810.1	NP_418301.3
NP_417810.1	NP_418169.1
NP_417810.1	NP_414924.1
NP_417810.1	NP_414840.1
NP_417810.1	NP_417270.1
NP_417810.1	NP_418198.1
NP_417810.1	NP_418514.1
NP_417810.1	NP_417160.1
NP_417810.1	NP_417622.2
NP_417810.1	NP_414958.4
NP_417810.1	QXV76984.1
NP_417810.1	QXV75150.1
NP_417810.1	NP_416956.1
NP_417810.1	QXV76557.1
NP_417810.1	QXV82329.1
NP_417810.1	QXV76200.1
NP_417810.1	QXV80833.1
NP_417810.1	QXV81899.1
NP_417810.1	QXV81678.1
NP_417810.1	QXV77453.1
NP_417810.1	QXV79435.1
NP_417810.1	QXV80612.1
NP_417810.1	QXV80753.1
NP_417810.1	QXV82513.1
NP_417810.1	QXV83721.1
NP_417810.1	QXV84066.1
NP_417813.1	NP_417813.1
NP_417814.1	NP_417814.1
NP_417375.1	NP_417375.1
NP_417376.1	NP_417376.1
NP_417376.1	QXV82506.1
NP_417376.1	NP_046796.1
NP_417376.1	XPK43443.1
NP_417376.1	XPK43021.1
NP_417379.1	NP_417379.1
NP_417380.1	NP_417380.1
NP_417382.1	NP_417382.1
NP_417382.1	NP_415195.1
NP_417382.1	NP_417146.2
NP_417382.1	NP_417383.1
NP_417382.1	NP_415577.1
NP_417382.1	NP_415817.1
NP_417382.1	NP_415707.1
NP_417382.1	NP_416214.1
NP_417382.1	NP_414585.1
NP_417382.1	NP_417949.1
NP_417382.1	NP_416540.1
NP_417382.1	NP_418145.2
NP_417382.1	NP_417246.4
NP_417382.1	XPK43603.1
NP_417382.1	XPK41156.1
NP_417382.1	XPK41419.1
NP_417382.1	XPK42380.1
NP_417384.1	NP_417384.1
NP_417384.1	NP_416886.1
NP_417384.1	NP_418289.1
NP_417385.4	NP_417385.4
NP_417385.4	NP_416421.1
NP_417386.1	NP_417386.1
NP_417387.3	NP_417387.3
NP_417387.3	NP_414773.1
NP_417387.3	NP_416726.1
NP_417389.1	NP_417389.1
NP_417392.1	NP_417392.1
NP_417395.1	NP_417395.1
NP_417395.1	NP_415148.1
NP_417395.1	NP_416209.1
NP_417397.1	NP_417397.1
NP_417398.1	NP_417398.1
NP_417398.1	NP_415758.1
NP_417398.1	NP_416046.1
NP_417398.1	NP_417892.1
NP_417398.1	NP_416312.1
NP_417398.1	NP_416335.4
NP_417398.1	NP_417073.1
NP_417398.1	NP_417441.1
NP_417398.1	NP_417512.1
NP_417398.1	YP_026264.1
NP_417398.1	NP_414862.1
NP_417398.1	YP_026265.1
NP_417400.1	NP_417400.1
NP_417400.1	NP_417412.1
NP_417400.1	NP_418317.1
NP_417400.1	NP_414646.1
NP_417400.1	NP_418062.1
NP_417400.1	NP_416600.4
NP_417400.1	NP_417003.1
NP_417400.1	NP_416598.1
NP_417400.1	NP_417601.1
NP_417400.1	NP_418065.1
NP_417400.1	NP_418439.1
NP_417400.1	NP_418742.1
NP_417400.1	YP_026276.1
NP_417400.1	NP_418022.1
NP_417400.1	NP_414886.1
NP_417400.1	NP_415302.1
NP_417400.1	NP_415455.1
NP_417400.1	NP_415532.3
NP_417400.1	NP_415580.1
NP_417400.1	NP_416014.4
NP_417400.1	YP_026259.1
NP_417400.1	NP_418473.3
NP_417400.1	NP_417915.1
NP_417400.1	YP_026223.1
NP_417400.1	NP_416167.1
NP_417400.1	NP_414903.4
NP_417400.1	NP_415465.1
NP_417400.1	YP_950542.1
NP_417400.1	QXV75778.1
NP_417403.1	NP_417403.1
NP_417403.1	NP_415430.1
NP_417403.1	NP_416991.2
NP_417404.1	NP_417404.1
NP_417405.1	NP_417405.1
NP_417405.1	NP_418360.1
NP_417409.1	NP_417409.1
NP_417409.1	NP_418336.1
NP_417409.1	NP_417671.1
NP_417409.1	NP_418616.1
NP_417409.1	NP_418722.1
NP_417409.1	NP_416597.1
NP_417411.2	NP_417411.2
NP_417411.2	NP_415429.2
NP_417411.2	NP_416343.1
NP_417411.2	NP_416970.1
NP_417413.1	NP_417413.1
NP_417414.2	NP_417414.2
NP_417415.1	NP_417415.1
NP_417417.1	NP_417417.1
NP_417419.1	NP_417419.1
NP_417420.1	NP_417420.1
NP_417421.4	NP_417421.4
NP_417423.4	NP_417423.4
NP_417427.1	NP_417427.1
NP_417428.2	NP_417428.2
NP_417430.1	NP_417430.1
NP_417430.1	NP_418303.2
NP_417433.1	NP_417433.1
NP_417434.4	NP_417434.4
NP_417436.1	NP_417436.1
NP_417437.1	NP_417437.1
NP_417438.2	NP_417438.2
NP_417438.2	NP_414912.1
NP_417438.2	NP_417431.1
NP_417445.1	NP_417445.1
NP_417450.1	NP_417450.1
NP_417450.1	NP_418391.1
NP_417451.1	NP_417451.1
NP_417453.1	NP_417453.1
NP_417453.1	NP_416637.1
NP_417453.1	YP_026183.1
NP_417462.1	NP_417462.1
NP_417463.4	NP_417463.4
NP_417463.4	NP_417573.1
NP_417464.1	NP_417464.1
NP_417464.1	NP_417208.1
NP_417465.1	NP_417465.1
NP_417465.1	NP_417206.1
NP_417466.1	NP_417466.1
NP_417471.1	NP_417471.1
NP_417471.1	NP_415491.1
NP_417472.1	NP_417472.1
NP_417478.1	NP_417478.1
NP_417478.1	NP_415266.1
NP_417487.1	NP_417487.1
NP_417490.1	NP_417490.1
NP_417490.1	NP_416879.4
NP_417490.1	NP_415572.1
NP_417490.1	NP_416369.1
NP_417491.1	NP_417491.1
NP_417491.1	NP_416734.1
QXV84912.1	QXV84912.1
QXV84914.1	QXV84914.1
QXV84916.1	QXV84916.1
QXV84916.1	AXN58102.1
QXV84916.1	AYD82660.1
QXV84916.1	NP_049677.1
QXV84916.1	QXV75452.1
QXV84916.1	QXV76029.1
QXV84916.1	QXV79166.1
QXV84916.1	QXV83206.1
QXV84916.1	QXV83543.1
QXV84916.1	QXV86013.1
QXV84916.1	QXV75172.1
QXV84916.1	QXV76388.1
QXV84916.1	QXV77006.1
QXV84916.1	QXV78616.1
QXV84916.1	QXV82156.1
QXV84916.1	QXV78889.1
QXV84921.1	QXV84921.1
QXV84921.1	AXN58106.1
QXV84921.1	NP_049681.1
QXV84921.1	QXV75177.1
QXV84921.1	QXV75457.1
QXV84921.1	QXV76034.1
QXV84921.1	QXV76393.1
QXV84921.1	QXV78894.1
QXV84921.1	AYD82664.1
QXV84921.1	QXV83211.1
QXV84921.1	QXV77011.1
QXV84921.1	QXV78621.1
QXV84921.1	QXV79171.1
QXV84921.1	QXV82161.1
QXV84921.1	QXV83548.1
QXV84921.1	QXV86018.1
QXV84922.1	QXV84922.1
QXV84922.1	QXV78895.1
QXV84924.1	QXV84924.1
QXV84927.1	QXV84927.1
QXV84927.1	QXV78627.1
QXV84927.1	QXV75463.1
QXV84927.1	QXV76040.1
QXV84927.1	QXV77019.1
QXV84927.1	QXV78900.1
QXV84927.1	QXV79177.1
QXV84927.1	QXV76399.1
QXV84927.1	QXV75185.1
QXV84927.1	QXV83216.1
QXV84927.1	QXV83554.1
QXV84927.1	QXV86024.1
QXV84928.1	QXV84928.1
QXV84928.1	QXV79178.1
QXV84936.1	QXV84936.1
QXV84936.1	QXV75472.1
QXV84944.1	QXV84944.1
QXV84944.1	AXN58133.1
QXV84944.1	AYD82691.1
QXV84944.1	NP_049708.1
QXV84944.1	QXV75203.1
QXV84944.1	QXV75484.1
QXV84944.1	QXV76062.1
QXV84944.1	QXV76418.1
QXV84944.1	QXV77038.1
QXV84944.1	QXV78646.1
QXV84944.1	QXV78921.1
QXV84944.1	QXV79198.1
QXV84944.1	QXV82186.1
QXV84944.1	QXV83238.1
QXV84944.1	QXV83575.1
QXV84944.1	QXV86044.1
QXV84944.1	NP_418405.1
QXV84947.1	QXV84947.1
QXV84948.1	QXV84948.1
QXV84953.1	QXV84953.1
QXV84953.1	AXN58149.1
QXV84953.1	AYD82708.1
QXV84953.1	NP_049720.1
QXV84953.1	QXV83589.1
QXV84955.1	QXV84955.1
QXV84955.1	AYD82710.1
QXV84962.1	QXV84962.1
QXV84964.1	QXV84964.1
QXV84964.1	QXV76088.1
QXV84964.1	AYD82719.1
QXV84964.1	QXV76442.1
QXV84964.1	QXV82210.1
QXV84964.1	QXV77056.1
QXV84964.1	QXV79226.1
QXV84964.1	QXV78948.1
QXV84964.1	QXV83262.1
QXV84964.1	QXV83600.1
QXV84980.1	QXV84980.1
QXV84980.1	QXV76105.1
QXV84980.1	AYD82735.1
QXV84980.1	QXV75251.1
QXV84980.1	QXV76457.1
QXV84980.1	QXV77087.1
QXV84980.1	QXV75524.1
QXV84980.1	QXV83619.1
QXV84983.1	QXV84983.1
QXV84984.1	QXV84984.1
QXV84984.1	QXV76109.1
QXV84984.1	QXV75528.1
QXV84984.1	QXV82231.1
QXV84984.1	QXV78968.1
QXV84984.1	AXN58171.1
QXV84984.1	QXV83281.1
QXV84984.1	QXV83624.1
QXV84984.1	QXV86092.1
QXV84985.1	QXV84985.1
QXV84986.1	QXV84986.1
QXV85012.1	QXV85012.1
QXV85014.1	QXV85014.1
QXV85014.1	XPK43503.1
QXV85014.1	XPK40654.1
QXV85014.1	XPK42985.1
QXV85014.1	XPK43407.1
QXV85018.1	QXV85018.1
QXV85024.1	QXV85024.1
QXV85025.1	QXV85025.1
QXV85033.1	QXV85033.1
QXV85038.1	QXV85038.1
QXV85038.1	QXV82997.1
QXV85038.1	QXV79479.1
QXV85038.1	QXV83335.1
QXV85038.1	QXV81948.1
QXV85043.1	QXV85043.1
QXV85055.1	QXV85055.1
QXV85055.1	XPK43712.1
QXV85055.1	XPK42123.1
QXV85055.1	XPK42489.1
QXV85055.1	XPK42626.1
QXV85055.1	XPK43211.1
QXV85055.1	XPK41002.1
QXV85055.1	XPK40490.1
QXV85056.1	QXV85056.1
QXV85059.1	QXV85059.1
QXV85062.1	QXV85062.1
QXV85065.1	QXV85065.1
QXV85068.1	QXV85068.1
QXV85107.1	QXV85107.1
QXV85107.1	QXV77244.1
QXV85107.1	QXV79644.1
QXV85107.1	QXV80052.1
QXV85107.1	QXV80219.1
QXV85107.1	QXV80391.1
QXV85107.1	QXV84342.1
QXV85107.1	QXV84593.1
QXV85107.1	QXV85278.1
QXV85107.1	YP_006945.1
QXV85113.1	QXV85113.1
QXV85121.1	QXV85121.1
QXV85124.1	QXV85124.1
QXV85124.1	QXV79661.1
QXV85135.1	QXV85135.1
QXV85135.1	QXV79670.1
QXV85141.1	QXV85141.1
QXV85142.1	QXV85142.1
QXV85144.1	QXV85144.1
QXV85146.1	QXV85146.1
QXV85146.1	QXV77283.1
QXV85146.1	QXV79680.1
QXV85146.1	QXV80254.1
QXV85146.1	QXV80429.1
QXV85146.1	QXV84631.1
QXV85146.1	QXV85317.1
QXV85146.1	YP_006912.1
QXV85146.1	QXV83982.1
QXV85146.1	QXV78376.1
QXV85146.1	QXV81587.1
QXV85146.1	QXV75759.1
QXV85146.1	QXV76782.1
QXV85146.1	QXV77681.1
QXV85146.1	QXV77889.1
QXV85146.1	QXV78116.1
QXV85146.1	QXV79998.1
QXV85146.1	QXV81110.1
QXV85146.1	QXV81333.1
QXV85146.1	QXV82728.1
QXV85146.1	QXV82954.1
QXV85146.1	QXV84291.1
QXV85146.1	QXV85727.1
QXV85150.1	QXV85150.1
QXV85151.1	QXV85151.1
QXV85152.1	QXV85152.1
QXV85155.1	QXV85155.1
QXV85156.1	QXV85156.1
QXV85157.1	QXV85157.1
QXV85159.1	QXV85159.1
QXV85160.1	QXV85160.1
QXV85164.1	QXV85164.1
QXV85164.1	QXV80446.1
QXV85164.1	QXV84643.1
QXV85165.1	QXV85165.1
QXV85166.1	QXV85166.1
QXV85169.1	QXV85169.1
QXV85169.1	QXV79702.1
QXV85169.1	QXV84648.1
QXV85169.1	QXV80452.1
QXV85169.1	QXV85336.1
QXV85170.1	QXV85170.1
QXV85172.1	QXV85172.1
QXV85172.1	QXV79709.1
QXV85172.1	QXV84655.1
QXV85173.1	QXV85173.1
QXV85178.1	QXV85178.1
QXV85180.1	QXV85180.1
QXV85181.1	QXV85181.1
QXV85189.1	QXV85189.1
QXV85189.1	QXV79728.1
QXV85189.1	QXV80295.1
QXV85189.1	QXV80476.1
QXV85189.1	QXV77317.1
QXV85189.1	QXV84403.1
QXV85189.1	QXV84673.1
QXV85189.1	QXV85362.1
QXV85189.1	YP_006876.1
QXV85191.1	QXV85191.1
QXV85203.1	QXV85203.1
QXV85205.1	QXV85205.1
QXV85205.1	QXV84691.1
QXV85205.1	QXV80313.1
QXV85205.1	QXV84421.1
QXV85206.1	QXV85206.1
QXV85206.1	QXV80495.1
QXV85207.1	QXV85207.1
QXV85208.1	QXV85208.1
QXV85208.1	QXV79749.1
QXV85208.1	QXV84694.1
QXV85208.1	YP_006857.1
QXV85210.1	QXV85210.1
QXV85211.1	QXV85211.1
QXV85216.1	QXV85216.1
QXV85218.1	QXV85218.1
QXV85219.1	QXV85219.1
QXV85220.1	QXV85220.1
QXV85221.1	QXV85221.1
QXV85223.1	QXV85223.1
QXV85225.1	QXV85225.1
QXV85225.1	QXV84718.1
QXV85225.1	QXV80517.1
QXV85225.1	QXV77357.1
QXV85225.1	QXV79768.1
QXV85225.1	QXV85404.1
QXV85227.1	QXV85227.1
QXV85228.1	QXV85228.1
QXV85229.1	QXV85229.1
QXV85229.1	QXV80167.1
QXV85229.1	QXV77362.1
QXV85229.1	QXV79773.1
QXV85229.1	QXV84446.1
QXV85229.1	YP_006835.1
QXV85229.1	QXV80522.1
QXV85229.1	QXV84722.1
QXV85229.1	QXV85409.1
QXV85229.1	QXV80341.1
QXV85231.1	QXV85231.1
QXV85231.1	QXV85411.1
QXV85233.1	QXV85233.1
QXV85233.1	YP_006831.1
QXV85234.1	QXV85234.1
QXV85236.1	QXV85236.1
QXV85237.1	QXV85237.1
QXV85238.1	QXV85238.1
QXV85238.1	QXV79784.1
QXV85238.1	QXV84734.1
QXV85250.1	QXV85250.1
QXV85250.1	QXV77214.1
QXV85250.1	QXV79615.1
QXV85250.1	QXV80022.1
QXV85250.1	QXV80190.1
QXV85250.1	QXV80361.1
QXV85250.1	QXV84313.1
QXV85250.1	QXV84564.1
QXV85250.1	QXV85078.1
QXV85250.1	YP_006976.1
QXV85250.1	YP_006510.1
QXV85250.1	XPK41293.1
QXV85250.1	XPK41830.1
QXV85250.1	XPK40166.1
QXV85250.1	XPK40267.1
QXV85250.1	XPK41555.1
QXV85250.1	XPK41953.1
QXV85250.1	XPK42230.1
QXV85250.1	XPK42667.1
QXV85250.1	XPK43041.1
QXV85250.1	XPK43252.1
QXV85250.1	YP_950545.1
QXV85250.1	QXV75775.1
QXV85250.1	XPK42782.1
QXV85260.1	QXV85260.1
QXV85260.1	QXV77224.1
QXV85260.1	QXV79625.1
QXV85260.1	QXV80032.1
QXV85260.1	QXV80201.1
QXV85260.1	QXV80371.1
QXV85260.1	QXV84323.1
QXV85260.1	QXV84574.1
QXV85260.1	QXV85088.1
QXV85260.1	YP_006965.1
QXV85261.1	QXV85261.1
QXV85261.1	QXV77225.1
QXV85261.1	QXV79626.1
QXV85261.1	QXV80033.1
QXV85261.1	QXV80202.1
QXV85261.1	QXV80372.1
QXV85261.1	QXV84324.1
QXV85261.1	QXV84575.1
QXV85261.1	QXV85089.1
QXV85262.1	QXV85262.1
QXV85263.1	QXV85263.1
QXV85264.1	QXV85264.1
QXV85264.1	QXV79630.1
QXV85264.1	QXV80377.1
QXV85264.1	QXV84580.1
QXV85264.1	XPK41735.1
QXV85264.1	YP_006959.1
QXV85264.1	NP_418097.2
QXV85264.1	QXV77229.1
QXV85264.1	QXV80036.1
QXV85264.1	QXV80206.1
QXV85264.1	QXV84329.1
QXV85264.1	QXV85093.1
QXV85264.1	YP_950504.1
QXV85264.1	QXV75822.1
QXV85264.1	XPK42843.1
QXV85264.1	NP_416569.1
QXV85264.1	XPK43308.1
QXV85264.1	XPK40218.1
QXV85264.1	XPK40328.1
QXV85264.1	XPK41602.1
QXV85264.1	XPK41890.1
QXV85264.1	XPK42012.1
QXV85264.1	XPK42280.1
QXV85264.1	XPK42724.1
QXV85264.1	XPK43103.1
QXV85274.1	QXV85274.1
QXV85274.1	QXV77238.1
QXV85274.1	QXV79640.1
QXV85274.1	QXV80047.1
QXV85274.1	QXV80215.1
QXV85274.1	QXV80387.1
QXV85274.1	QXV84589.1
QXV85274.1	QXV85103.1
QXV85274.1	YP_006950.1
QXV85274.1	XPK42824.1
QXV85274.1	QXV75807.1
QXV85274.1	YP_950517.1
QXV85274.1	QXV76993.1
QXV85274.1	QXV75159.1
QXV85274.1	NP_049662.1
QXV85274.1	AXN58087.1
QXV85274.1	AYD82644.1
QXV85274.1	QXV75436.1
QXV85274.1	QXV76012.1
QXV85274.1	QXV76372.1
QXV85274.1	QXV78600.1
QXV85274.1	QXV78872.1
QXV85274.1	QXV79151.1
QXV85274.1	QXV82141.1
QXV85274.1	QXV83190.1
QXV85274.1	QXV83525.1
QXV85274.1	QXV84899.1
QXV85274.1	QXV85997.1
QXV85274.1	NP_414602.1
QXV85277.1	QXV85277.1
QXV85277.1	QXV77243.1
QXV85277.1	QXV79643.1
QXV85277.1	QXV80051.1
QXV85277.1	QXV80218.1
QXV85277.1	QXV80390.1
QXV85277.1	QXV84341.1
QXV85277.1	QXV84592.1
QXV85277.1	QXV85106.1
QXV85277.1	YP_006946.1
QXV85280.1	QXV85280.1
QXV85287.1	QXV85287.1
QXV85292.1	QXV85292.1
QXV85292.1	QXV77260.1
QXV85292.1	QXV79657.1
QXV85292.1	QXV85120.1
QXV85292.1	QXV84607.1
QXV85292.1	QXV80404.1
QXV85296.1	QXV85296.1
QXV85297.1	QXV85297.1
QXV85297.1	QXV80409.1
QXV85297.1	QXV77265.1
QXV85297.1	QXV84612.1
QXV85297.1	QXV79662.1
QXV85297.1	QXV85125.1
QXV85307.1	QXV85307.1
QXV85307.1	QXV80419.1
QXV85307.1	QXV84621.1
QXV85307.1	NP_418367.1
XPK40553.1	XPK40553.1
XPK40554.1	XPK40554.1
XPK40554.1	XPK40645.1
XPK40554.1	XPK41819.1
XPK40554.1	XPK42976.1
XPK40554.1	XPK43398.1
XPK40554.1	XPK43493.1
XPK40557.1	XPK40557.1
XPK40557.1	XPK40648.1
XPK40557.1	XPK42979.1
XPK40557.1	XPK43401.1
XPK40557.1	QXV75826.1
XPK40557.1	XPK43496.1
XPK40563.1	XPK40563.1
XPK40564.1	XPK40564.1
XPK40565.1	XPK40565.1
XPK40565.1	XPK40655.1
XPK40565.1	XPK42986.1
XPK40565.1	XPK43408.1
XPK40565.1	XPK43504.1
XPK40569.1	XPK40569.1
XPK40573.1	XPK40573.1
XPK40573.1	XPK43512.1
XPK40577.1	XPK40577.1
XPK40578.1	XPK40578.1
XPK40585.1	XPK40585.1
XPK40585.1	QXV84360.1
XPK40585.1	QXV85696.1
XPK40585.1	XPK41763.1
XPK40586.1	XPK40586.1
XPK40586.1	XPK40677.1
XPK40586.1	XPK43007.1
XPK40586.1	XPK43430.1
XPK40586.1	XPK42471.1
XPK40586.1	XPK40471.1
XPK40586.1	XPK40982.1
XPK40586.1	XPK42103.1
XPK40586.1	XPK42605.1
XPK40586.1	XPK43192.1
XPK40586.1	XPK43691.1
XPK40601.1	XPK40601.1
XPK40601.1	XPK40693.1
XPK40601.1	XPK43541.1
XPK40603.1	XPK40603.1
XPK40605.1	XPK40605.1
XPK40608.1	XPK40608.1
XPK40609.1	XPK40609.1
XPK40610.1	XPK40610.1
XPK40611.1	XPK40611.1
XPK40619.1	XPK40619.1
XPK40619.1	XPK42950.1
XPK40619.1	XPK43373.1
XPK40619.1	XPK43464.1
XPK40620.1	XPK40620.1
XPK40620.1	XPK42951.1
XPK40620.1	XPK43374.1
XPK40622.1	XPK40622.1
XPK40623.1	XPK40623.1
XPK40628.1	XPK40628.1
XPK40634.1	XPK40634.1
XPK40634.1	QXV77160.1
XPK40634.1	QXV76204.1
XPK40634.1	QXV80839.1
XPK40634.1	XPK40544.1
XPK40634.1	XPK42965.1
XPK40634.1	QXV81906.1
XPK40634.1	XPK43387.1
XPK40639.1	XPK40639.1
XPK40639.1	XPK42970.1
XPK40639.1	XPK43392.1
XPK40639.1	XPK43487.1
XPK40640.1	XPK40640.1
XPK40641.1	XPK40641.1
XPK40644.1	XPK40644.1
XPK40658.1	XPK40658.1
XPK40659.1	XPK40659.1
XPK40660.1	XPK40660.1
XPK40661.1	XPK40661.1
XPK40662.1	XPK40662.1
XPK40668.1	XPK40668.1
XPK40669.1	XPK40669.1
XPK40676.1	XPK40676.1
XPK40676.1	XPK43526.1
XPK40676.1	QXV79805.1
XPK40676.1	QXV75569.1
XPK40676.1	QXV76584.1
XPK40676.1	QXV77485.1
XPK40676.1	QXV77712.1
XPK40676.1	QXV77920.1
XPK40676.1	QXV80918.1
XPK40676.1	QXV81141.1
XPK40676.1	QXV82539.1
XPK40676.1	QXV82759.1
XPK40676.1	QXV84097.1
XPK40676.1	QXV85529.1
XPK40676.1	XPK40584.1
XPK40676.1	XPK43690.1
XPK40676.1	QXV83662.1
XPK40676.1	QXV79374.1
XPK40676.1	QXV84016.1
XPK40676.1	QXV76152.1
XPK40676.1	QXV77392.1
XPK40676.1	QXV80553.1
XPK40676.1	QXV81621.1
XPK40676.1	QXV82454.1
XPK40676.1	QXV80692.1
XPK40676.1	QXV81935.1
XPK40676.1	NP_040595.1
XPK40676.1	QXV79467.1
XPK40676.1	QXV83322.1
XPK40676.1	QXV85026.1
XPK40676.1	XPK41668.1
XPK40676.1	XPK42893.1
XPK40676.1	QXV82270.1
XPK40676.1	XPK40470.1
XPK40676.1	XPK42470.1
XPK40676.1	XPK42102.1
XPK40676.1	XPK43006.1
XPK40676.1	XPK43429.1
XPK40690.1	XPK40690.1
XPK40690.1	XPK40598.1
XPK40694.1	XPK40694.1
XPK40694.1	XPK40602.1
XPK40695.1	XPK40695.1
XPK40697.1	XPK40697.1
XPK40698.1	XPK40698.1
XPK40700.1	XPK40700.1
XPK40701.1	XPK40701.1
XPK40706.1	XPK40706.1
XPK40707.1	XPK40707.1
XPK40708.1	XPK40708.1
XPK40709.1	XPK40709.1
XPK40710.1	XPK40710.1
XPK40711.1	XPK40711.1
XPK40713.1	XPK40713.1
XPK40714.1	XPK40714.1
XPK40717.1	XPK40717.1
XPK40721.1	XPK40721.1
XPK40722.1	XPK40722.1
XPK40723.1	XPK40723.1
XPK40724.1	XPK40724.1
XPK40725.1	XPK40725.1
XPK40726.1	XPK40726.1
XPK40727.1	XPK40727.1
XPK40728.1	XPK40728.1
XPK40728.1	XPK43549.1
XPK40729.1	XPK40729.1
XPK40730.1	XPK40730.1
XPK40731.1	XPK40731.1
XPK40732.1	XPK40732.1
XPK40736.1	XPK40736.1
XPK40737.1	XPK40737.1
XPK40738.1	XPK40738.1
XPK40739.1	XPK40739.1
XPK40740.1	XPK40740.1
XPK40741.1	XPK40741.1
XPK40742.1	XPK40742.1
XPK40743.1	XPK40743.1
XPK40743.1	XPK42989.1
XPK40743.1	XPK40568.1
XPK40744.1	XPK40744.1
XPK40744.1	XPK43507.1
XPK40745.1	XPK40745.1
XPK40746.1	XPK40746.1
XPK40747.1	XPK40747.1
XPK40748.1	XPK40748.1
XPK40748.1	NP_040628.1
XPK40748.1	NP_415663.1
XPK40748.1	NP_415815.1
XPK40748.1	NP_415951.1
XPK40748.1	YP_007112583.1
XPK40748.1	NP_418467.1
XPK40748.1	XPK41255.1
XPK40751.1	XPK40751.1
YP_009518756.1	YP_009518756.1
YP_009518757.1	YP_009518757.1
YP_009518758.1	YP_009518758.1
YP_009518759.1	YP_009518759.1
YP_009518760.1	YP_009518760.1
YP_009518763.1	YP_009518763.1
YP_009518764.1	YP_009518764.1
YP_009518764.1	NP_049779.1
YP_009518764.1	NP_049778.1
YP_009518764.1	XPK43665.1
YP_009518764.1	XPK40444.1
YP_009518764.1	XPK42077.1
YP_009518764.1	XPK42444.1
YP_009518764.1	XPK42579.1
YP_009518764.1	XPK43166.1
YP_009518765.1	YP_009518765.1
YP_009518767.1	YP_009518767.1
YP_009518768.1	YP_009518768.1
YP_009518769.1	YP_009518769.1
YP_009518771.1	YP_009518771.1
YP_009518772.1	YP_009518772.1
YP_009518773.1	YP_009518773.1
YP_009518774.1	YP_009518774.1
YP_009518775.1	YP_009518775.1
YP_009518776.1	YP_009518776.1
YP_009518777.1	YP_009518777.1
YP_009518778.1	YP_009518778.1
YP_009518779.1	YP_009518779.1
YP_009518780.1	YP_009518780.1
YP_009518781.1	YP_009518781.1
YP_009518782.1	YP_009518782.1
YP_009518784.1	YP_009518784.1
YP_009518785.1	YP_009518785.1
YP_009518787.1	YP_009518787.1
YP_009518788.1	YP_009518788.1
YP_009518788.1	NP_040580.1
YP_009518788.1	NP_415092.1
YP_009518788.1	XPK41217.1
YP_009518788.1	YP_007112539.1
YP_009518789.1	YP_009518789.1
YP_009518790.1	YP_009518790.1
YP_009518790.1	YP_009518761.1
YP_009518791.1	YP_009518791.1
YP_009518792.1	YP_009518792.1
YP_009518793.1	YP_009518793.1
YP_009518794.1	YP_009518794.1
YP_009518795.2	YP_009518795.2
YP_009518796.1	YP_009518796.1
YP_009518797.1	YP_009518797.1
YP_009518798.1	YP_009518798.1
YP_009518799.1	YP_009518799.1
YP_009518800.1	YP_009518800.1
YP_009518801.1	YP_009518801.1
YP_009518802.1	YP_009518802.1
YP_009518803.1	YP_009518803.1
YP_009518804.1	YP_009518804.1
YP_009518805.1	YP_009518805.1
YP_009518806.1	YP_009518806.1
YP_009518807.1	YP_009518807.1
YP_009518808.1	YP_009518808.1
YP_009518809.1	YP_009518809.1
YP_009518810.1	YP_009518810.1
YP_009518811.1	YP_009518811.1
YP_009518812.1	YP_009518812.1
YP_009518813.1	YP_009518813.1
YP_009518814.1	YP_009518814.1
YP_009518815.1	YP_009518815.1
YP_009518816.1	YP_009518816.1
YP_009518818.1	YP_009518818.1
YP_009518819.1	YP_009518819.1
YP_009518820.1	YP_009518820.1
YP_009518821.1	YP_009518821.1
YP_009518822.1	YP_009518822.1
YP_009518826.1	YP_009518826.1
YP_009518827.1	YP_009518827.1
YP_009518828.1	YP_009518828.1
YP_009518830.1	YP_009518830.1
YP_009518831.1	YP_009518831.1
YP_009518832.1	YP_009518832.1
YP_009518833.1	YP_009518833.1
YP_009518834.1	YP_009518834.1
YP_010051172.1	YP_010051172.1
YP_010051172.1	NP_414691.1
YP_010051172.1	NP_417014.1
YP_010051172.1	NP_417855.4
YP_010051174.1	YP_010051174.1
YP_010051175.1	YP_010051175.1
YP_010051176.1	YP_010051176.1
YP_010051178.1	YP_010051178.1
YP_010051179.1	YP_010051179.1
YP_010051180.1	YP_010051180.1
YP_010051180.1	NP_415638.3
YP_010051180.1	QXV79659.1
YP_010051180.1	QXV77262.1
YP_010051180.1	QXV80406.1
YP_010051180.1	QXV84609.1
YP_010051180.1	QXV85294.1
YP_010051180.1	QXV80234.1
YP_010051180.1	QXV80066.1
YP_010051180.1	YP_006930.1
YP_010051180.1	QXV83920.1
YP_010051180.1	QXV78315.1
YP_010051180.1	QXV81529.1
YP_010051180.1	QXV85122.1
YP_010051180.1	QXV85726.1
YP_010051180.1	QXV75758.1
YP_010051180.1	QXV76781.1
YP_010051180.1	QXV77680.1
YP_010051180.1	QXV77888.1
YP_010051180.1	QXV78115.1
YP_010051180.1	QXV79997.1
YP_010051180.1	QXV81109.1
YP_010051180.1	QXV81332.1
YP_010051180.1	QXV82727.1
YP_010051180.1	QXV82953.1
YP_010051180.1	QXV84290.1
YP_010051180.1	NP_415301.1
YP_010051181.1	YP_010051181.1
YP_010051182.1	YP_010051182.1
YP_010051184.1	YP_010051184.1
YP_010051185.1	YP_010051185.1
YP_010051186.1	YP_010051186.1
YP_010051187.1	YP_010051187.1
YP_010051190.1	YP_010051190.1
YP_010051193.1	YP_010051193.1
YP_010051194.1	YP_010051194.1
YP_010051194.1	NP_417083.1
YP_010051195.1	YP_010051195.1
YP_010051196.1	YP_010051196.1
YP_010051197.1	YP_010051197.1
YP_010051198.1	YP_010051198.1
YP_010051200.1	YP_010051200.1
YP_010051203.1	YP_010051203.1
YP_010051204.1	YP_010051204.1
YP_010051205.1	YP_010051205.1
YP_010051206.1	YP_010051206.1
YP_010051208.1	YP_010051208.1
NP_417157.1	NP_417157.1
NP_417158.4	NP_417158.4
NP_417163.1	NP_417163.1
NP_417167.1	NP_417167.1
NP_417168.1	NP_417168.1
NP_417172.1	NP_417172.1
NP_417173.1	NP_417173.1
NP_417174.1	NP_417174.1
NP_417176.1	NP_417176.1
NP_417176.1	XPK41308.1
NP_417177.1	NP_417177.1
QXV85333.1	QXV85333.1
QXV85333.1	QXV84646.1
QXV85333.1	QXV79699.1
QXV85333.1	QXV77294.1
QXV85333.1	QXV80449.1
QXV85333.1	QXV84387.1
QXV85333.1	YP_006900.1
QXV85333.1	QXV80270.1
QXV85333.1	QXV80101.1
QXV85333.1	QXV85167.1
QXV85334.1	QXV85334.1
QXV85335.1	QXV85335.1
QXV85337.1	QXV85337.1
QXV85338.1	QXV85338.1
QXV85338.1	QXV84649.1
QXV85340.1	QXV85340.1
QXV85340.1	QXV79704.1
QXV85340.1	QXV80455.1
QXV85341.1	QXV85341.1
QXV85342.1	QXV85342.1
QXV85345.1	QXV85345.1
QXV85346.1	QXV85346.1
QXV85347.1	QXV85347.1
QXV85350.1	QXV85350.1
QXV85350.1	QXV80285.1
QXV85350.1	QXV84661.1
QXV85351.1	QXV85351.1
QXV85353.1	QXV85353.1
QXV85354.1	QXV85354.1
QXV85355.1	QXV85355.1
QXV85355.1	QXV80469.1
QXV85355.1	QXV79720.1
QXV85355.1	QXV84665.1
QXV85355.1	QXV85182.1
QXV85356.1	QXV85356.1
QXV85356.1	QXV84666.1
QXV85356.1	QXV85183.1
QXV85356.1	QXV80470.1
QXV85356.1	QXV79721.1
QXV85357.1	QXV85357.1
QXV85357.1	QXV85184.1
QXV85357.1	QXV79723.1
QXV85357.1	QXV80471.1
QXV85357.1	QXV80119.1
QXV85357.1	QXV77312.1
QXV85357.1	QXV80290.1
QXV85357.1	QXV84398.1
QXV85357.1	QXV84667.1
QXV85357.1	YP_006881.1
QXV85358.1	QXV85358.1
QXV85358.1	QXV77313.1
QXV85358.1	QXV79724.1
QXV85358.1	QXV80120.1
QXV85358.1	QXV80472.1
QXV85358.1	QXV80291.1
QXV85358.1	QXV84669.1
QXV85358.1	YP_006880.1
QXV85358.1	QXV84399.1
QXV85358.1	QXV85185.1
QXV85364.1	QXV85364.1
QXV85376.1	QXV85376.1
QXV85377.1	QXV85377.1
QXV85378.1	QXV85378.1
QXV85378.1	QXV79745.1
QXV85378.1	QXV80141.1
QXV85378.1	QXV85204.1
QXV85378.1	YP_006861.1
QXV85379.1	QXV85379.1
QXV85380.1	QXV85380.1
QXV85381.1	QXV85381.1
QXV85381.1	QXV84693.1
QXV85381.1	QXV79748.1
QXV85381.1	QXV80143.1
QXV85381.1	QXV80496.1
QXV85381.1	YP_006858.1
QXV85382.1	QXV85382.1
QXV85384.1	QXV85384.1
QXV85385.1	QXV85385.1
QXV85388.1	QXV85388.1
QXV85390.1	QXV85390.1
QXV85390.1	QXV79756.1
QXV85390.1	QXV85215.1
QXV85390.1	YP_006850.1
QXV85390.1	QXV80324.1
QXV85390.1	QXV77345.1
QXV85390.1	QXV84703.1
QXV85390.1	QXV80504.1
QXV85391.1	QXV85391.1
QXV85393.1	QXV85393.1
QXV85394.1	QXV85394.1
QXV85394.1	QXV80329.1
QXV85394.1	QXV77349.1
QXV85394.1	QXV80155.1
QXV85394.1	QXV84435.1
QXV85394.1	QXV84708.1
QXV85395.1	QXV85395.1
QXV85395.1	QXV77350.1
QXV85395.1	NP_418569.1
QXV85396.1	QXV85396.1
QXV85396.1	QXV77351.1
QXV85397.1	QXV85397.1
QXV85400.1	QXV85400.1
QXV85402.1	QXV85402.1
QXV85406.1	QXV85406.1
QXV85407.1	QXV85407.1
QXV85414.1	QXV85414.1
QXV85414.1	QXV80172.1
QXV85414.1	QXV80526.1
QXV85414.1	QXV84452.1
QXV85414.1	QXV84727.1
QXV85414.1	QXV77367.1
QXV85414.1	QXV79778.1
QXV85414.1	YP_006830.1
QXV85416.1	QXV85416.1
QXV85417.1	QXV85417.1
QXV85418.1	QXV85418.1
QXV85419.1	QXV85419.1
QXV85420.1	QXV85420.1
QXV85421.1	QXV85421.1
QXV85429.1	QXV85429.1
QXV85435.1	QXV85435.1
QXV85435.1	QXV79525.1
QXV85435.1	QXV82355.1
QXV85435.1	QXV84473.1
QXV85435.1	QXV85753.1
QXV85447.1	QXV85447.1
QXV85459.1	QXV85459.1
QXV85459.1	QXV77144.1
QXV85459.1	QXV79296.1
QXV85463.1	QXV85463.1
QXV85471.1	QXV85471.1
QXV85471.1	QXV79565.1
QXV85471.1	QXV84512.1
QXV85471.1	QXV77154.1
QXV85471.1	QXV79307.1
QXV85471.1	QXV82394.1
QXV85471.1	QXV85793.1
QXV85471.1	XPK41783.1
QXV85471.1	XPK41317.1
QXV85480.1	QXV85480.1
QXV85482.1	QXV85482.1
QXV85482.1	QXV79333.1
QXV85482.1	QXV77183.1
QXV85482.1	QXV78259.1
QXV85483.1	QXV85483.1
QXV85484.1	QXV85484.1
QXV85484.1	QXV79578.1
QXV85484.1	QXV82406.1
QXV85484.1	QXV84524.1
QXV85484.1	QXV85808.1
QXV85484.1	QXV79580.1
QXV85484.1	QXV85486.1
QXV85487.1	QXV85487.1
QXV85487.1	QXV79581.1
QXV85489.1	QXV85489.1
QXV85489.1	QXV79584.1
QXV85489.1	QXV82413.1
QXV85489.1	QXV85815.1
QXV85489.1	QXV84531.1
QXV85490.1	QXV85490.1
QXV85491.1	QXV85491.1
QXV85493.1	QXV85493.1
QXV85494.1	QXV85494.1
QXV85499.1	QXV85499.1
QXV85499.1	QXV79597.1
QXV85501.1	QXV85501.1
QXV85501.1	QXV82428.1
QXV85501.1	QXV79599.1
QXV85502.1	QXV85502.1
QXV85502.1	QXV82429.1
QXV85503.1	QXV85503.1
QXV85503.1	QXV79600.1
QXV85503.1	QXV82430.1
QXV85503.1	QXV84548.1
QXV85503.1	QXV85830.1
QXV85503.1	QXV77197.1
QXV85503.1	QXV79348.1
QXV85505.1	QXV85505.1
QXV85505.1	QXV79350.1
QXV85505.1	QXV77199.1
QXV85505.1	QXV84551.1
QXV85505.1	QXV79602.1
QXV85505.1	QXV82432.1
QXV85505.1	QXV85832.1
QXV85505.1	XPK41021.1
QXV85509.1	QXV85509.1
QXV85510.1	QXV85510.1
QXV85512.1	QXV85512.1
QXV85514.1	QXV85514.1
QXV85514.1	QXV77470.1
QXV85514.1	QXV79790.1
QXV85514.1	QXV82524.1
QXV85514.1	XPK41871.1
QXV85514.1	XPK40995.1
QXV85514.1	XPK42618.1
QXV85514.1	XPK43205.1
QXV85528.1	QXV85528.1
QXV85535.1	QXV85535.1
QXV85535.1	QXV75575.1
QXV85535.1	QXV76590.1
QXV85535.1	QXV77491.1
QXV85535.1	QXV77718.1
QXV85535.1	QXV77926.1
QXV85535.1	QXV79811.1
QXV85535.1	QXV80924.1
QXV85535.1	QXV81147.1
QXV85535.1	QXV82545.1
QXV85535.1	QXV82765.1
QXV85535.1	QXV84103.1
QXV85547.1	QXV85547.1
QXV85547.1	QXV75587.1
QXV85547.1	QXV76603.1
QXV85547.1	QXV77503.1
QXV85547.1	QXV77730.1
QXV85547.1	QXV77939.1
QXV85547.1	QXV79823.1
QXV85547.1	QXV80937.1
QXV85547.1	QXV81159.1
QXV85547.1	QXV82557.1
QXV85547.1	QXV82777.1
QXV85547.1	QXV84115.1
QXV85555.1	QXV85555.1
QXV85555.1	QXV75595.1
QXV85555.1	QXV77947.1
QXV85555.1	QXV80945.1
QXV85555.1	QXV81168.1
QXV85555.1	QXV76611.1
QXV85555.1	QXV77512.1
QXV85555.1	QXV77738.1
QXV85555.1	QXV79831.1
QXV85555.1	QXV82566.1
QXV85555.1	QXV82785.1
QXV85555.1	QXV84124.1
QXV85558.1	QXV85558.1
QXV85560.1	QXV85560.1
QXV85560.1	QXV77743.1
QXV85560.1	QXV77952.1
QXV85560.1	QXV76616.1
QXV85560.1	QXV80950.1
QXV85560.1	QXV84129.1
QXV85560.1	QXV77517.1
QXV85560.1	QXV82571.1
QXV85560.1	QXV75600.1
QXV85560.1	QXV82790.1
QXV85560.1	QXV79836.1
QXV85560.1	QXV81173.1
QXV85569.1	QXV85569.1
QXV85569.1	QXV81181.1
QXV85569.1	QXV82579.1
QXV85569.1	QXV77526.1
QXV85569.1	QXV76625.1
QXV85569.1	QXV77752.1
QXV85569.1	QXV77961.1
QXV85569.1	QXV82799.1
QXV85569.1	QXV79845.1
QXV85569.1	QXV80958.1
QXV85569.1	QXV84138.1
QXV85569.1	QXV75608.1
QXV85570.1	QXV85570.1
QXV85570.1	QXV75609.1
QXV85570.1	QXV77527.1
QXV85570.1	QXV79846.1
QXV85570.1	QXV77753.1
QXV85570.1	QXV77962.1
QXV85570.1	QXV80959.1
QXV85570.1	QXV82580.1
QXV85574.1	QXV85574.1
QXV85574.1	QXV79850.1
QXV85574.1	QXV76630.1
QXV85574.1	QXV77966.1
QXV85574.1	QXV81186.1
QXV85574.1	QXV77531.1
QXV85574.1	QXV82804.1
QXV85574.1	QXV84143.1
QXV85574.1	QXV77757.1
QXV85574.1	QXV75613.1
QXV85574.1	QXV80963.1
QXV85574.1	QXV82584.1
QXV85580.1	QXV85580.1
QXV85580.1	QXV76636.1
QXV85580.1	QXV77537.1
QXV85580.1	QXV80969.1
QXV85580.1	QXV81192.1
QXV85580.1	QXV82590.1
QXV85580.1	QXV84149.1
QXV85587.1	QXV85587.1
QXV85587.1	QXV75624.1
QXV85587.1	QXV76642.1
QXV85587.1	QXV77543.1
QXV85587.1	QXV77768.1
QXV85587.1	QXV77979.1
QXV85587.1	QXV79862.1
QXV85587.1	QXV80975.1
QXV85587.1	QXV81198.1
QXV85587.1	QXV82596.1
QXV85587.1	QXV82815.1
QXV85587.1	QXV84155.1
QXV85587.1	QXV83779.1
QXV85587.1	QXV81388.1
QXV85587.1	QXV78171.1
QXV85587.1	QXV81738.1
QXV85590.1	QXV85590.1
QXV85598.1	QXV85598.1
QXV85600.1	QXV85600.1
QXV85600.1	QXV77555.1
QXV85600.1	QXV77992.1
QXV85600.1	QXV79875.1
QXV85600.1	QXV82608.1
QXV85600.1	XPK42852.1
QXV85601.1	QXV85601.1
QXV85601.1	QXV82827.1
QXV85601.1	QXV77993.1
QXV85601.1	QXV79876.1
QXV85601.1	QXV82609.1
QXV85601.1	QXV75637.1
QXV85601.1	QXV76654.1
QXV85601.1	QXV77556.1
QXV85601.1	QXV80987.1
QXV85601.1	QXV81210.1
QXV85601.1	QXV84167.1
QXV85602.1	QXV85602.1
QXV85602.1	QXV79877.1
QXV85602.1	QXV81211.1
QXV85602.1	QXV82828.1
QXV85602.1	QXV84168.1
QXV85602.1	QXV75638.1
QXV85602.1	QXV76655.1
QXV85602.1	QXV77557.1
QXV85602.1	QXV77781.1
QXV85602.1	QXV82610.1
QXV85602.1	QXV77994.1
QXV85602.1	QXV83885.1
QXV85602.1	QXV78279.1
QXV85602.1	QXV81494.1
QXV85602.1	QXV80988.1
QXV85606.1	QXV85606.1
QXV85606.1	QXV84172.1
QXV85606.1	QXV75642.1
QXV85606.1	QXV79881.1
QXV85606.1	QXV80992.1
QXV85606.1	QXV82832.1
QXV85606.1	QXV76659.1
QXV85606.1	QXV81215.1
QXV85606.1	QXV82614.1
QXV85606.1	QXV77998.1
QXV85606.1	QXV77561.1
QXV85606.1	QXV77785.1
QXV85612.1	QXV85612.1
QXV85613.1	QXV85613.1
QXV85615.1	QXV85615.1
QXV85615.1	QXV84181.1
QXV85623.1	QXV85623.1
QXV85623.1	QXV82631.1
QXV85625.1	QXV85625.1
QXV85625.1	QXV77578.1
QXV85625.1	QXV77803.1
QXV85625.1	QXV75659.1
QXV85625.1	QXV78016.1
QXV85625.1	QXV84191.1
QXV85625.1	QXV81234.1
QXV85625.1	QXV76679.1
QXV85625.1	QXV81011.1
QXV85625.1	QXV82633.1
QXV85625.1	QXV82851.1
QXV85625.1	QXV79900.1
QXV85629.1	QXV85629.1
QXV85631.1	QXV85631.1
QXV85631.1	QXV76686.1
QXV85631.1	QXV75666.1
QXV85631.1	QXV79907.1
QXV85631.1	QXV77810.1
QXV85631.1	QXV82858.1
QXV85631.1	QXV77585.1
QXV85631.1	QXV81241.1
QXV85631.1	QXV82640.1
QXV85631.1	QXV81018.1
QXV85635.1	QXV85635.1
QXV85640.1	QXV85640.1
QXV85641.1	QXV85641.1
QXV85641.1	QXV79917.1
QXV85641.1	QXV78034.1
QXV85641.1	QXV75678.1
QXV85641.1	QXV76697.1
QXV85641.1	QXV81251.1
QXV85641.1	QXV84208.1
QXV85641.1	QXV81028.1
QXV85641.1	QXV82870.1
QXV85641.1	QXV77596.1
QXV85641.1	QXV82651.1
QXV85645.1	QXV85645.1
QXV85647.1	QXV85647.1
QXV85647.1	QXV81257.1
QXV85648.1	QXV85648.1
QXV85648.1	QXV81258.1
QXV85649.1	QXV85649.1
QXV85651.1	QXV85651.1
QXV85653.1	QXV85653.1
QXV85653.1	QXV77608.1
QXV85653.1	QXV78046.1
QXV85653.1	QXV79929.1
QXV85653.1	QXV81263.1
QXV85654.1	QXV85654.1
QXV85654.1	QXV75691.1
QXV85654.1	QXV76710.1
QXV85654.1	QXV77609.1
QXV85654.1	QXV78047.1
QXV85654.1	QXV79930.1
QXV85654.1	QXV81041.1
QXV85654.1	QXV81264.1
QXV85654.1	QXV82665.1
QXV85654.1	QXV82883.1
QXV85654.1	QXV84221.1
QXV85654.1	QXV77834.1
QXV85657.1	QXV85657.1
QXV85657.1	QXV78050.1
QXV85657.1	QXV81267.1
QXV85657.1	QXV77837.1
QXV85657.1	QXV76713.1
QXV85657.1	QXV77612.1
QXV85657.1	QXV79933.1
QXV85657.1	QXV75694.1
QXV85657.1	QXV82886.1
QXV85657.1	QXV81044.1
QXV85657.1	QXV82668.1
QXV85657.1	QXV84224.1
QXV85658.1	QXV85658.1
QXV85658.1	QXV82887.1
QXV85658.1	QXV75695.1
QXV85658.1	QXV78051.1
QXV85658.1	QXV81268.1
QXV85658.1	QXV81045.1
QXV85658.1	QXV77838.1
QXV85658.1	QXV79934.1
QXV85658.1	QXV76714.1
QXV85658.1	QXV77613.1
QXV85658.1	QXV82669.1
QXV85658.1	QXV84225.1
QXV85663.1	QXV85663.1
QXV85665.1	QXV85665.1
QXV85665.1	QXV76721.1
QXV85665.1	QXV77845.1
QXV85665.1	QXV79941.1
QXV85665.1	QXV84232.1
QXV85665.1	QXV75702.1
QXV85665.1	QXV81275.1
QXV85665.1	QXV82676.1
QXV85666.1	QXV85666.1
QXV85666.1	QXV78059.1
QXV85666.1	QXV77621.1
QXV85666.1	QXV82895.1
QXV85666.1	QXV79942.1
QXV85666.1	QXV79935.1
QXV85666.1	QXV75703.1
QXV85666.1	QXV81053.1
QXV85666.1	QXV81276.1
QXV85666.1	QXV82677.1
QXV85671.1	QXV85671.1
QXV85677.1	QXV85677.1
QXV85677.1	QXV76733.1
QXV85677.1	QXV75714.1
QXV85677.1	QXV82906.1
QXV85678.1	QXV85678.1
QXV85679.1	QXV85679.1
QXV85681.1	QXV85681.1
QXV85681.1	QXV77846.1
QXV85681.1	QXV75718.1
QXV85681.1	QXV78074.1
QXV85681.1	NP_417659.1
QXV85681.1	QXV81291.1
QXV85681.1	QXV81068.1
QXV85681.1	QXV76737.1
QXV85681.1	QXV77636.1
QXV85681.1	QXV79956.1
QXV85681.1	QXV82685.1
QXV85681.1	QXV84248.1
QXV85681.1	QXV82910.1
QXV85691.1	QXV85691.1
QXV85694.1	QXV85694.1
QXV85708.1	QXV85708.1
QXV85708.1	QXV75741.1
QXV85708.1	QXV76762.1
QXV85708.1	QXV77869.1
QXV85708.1	QXV78098.1
QXV85708.1	QXV77661.1
QXV85708.1	QXV79979.1
QXV85708.1	QXV81091.1
QXV85708.1	QXV81314.1
QXV85708.1	QXV82935.1
QXV85708.1	QXV84271.1
QXV85708.1	QXV82709.1
QXV85718.1	QXV85718.1
QXV85718.1	QXV75751.1
QXV85718.1	QXV77879.1
QXV85718.1	QXV78108.1
QXV85718.1	QXV82719.1
QXV85718.1	QXV82945.1
QXV85718.1	QXV77671.1
QXV85718.1	QXV79989.1
QXV85718.1	QXV81101.1
QXV85718.1	QXV81324.1
QXV85718.1	QXV84281.1
QXV85722.1	QXV85722.1
QXV85722.1	QXV75754.1
QXV85722.1	QXV76777.1
QXV85722.1	QXV77884.1
QXV85722.1	QXV78111.1
QXV85722.1	QXV79993.1
QXV85722.1	QXV81105.1
QXV85722.1	QXV81328.1
QXV85722.1	QXV82723.1
QXV85722.1	QXV82949.1
QXV85722.1	QXV84286.1
QXV85722.1	QXV77676.1
QXV85722.1	QXV81730.1
QXV85722.1	QXV83973.1
QXV85722.1	QXV78367.1
QXV85722.1	QXV81578.1
QXV85733.1	QXV85733.1
QXV85734.1	QXV85734.1
QXV85736.1	QXV85736.1
QXV85738.1	QXV85738.1
QXV85739.1	QXV85739.1
QXV85748.1	QXV85748.1
QXV85761.1	QXV85761.1
QXV85761.1	QXV79533.1
QXV85761.1	QXV82363.1
QXV85764.1	QXV85764.1
QXV85766.1	QXV85766.1
QXV85768.1	QXV85768.1
QXV85768.1	QXV79542.1
QXV85768.1	QXV82372.1
QXV85768.1	QXV84490.1
QXV85769.1	QXV85769.1
QXV85771.1	QXV85771.1
QXV85771.1	QXV84493.1
QXV85771.1	QXV79545.1
QXV85771.1	QXV82375.1
QXV85771.1	QXV85450.1
QXV85772.1	QXV85772.1
QXV85772.1	QXV82376.1
QXV85772.1	QXV79546.1
QXV85772.1	QXV85451.1
QXV85773.1	QXV85773.1
QXV85773.1	QXV79547.1
QXV85773.1	QXV82377.1
QXV85773.1	QXV84495.1
QXV85773.1	QXV85452.1
QXV85773.1	QXV77137.1
QXV85773.1	QXV79288.1
QXV85773.1	XPK41314.1
QXV85773.1	XPK41782.1
QXV85774.1	QXV85774.1
QXV85774.1	QXV79548.1
QXV85774.1	QXV82378.1
QXV85774.1	QXV84496.1
QXV85774.1	QXV85453.1
QXV85774.1	NP_418156.1
QXV85774.1	QXV77138.1
QXV85774.1	QXV79289.1
QXV85775.1	QXV85775.1
QXV85775.1	QXV79549.1
QXV85776.1	QXV85776.1
QXV85776.1	QXV84497.1
QXV85776.1	QXV85454.1
QXV85776.1	QXV79550.1
QXV85776.1	QXV82379.1
QXV85782.1	QXV85782.1
QXV85782.1	QXV79556.1
QXV85782.1	QXV82385.1
QXV85782.1	QXV84503.1
QXV85782.1	QXV85461.1
QXV85784.1	QXV85784.1
QXV85785.1	QXV85785.1
QXV85785.1	QXV84506.1
QXV85785.1	QXV82388.1
QXV85785.1	QXV79559.1
QXV85785.1	QXV84505.1
QXV85785.1	QXV85464.1
QXV85785.1	YP_588446.1
QXV85785.1	NP_416068.2
QXV85788.1	QXV85788.1
QXV85788.1	QXV79561.1
QXV85788.1	QXV82390.1
QXV85788.1	QXV84508.1
QXV85788.1	QXV85466.1
QXV85788.1	QXV79302.1
QXV85788.1	QXV77150.1
QXV85789.1	QXV85789.1
QXV85789.1	QXV84509.1
QXV85789.1	QXV85467.1
QXV85789.1	QXV79562.1
QXV85800.1	QXV85800.1
QXV85803.1	QXV85803.1
QXV85804.1	QXV85804.1
QXV85806.1	QXV85806.1
QXV85807.1	QXV85807.1
QXV85812.1	QXV85812.1
QXV85813.1	QXV85813.1
QXV85813.1	QXV79583.1
QXV85813.1	QXV84530.1
QXV85813.1	QXV82412.1
QXV85816.1	QXV85816.1
QXV85816.1	QXV76675.1
QXV85816.1	QXV77574.1
QXV85816.1	QXV78013.1
QXV85816.1	QXV79896.1
QXV85816.1	QXV81230.1
QXV85816.1	QXV77799.1
QXV85816.1	QXV81007.1
QXV85816.1	QXV82629.1
QXV85816.1	QXV82847.1
QXV85816.1	QXV84187.1
QXV85816.1	QXV85621.1
QXV85816.1	QXV77185.1
QXV85816.1	NP_416845.2
QXV85816.1	NP_418357.1
QXV85816.1	QXV79335.1
QXV85818.1	QXV85818.1
QXV85819.1	QXV85819.1
QXV85819.1	QXV84537.1
QXV85820.1	QXV85820.1
QXV85822.1	QXV85822.1
QXV85826.1	QXV85826.1
QXV85829.1	QXV85829.1
QXV85829.1	QXV84547.1
QXV85831.1	QXV85831.1
QXV85831.1	QXV79601.1
QXV85831.1	QXV82431.1
QXV85831.1	QXV85504.1
QXV85831.1	QXV84549.1
QXV85833.1	QXV85833.1
QXV85833.1	QXV84552.1
QXV85833.1	QXV82433.1
QXV85833.1	QXV79603.1
QXV85833.1	QXV85506.1
QXV85835.1	QXV85835.1
QXV85835.1	QXV82435.1
QXV85835.1	NP_040644.1
QXV85835.1	QXV79605.1
QXV85835.1	QXV85508.1
QXV85835.1	YP_001551775.1
QXV85835.1	YP_007112601.1
QXV85835.1	QXV79356.1
QXV85835.1	QXV77205.1
QXV85835.1	QXV84554.1
QXV85836.1	QXV85836.1
QXV85837.1	QXV85837.1
QXV85853.1	QXV85853.1
QXV85853.1	AYD82776.1
QXV85853.1	QXV75292.1
QXV85853.1	QXV81997.1
QXV85853.1	QXV83047.1
QXV85853.1	QXV83383.1
QXV85853.1	NP_049794.1
QXV85853.1	AXN58214.1
QXV85853.1	QXV75870.1
QXV85853.1	QXV78725.1
QXV85853.1	QXV79005.1
QXV85853.1	QXV84753.1
QXV85853.1	QXV75022.1
QXV85853.1	QXV76861.1
QXV85853.1	QXV76226.1
QXV85853.1	QXV78457.1
QXV85867.1	QXV85867.1
QXV85867.1	AXN58231.1
QXV85867.1	AYD82790.1
QXV85867.1	QXV75884.1
QXV85867.1	QXV76242.1
QXV85867.1	QXV79019.1
QXV85867.1	QXV84767.1
QXV85867.1	QXV75307.1
QXV85867.1	QXV78740.1
QXV85867.1	NP_049808.1
QXV85867.1	QXV76875.1
QXV85867.1	QXV75036.1
QXV85867.1	QXV78472.1
QXV85867.1	QXV83061.1
QXV85867.1	QXV82012.1
QXV85867.1	QXV83397.1
QXV85870.1	QXV85870.1
QXV85880.1	QXV85880.1
QXV85881.1	QXV85881.1
QXV85886.1	QXV85886.1
QXV85886.1	AXN58250.1
QXV85886.1	QXV82031.1
QXV85886.1	QXV83416.1
QXV85886.1	NP_049829.1
QXV85886.1	QXV75903.1
QXV85886.1	QXV76261.1
QXV85886.1	QXV78759.1
QXV85886.1	AYD82808.1
QXV85886.1	QXV83080.1
QXV85886.1	QXV75326.1
QXV85886.1	QXV78491.1
QXV85886.1	QXV84786.1
QXV85888.1	QXV85888.1
QXV85888.1	QXV75905.1
QXV85888.1	QXV83082.1
QXV85888.1	AXN58252.1
QXV85888.1	QXV79040.1
QXV85888.1	QXV78761.1
QXV85889.1	QXV85889.1
QXV85889.1	QXV75906.1
QXV85889.1	AXN58253.1
QXV85889.1	NP_049831.1
QXV85889.1	QXV75056.1
QXV85889.1	QXV76263.1
QXV85889.1	QXV76895.1
QXV85889.1	QXV78493.1
QXV85889.1	QXV84788.1
QXV85889.1	AYD82810.1
QXV85889.1	QXV75328.1
QXV85889.1	QXV78762.1
QXV85889.1	QXV79041.1
QXV85889.1	QXV82033.1
QXV85889.1	QXV83083.1
QXV85891.1	QXV85891.1
QXV85891.1	XPK41991.1
QXV85891.1	XPK43078.1
QXV85891.1	XPK41869.1
QXV85891.1	QXV78495.1
QXV85891.1	XPK40304.1
QXV85891.1	XPK42702.1
QXV85891.1	NP_049833.1
QXV85891.1	QXV75330.1
QXV85891.1	QXV75908.1
QXV85891.1	QXV76265.1
QXV85891.1	QXV78764.1
QXV85891.1	QXV79043.1
QXV85891.1	QXV82035.1
QXV85891.1	QXV83085.1
QXV85891.1	QXV83421.1
QXV85891.1	QXV84790.1
QXV85897.1	QXV85897.1
QXV85897.1	NP_418481.1
QXV85897.1	NP_415111.1
QXV85901.1	QXV85901.1
QXV85901.1	QXV83431.1
QXV85901.1	QXV84800.1
QXV85906.1	QXV85906.1
QXV85906.1	AXN58269.1
QXV85906.1	QXV76279.1
QXV85906.1	QXV75072.1
QXV85906.1	QXV75922.1
QXV85906.1	QXV78510.1
QXV85906.1	QXV79057.1
QXV85906.1	QXV75345.1
QXV85906.1	QXV82051.1
QXV85906.1	QXV84805.1
QXV85915.1	QXV85915.1
QXV85915.1	QXV75355.1
QXV85915.1	QXV78790.1
QXV85915.1	QXV79067.1
QXV85926.1	QXV85926.1
QXV85926.1	NP_049869.1
QXV85926.1	QXV83454.1
QXV85932.1	QXV85932.1
QXV85932.1	QXV83125.1
QXV85937.1	QXV85937.1
QXV85940.1	QXV85940.1
QXV85944.1	QXV85944.1
QXV85959.1	QXV85959.1
QXV85960.1	QXV85960.1
QXV85964.1	QXV85964.1
QXV85971.1	QXV85971.1
QXV85971.1	QXV82115.1
QXV85971.1	QXV78845.1
QXV85972.1	QXV85972.1
QXV85973.1	QXV85973.1
QXV85979.1	QXV85979.1
QXV85983.1	QXV85983.1
QXV85985.1	QXV85985.1
QXV85985.1	QXV79139.1
QXV85985.1	AXN58077.1
QXV85985.1	AYD82633.1
QXV85985.1	QXV76000.1
QXV85985.1	QXV76359.1
QXV85985.1	QXV83178.1
QXV85985.1	QXV78860.1
QXV85985.1	QXV82129.1
QXV85985.1	QXV78588.1
QXV85985.1	QXV83513.1
QXV85985.1	QXV84887.1
QXV85985.1	NP_049651.1
QXV85985.1	QXV75424.1
QXV85986.1	QXV85986.1
QXV85993.1	QXV85993.1
QXV85993.1	QXV75157.1
QXV85993.1	QXV75432.1
QXV85993.1	QXV76991.1
QXV85993.1	QXV82137.1
QXV85993.1	QXV83186.1
QXV85999.1	QXV85999.1
QXV85999.1	QXV83527.1
QXV85999.1	QXV75438.1
QXV85999.1	AXN58088.1
QXV85999.1	QXV76014.1
QXV85999.1	QXV82142.1
QXV85999.1	NP_049663.1
QXV85999.1	QXV76374.1
QXV85999.1	QXV78602.1
QXV85999.1	QXV79152.1
QXV85999.1	QXV84901.1
QXV85999.1	AYD82645.1
QXV85999.1	QXV76994.1
QXV85999.1	QXV75160.1
QXV85999.1	QXV78874.1
QXV85999.1	QXV83191.1
QXV86003.1	QXV86003.1
QXV86003.1	QXV78878.1
QXV86003.1	QXV76378.1
QXV86003.1	QXV76018.1
QXV86003.1	NP_049667.1
QXV86005.1	QXV86005.1
QXV86005.1	AXN58094.1
QXV86005.1	AYD82651.1
QXV86005.1	NP_049669.1
QXV86005.1	QXV75166.1
QXV86005.1	QXV75444.1
QXV86005.1	QXV76020.1
QXV86005.1	QXV76380.1
QXV86005.1	QXV77000.1
QXV86005.1	QXV78608.1
QXV86005.1	QXV78880.1
QXV86005.1	QXV79158.1
QXV86005.1	QXV82148.1
QXV86005.1	QXV83198.1
QXV86005.1	QXV83534.1
QXV86005.1	QXV84907.1
QXV86005.1	QXV84332.1
QXV86005.1	QXV77232.1
QXV86005.1	QXV79633.1
QXV86005.1	QXV80040.1
QXV86005.1	QXV80209.1
QXV86005.1	QXV80380.1
QXV86005.1	QXV84583.1
QXV86005.1	QXV85096.1
QXV86005.1	QXV85267.1
QXV86005.1	YP_006956.1
QXV86009.1	QXV86009.1
QXV86012.1	QXV86012.1
QXV86016.1	QXV86016.1
QXV86019.1	QXV86019.1
QXV86019.1	AYD82665.1
QXV86019.1	NP_049682.1
QXV86019.1	QXV76394.1
QXV86019.1	QXV79172.1
QXV86019.1	QXV83549.1
QXV86025.1	QXV86025.1
QXV86025.1	QXV77020.1
QXV86025.1	QXV83217.1
QXV86030.1	QXV86030.1
QXV86030.1	QXV82172.1
QXV86032.1	QXV86032.1
QXV86040.1	QXV86040.1
QXV86040.1	NP_049704.1
QXV86040.1	QXV82182.1
QXV86040.1	QXV83234.1
QXV86040.1	QXV76058.1
QXV86040.1	QXV79191.1
QXV86040.1	QXV79194.1
QXV86040.1	QXV76414.1
QXV86045.1	QXV86045.1
QXV86046.1	QXV86046.1
QXV86047.1	QXV86047.1
QXV86052.1	QXV86052.1
QXV86052.1	QXV78927.1
QXV86052.1	QXV79205.1
QXV86052.1	AXN58138.1
QXV86054.1	QXV86054.1
QXV86054.1	QXV83243.1
QXV86057.1	QXV86057.1
QXV86071.1	QXV86071.1
QXV86071.1	QXV78946.1
QXV86071.1	QXV79224.1
QXV86073.1	QXV86073.1
QXV86080.1	QXV86080.1
QXV86080.1	QXV83611.1
QXV86080.1	QXV76096.1
QXV86080.1	QXV78676.1
QXV86081.1	QXV86081.1
QXV86085.1	QXV86085.1
QXV86085.1	QXV82223.1
QXV86085.1	AXN58166.1
QXV86085.1	QXV83274.1
QXV86085.1	AYD82732.1
QXV86085.1	NP_049744.1
QXV86085.1	QXV77083.1
XPK40168.1	XPK40168.1
XPK40168.1	XPK41832.1
XPK40168.1	XPK41557.1
XPK40169.1	XPK40169.1
XPK40170.1	XPK40170.1
XPK40171.1	XPK40171.1
XPK40174.1	XPK40174.1
XPK40174.1	XPK40272.1
XPK40174.1	XPK41560.1
XPK40174.1	XPK41835.1
XPK40174.1	XPK41958.1
XPK40174.1	XPK42235.1
XPK40174.1	XPK42672.1
XPK40174.1	XPK43046.1
XPK40174.1	XPK43257.1
XPK40181.1	XPK40181.1
XPK40181.1	XPK41567.1
XPK40181.1	XPK41842.1
XPK40181.1	XPK41965.1
XPK40181.1	XPK42242.1
XPK40181.1	XPK43053.1
XPK40181.1	XPK40279.1
XPK40181.1	XPK42679.1
XPK40181.1	XPK43264.1
XPK40185.1	XPK40185.1
XPK40187.1	XPK40187.1
XPK40187.1	QXV79701.1
XPK40187.1	XPK40734.1
XPK40188.1	XPK40188.1
XPK40188.1	XPK41973.1
XPK40192.1	XPK40192.1
XPK40207.1	XPK40207.1
XPK40207.1	XPK41591.1
XPK40207.1	XPK42266.1
XPK40209.1	XPK40209.1
XPK40209.1	XPK41593.1
XPK40209.1	XPK41877.1
XPK40209.1	XPK41999.1
XPK40209.1	XPK42268.1
XPK40209.1	XPK43088.1
XPK40210.1	XPK40210.1
XPK40211.1	XPK40211.1
XPK40211.1	XPK40312.1
XPK40211.1	XPK41595.1
XPK40211.1	XPK42000.1
XPK40211.1	XPK42270.1
XPK40211.1	XPK42711.1
XPK40211.1	XPK43090.1
XPK40211.1	XPK43292.1
XPK40226.1	XPK40226.1
XPK40226.1	XPK41610.1
XPK40226.1	XPK41899.1
XPK40226.1	XPK42021.1
XPK40226.1	XPK42289.1
XPK40226.1	XPK43111.1
XPK40226.1	XPK42732.1
XPK40226.1	XPK40336.1
XPK40226.1	XPK43316.1
XPK40228.1	XPK40228.1
XPK40228.1	XPK40338.1
XPK40228.1	XPK41612.1
XPK40228.1	XPK41901.1
XPK40228.1	XPK42023.1
XPK40228.1	XPK42291.1
XPK40228.1	XPK42734.1
XPK40228.1	XPK43113.1
XPK40236.1	XPK40236.1
XPK40236.1	XPK41911.1
XPK40241.1	XPK40241.1
XPK40245.1	XPK40245.1
XPK40245.1	XPK41629.1
XPK40245.1	XPK42052.1
XPK40245.1	XPK42308.1
XPK40245.1	XPK43140.1
XPK40246.1	XPK40246.1
XPK40247.1	XPK40247.1
XPK40247.1	XPK41631.1
XPK40247.1	XPK42058.1
XPK40247.1	XPK42310.1
XPK40249.1	XPK40249.1
XPK40250.1	XPK40250.1
XPK40258.1	XPK40258.1
XPK40263.1	XPK40263.1
XPK40276.1	XPK40276.1
XPK40276.1	XPK40178.1
XPK40276.1	XPK41564.1
XPK40276.1	XPK41839.1
XPK40276.1	XPK41962.1
XPK40276.1	XPK42239.1
XPK40276.1	XPK42676.1
XPK40276.1	XPK43050.1
XPK40276.1	XPK43261.1
XPK40284.1	XPK40284.1
XPK40290.1	XPK40290.1
XPK40302.1	XPK40302.1
XPK40302.1	XPK41989.1
XPK40302.1	XPK40199.1
XPK40302.1	XPK41584.1
XPK40302.1	XPK41867.1
XPK40302.1	XPK42259.1
XPK40302.1	XPK42700.1
XPK40302.1	XPK43076.1
XPK40302.1	XPK43283.1
XPK40306.1	XPK40306.1
XPK40311.1	XPK40311.1
XPK40315.1	XPK40315.1
XPK40315.1	XPK40212.1
XPK40315.1	XPK41596.1
XPK40315.1	XPK41881.1
XPK40315.1	XPK42004.1
XPK40315.1	XPK42271.1
XPK40315.1	XPK42714.1
XPK40315.1	XPK43095.1
XPK40315.1	XPK43297.1
XPK40327.1	XPK40327.1
XPK40327.1	QXV81670.1
XPK40327.1	QXV80605.1
XPK40335.1	XPK40335.1
XPK40335.1	XPK41898.1
XPK40335.1	XPK42731.1
XPK40348.1	XPK40348.1
XPK40348.1	XPK41913.1
XPK40348.1	XPK42033.1
XPK40348.1	XPK42745.1
XPK40348.1	XPK43123.1
XPK40348.1	XPK43328.1
XPK40348.1	XPK40237.1
XPK40349.1	XPK40349.1
XPK40349.1	XPK42746.1
XPK40349.1	XPK43329.1
XPK40350.1	XPK40350.1
XPK40351.1	XPK40351.1
NP_418502.1	NP_418502.1
NP_418503.1	NP_418503.1
NP_418503.1	NP_415414.4
NP_418503.1	NP_415517.1
NP_418503.1	NP_416018.1
NP_418503.1	NP_416104.1
NP_418503.1	NP_416105.4
NP_418503.1	NP_416386.4
NP_418503.1	NP_416710.1
NP_418503.1	NP_418007.3
NP_418507.2	NP_418507.2
NP_418522.1	NP_418522.1
NP_418523.1	NP_418523.1
NP_418524.1	NP_418524.1
NP_418525.1	NP_418525.1
NP_418532.1	NP_418532.1
NP_418533.1	NP_418533.1
NP_418533.1	NP_417868.1
NP_418533.1	NP_416297.1
NP_418534.4	NP_418534.4
NP_418545.1	NP_418545.1
NP_418546.1	NP_418546.1
NP_418546.1	NP_416129.1
NP_418550.1	NP_418550.1
NP_418551.1	NP_418551.1
NP_418557.1	NP_418557.1
NP_418557.1	NP_417329.1
NP_418559.1	NP_418559.1
NP_418564.2	NP_418564.2
NP_418566.1	NP_418566.1
NP_418566.1	QXV75050.1
NP_418566.1	QXV76889.1
NP_418566.1	QXV75322.1
NP_418566.1	AXN58246.1
NP_418566.1	AYD82804.1
NP_418566.1	NP_049825.1
NP_418566.1	QXV75899.1
NP_418566.1	QXV76257.1
NP_418566.1	QXV78487.1
NP_418566.1	QXV78755.1
NP_418566.1	QXV79034.1
NP_418566.1	QXV82027.1
NP_418566.1	QXV83076.1
NP_418566.1	QXV83412.1
NP_418566.1	QXV84782.1
NP_418566.1	QXV85882.1
NP_418571.1	NP_418571.1
NP_418571.1	NP_416676.4
NP_418575.1	NP_418575.1
NP_418575.1	NP_415249.1
NP_418576.1	NP_418576.1
NP_418579.2	NP_418579.2
NP_418579.2	NP_418200.1
NP_418581.1	NP_418581.1
NP_418582.1	NP_418582.1
NP_418583.1	NP_418583.1
NP_418583.1	NP_414998.1
NP_418584.1	NP_418584.1
NP_418585.4	NP_418585.4
NP_418587.1	NP_418587.1
NP_418589.1	NP_418589.1
NP_418591.1	NP_418591.1
NP_418592.1	NP_418592.1
NP_418595.1	NP_418595.1
NP_418597.1	NP_418597.1
NP_418598.1	NP_418598.1
NP_418600.4	NP_418600.4
NP_418601.1	NP_418601.1
NP_418602.1	NP_418602.1
NP_418602.1	NP_415374.1
NP_418602.1	NP_416627.2
NP_418603.1	NP_418603.1
NP_418603.1	AXN58164.1
NP_418603.1	AYD82730.1
NP_418603.1	NP_049742.1
NP_418603.1	QXV75245.1
NP_418603.1	QXV75520.1
NP_418603.1	QXV76100.1
NP_418603.1	QXV76453.1
NP_418603.1	QXV77079.1
NP_418603.1	QXV78680.1
NP_418603.1	QXV78960.1
NP_418603.1	QXV79239.1
NP_418603.1	QXV82221.1
NP_418603.1	QXV83273.1
NP_418603.1	QXV83615.1
NP_418603.1	QXV84975.1
NP_418603.1	QXV86084.1
QXV80808.1	QXV80808.1
QXV80813.1	QXV80813.1
QXV80813.1	QXV76522.1
QXV80813.1	QXV77416.1
QXV80813.1	QXV79396.1
QXV80813.1	QXV80577.1
QXV80813.1	QXV80720.1
QXV80813.1	QXV81644.1
QXV80813.1	QXV82299.1
QXV80813.1	QXV83687.1
QXV80813.1	QXV84039.1
QXV80813.1	XPK42599.1
QXV80813.1	QXV81877.1
QXV80813.1	QXV76181.1
QXV80813.1	QXV82475.1
QXV80813.1	QXV83367.1
QXV80813.1	QXV79512.1
QXV80813.1	QXV83031.1
QXV80813.1	QXV85070.1
QXV80813.1	XPK41104.1
QXV80813.1	XPK41715.1
QXV80813.1	XPK42942.1
QXV80813.1	XPK43685.1
QXV80813.1	XPK40465.1
QXV80813.1	XPK40976.1
QXV80813.1	XPK42097.1
QXV80813.1	XPK42465.1
QXV80813.1	XPK43186.1
QXV80817.1	QXV80817.1
QXV80820.1	QXV80820.1
QXV80820.1	QXV76189.1
QXV80820.1	QXV79274.1
QXV80820.1	QXV77122.1
QXV80820.1	QXV81884.1
QXV80822.1	QXV80822.1
QXV80823.1	QXV80823.1
QXV80826.1	QXV80826.1
QXV80826.1	QXV81890.1
QXV80827.1	QXV80827.1
QXV80829.1	QXV80829.1
QXV80829.1	QXV81892.1
QXV80830.1	QXV80830.1
QXV80830.1	QXV77247.1
QXV80830.1	QXV79647.1
QXV80830.1	QXV80055.1
QXV80830.1	QXV80222.1
QXV80830.1	QXV80394.1
QXV80830.1	QXV84345.1
QXV80830.1	QXV84596.1
QXV80830.1	QXV85110.1
QXV80830.1	QXV85282.1
QXV80830.1	YP_006943.1
QXV80830.1	AYD82748.1
QXV80830.1	XPK40418.1
QXV80830.1	NP_041980.1
QXV80830.1	QXV80654.1
QXV80830.1	XPK40929.1
QXV80830.1	XPK42553.1
QXV80830.1	QXV78420.1
QXV80830.1	QXV76823.1
QXV80830.1	QXV80878.1
QXV80834.1	QXV80834.1
QXV80835.1	QXV80835.1
QXV80837.1	QXV80837.1
QXV80840.1	QXV80840.1
QXV80841.1	QXV80841.1
QXV80842.1	QXV80842.1
QXV80842.1	QXV76206.1
QXV80842.1	QXV81909.1
QXV80842.1	QXV82516.1
QXV80842.1	QXV83732.1
QXV80842.1	QXV81688.1
QXV80842.1	QXV80622.1
QXV80843.1	QXV80843.1
QXV80843.1	QXV76207.1
QXV80843.1	QXV81912.1
QXV80844.1	QXV80844.1
QXV80846.1	QXV80846.1
QXV80847.1	QXV80847.1
QXV80848.1	QXV80848.1
QXV80849.1	QXV80849.1
QXV80851.1	QXV80851.1
QXV80851.1	XPK40390.1
QXV80851.1	XPK42527.1
QXV80852.1	QXV80852.1
QXV80852.1	XPK40851.1
QXV80853.1	QXV80853.1
QXV80859.1	QXV80859.1
QXV80859.1	QXV80634.1
QXV80862.1	QXV80862.1
QXV80862.1	NP_041960.1
QXV80862.1	QXV76807.1
QXV80862.1	QXV78405.1
QXV80862.1	QXV80637.1
QXV80862.1	XPK40400.1
QXV80862.1	XPK40912.1
QXV80862.1	XPK42537.1
QXV80862.1	XPK40862.1
QXV80862.1	XPK40880.1
QXV80862.1	XPK40420.1
QXV80862.1	NP_041982.1
QXV80862.1	QXV76826.1
QXV80862.1	QXV78422.1
QXV80862.1	QXV80656.1
QXV80862.1	QXV80880.1
QXV80862.1	XPK40931.1
QXV80862.1	XPK42555.1
QXV80862.1	XPK43705.1
QXV80862.1	XPK42916.1
QXV80862.1	QXV79489.1
QXV80862.1	QXV81958.1
QXV80862.1	QXV83007.1
QXV80862.1	QXV83345.1
QXV80862.1	QXV85048.1
QXV80862.1	XPK41079.1
QXV80862.1	XPK41691.1
QXV80862.1	XPK43206.1
QXV80862.1	XPK40484.1
QXV80862.1	XPK40996.1
QXV80862.1	XPK42117.1
QXV80862.1	XPK42484.1
QXV80862.1	XPK42619.1
QXV80863.1	QXV80863.1
QXV80867.1	QXV80867.1
QXV80868.1	QXV80868.1
QXV80884.1	QXV80884.1
QXV80884.1	NP_041987.1
QXV80886.1	QXV80886.1
QXV80888.1	QXV80888.1
QXV80890.1	QXV80890.1
QXV80902.1	QXV80902.1
QXV80902.1	QXV75553.1
QXV80902.1	QXV77696.1
QXV80902.1	QXV79788.1
QXV80902.1	QXV77468.1
QXV80902.1	QXV84081.1
QXV80902.1	QXV81125.1
QXV81009.1	QXV81009.1
QXV81009.1	QXV77576.1
QXV81014.1	QXV81014.1
QXV81014.1	QXV77806.1
QXV81015.1	QXV81015.1
QXV81015.1	QXV77807.1
QXV81021.1	QXV81021.1
QXV81021.1	QXV75669.1
QXV81021.1	QXV76689.1
QXV81021.1	QXV77588.1
QXV81021.1	QXV77813.1
QXV81021.1	QXV78026.1
QXV81021.1	QXV78245.1
QXV81021.1	QXV79910.1
QXV81021.1	QXV81244.1
QXV81021.1	QXV81461.1
QXV81021.1	QXV82643.1
QXV81021.1	QXV82861.1
QXV81021.1	QXV83855.1
QXV81021.1	QXV84200.1
QXV81021.1	QXV85634.1
QXV81021.1	XPK40908.1
QXV81022.1	QXV81022.1
QXV81027.1	QXV81027.1
QXV81032.1	QXV81032.1
QXV81033.1	QXV81033.1
QXV81033.1	QXV75683.1
QXV81034.1	QXV81034.1
QXV81035.1	QXV81035.1
QXV81035.1	QXV79924.1
QXV81038.1	QXV81038.1
QXV81040.1	QXV81040.1
QXV81047.1	QXV81047.1
QXV81047.1	QXV75697.1
QXV81047.1	QXV78053.1
QXV81047.1	QXV79936.1
QXV81047.1	QXV81270.1
QXV81047.1	QXV76716.1
QXV81047.1	QXV84227.1
QXV81047.1	QXV77840.1
QXV81047.1	QXV77615.1
QXV81047.1	QXV82889.1
QXV81047.1	QXV82671.1
QXV81047.1	QXV85660.1
QXV81050.1	QXV81050.1
QXV81058.1	QXV81058.1
QXV81064.1	QXV81064.1
QXV81065.1	QXV81065.1
QXV81066.1	QXV81066.1
QXV81069.1	QXV81069.1
QXV81069.1	QXV76738.1
QXV81069.1	QXV75719.1
QXV81069.1	QXV78075.1
QXV81069.1	QXV79957.1
QXV81069.1	QXV81292.1
QXV81069.1	QXV82686.1
QXV81069.1	QXV82911.1
QXV81069.1	QXV84249.1
QXV81069.1	QXV85682.1
QXV81069.1	QXV76717.1
QXV81069.1	QXV75698.1
QXV81069.1	QXV77616.1
QXV81069.1	QXV77841.1
QXV81069.1	QXV78054.1
QXV81069.1	QXV79937.1
QXV81069.1	QXV81048.1
QXV81069.1	QXV81271.1
QXV81069.1	QXV82672.1
QXV81069.1	QXV82890.1
QXV81069.1	QXV84228.1
QXV81069.1	QXV85661.1
QXV81069.1	QXV77847.1
QXV81069.1	QXV82679.1
QXV81069.1	QXV75705.1
QXV81069.1	QXV79944.1
QXV81069.1	QXV75704.1
QXV81069.1	QXV77637.1
QXV81069.1	QXV78061.1
QXV81069.1	QXV76724.1
QXV81069.1	QXV77623.1
QXV81069.1	QXV81055.1
QXV81069.1	QXV81278.1
QXV81069.1	QXV82897.1
QXV81069.1	QXV84235.1
QXV81069.1	QXV85668.1
QXV81069.1	QXV77622.1
QXV81069.1	QXV84234.1
QXV81078.1	QXV81078.1
QXV81115.1	QXV81115.1
QXV81116.1	QXV81116.1
QXV81119.1	QXV81119.1
QXV81121.1	QXV81121.1
QXV81122.1	QXV81122.1
QXV81124.1	QXV81124.1
QXV81124.1	QXV77467.1
QXV81124.1	QXV85511.1
QXV81124.1	QXV82521.1
QXV81124.1	QXV77903.1
QXV81166.1	QXV81166.1
QXV81166.1	QXV77510.1
QXV81166.1	QXV82564.1
QXV81166.1	QXV84122.1
QXV81167.1	QXV81167.1
QXV81167.1	QXV79830.1
QXV81167.1	QXV85554.1
QXV81176.1	QXV81176.1
QXV81176.1	QXV80953.1
QXV81176.1	QXV75603.1
QXV81189.1	QXV81189.1
QXV81189.1	QXV75616.1
QXV81189.1	QXV76633.1
QXV81189.1	QXV77534.1
QXV81189.1	QXV77760.1
QXV81189.1	QXV77969.1
QXV81189.1	QXV79853.1
QXV81189.1	QXV80966.1
QXV81189.1	QXV82587.1
QXV81189.1	QXV82807.1
QXV81189.1	QXV84146.1
QXV81189.1	QXV85577.1
QXV81199.1	QXV81199.1
QXV81199.1	QXV76643.1
QXV81199.1	QXV75626.1
QXV81199.1	QXV77544.1
QXV81199.1	QXV77769.1
QXV81199.1	QXV77981.1
QXV81199.1	QXV79864.1
QXV81199.1	QXV80976.1
QXV81199.1	QXV82597.1
QXV81199.1	QXV82816.1
QXV81199.1	QXV84156.1
QXV81199.1	QXV85589.1
QXV81202.1	QXV81202.1
QXV81202.1	QXV82600.1
XPK42963.1	XPK42963.1
XPK42963.1	XPK40541.1
XPK42963.1	XPK40632.1
XPK42968.1	XPK42968.1
XPK42968.1	XPK43390.1
XPK42968.1	XPK40546.1
XPK42968.1	XPK40637.1
XPK42968.1	XPK43485.1
XPK42971.1	XPK42971.1
XPK42972.1	XPK42972.1
XPK42972.1	XPK40642.1
XPK42972.1	XPK43395.1
XPK42972.1	XPK43490.1
XPK42972.1	XPK40551.1
XPK42974.1	XPK42974.1
XPK42975.1	XPK42975.1
XPK42990.1	XPK42990.1
XPK42991.1	XPK42991.1
XPK42991.1	XPK40570.1
XPK42997.1	XPK42997.1
XPK42997.1	XPK40576.1
XPK42997.1	XPK40667.1
XPK42997.1	XPK43419.1
XPK42997.1	XPK43516.1
XPK42997.1	QXV82450.1
XPK42997.1	QXV76495.1
XPK42997.1	YP_007112550.1
XPK42997.1	NP_040591.1
XPK42998.1	XPK42998.1
XPK43000.1	XPK43000.1
XPK43019.1	XPK43019.1
XPK43019.1	XPK40596.1
XPK43026.1	XPK43026.1
XPK43027.1	XPK43027.1
XPK43029.1	XPK43029.1
XPK43030.1	XPK43030.1
XPK43030.1	XPK40606.1
XPK43030.1	XPK43452.1
XPK43030.1	XPK43546.1
XPK43031.1	XPK43031.1
XPK43032.1	XPK43032.1
XPK43033.1	XPK43033.1
XPK43034.1	XPK43034.1
XPK43034.1	XPK40612.1
XPK43034.1	XPK40702.1
XPK43040.1	XPK43040.1
XPK43040.1	XPK40165.1
XPK43040.1	XPK41554.1
XPK43040.1	XPK41952.1
XPK43040.1	XPK42229.1
XPK43054.1	XPK43054.1
XPK43054.1	XPK40182.1
XPK43054.1	XPK41568.1
XPK43054.1	XPK40280.1
XPK43054.1	XPK41843.1
XPK43054.1	XPK41966.1
XPK43054.1	XPK42243.1
XPK43054.1	XPK42680.1
XPK43054.1	XPK43265.1
XPK43055.1	XPK43055.1
XPK43059.1	XPK43059.1
XPK43061.1	XPK43061.1
XPK43062.1	XPK43062.1
XPK43062.1	XPK40189.1
XPK43062.1	XPK41850.1
XPK43062.1	XPK41974.1
XPK43062.1	NP_415483.2
XPK43062.1	NP_414949.1
XPK43062.1	QXV85828.1
XPK43062.1	QXV79598.1
XPK43062.1	QXV82427.1
XPK43062.1	QXV84546.1
XPK43062.1	QXV85500.1
XPK43062.1	XPK41796.1
XPK43065.1	XPK43065.1
XPK43065.1	XPK41977.1
XPK43066.1	XPK43066.1
XPK43068.1	XPK43068.1
XPK43069.1	XPK43069.1
XPK43071.1	XPK43071.1
XPK43072.1	XPK43072.1
XPK43072.1	XPK42696.1
XPK43072.1	XPK40296.1
XPK43072.1	XPK43279.1
XPK43072.1	XPK41984.1
XPK43075.1	XPK43075.1
XPK43075.1	XPK40198.1
XPK43075.1	XPK41583.1
XPK43075.1	XPK41866.1
XPK43075.1	XPK43282.1
XPK43075.1	XPK41988.1
XPK43079.1	XPK43079.1
XPK43079.1	XPK41992.1
XPK43081.1	XPK43081.1
XPK43082.1	XPK43082.1
XPK43082.1	QXV78277.1
XPK43082.1	QXV81492.1
XPK43082.1	QXV83883.1
XPK43083.1	XPK43083.1
XPK43083.1	XPK41995.1
XPK43085.1	XPK43085.1
XPK43089.1	XPK43089.1
XPK43092.1	XPK43092.1
XPK43093.1	XPK43093.1
XPK43093.1	XPK42713.1
XPK43093.1	XPK42003.1
XPK43100.1	XPK43100.1
XPK43100.1	XPK42009.1
XPK43100.1	XPK43306.1
XPK43100.1	XPK40326.1
XPK43100.1	XPK41886.1
XPK43100.1	XPK40325.1
XPK43100.1	XPK40317.1
XPK43100.1	XPK42722.1
XPK43100.1	XPK43305.1
XPK43100.1	XPK40318.1
XPK43100.1	XPK43298.1
XPK43100.1	XPK40217.1
XPK43100.1	XPK41601.1
XPK43100.1	XPK41887.1
XPK43100.1	XPK42010.1
XPK43100.1	XPK42277.1
XPK43100.1	XPK43101.1
XPK43100.1	XPK42723.1
XPK43100.1	XPK43102.1
XPK43100.1	XPK41888.1
XPK43100.1	XPK42011.1
XPK43100.1	XPK42278.1
XPK43107.1	XPK43107.1
XPK43107.1	XPK42284.1
XPK43107.1	XPK40222.1
XPK43107.1	XPK42016.1
XPK43107.1	XPK41606.1
XPK43107.1	XPK42728.1
XPK43107.1	XPK40332.1
XPK43107.1	XPK43312.1
XPK43107.1	XPK41895.1
XPK43110.1	XPK43110.1
XPK43122.1	XPK43122.1
XPK43122.1	XPK41912.1
XPK43122.1	QXV83717.1
XPK43125.1	XPK43125.1
XPK43125.1	XPK42035.1
XPK43127.1	XPK43127.1
XPK43131.1	XPK43131.1
XPK43133.1	XPK43133.1
XPK43136.1	XPK43136.1
XPK43138.1	XPK43138.1
XPK43138.1	XPK41926.1
XPK43138.1	XPK42050.1
XPK43139.1	XPK43139.1
XPK43139.1	YP_950482.1
XPK43139.1	QXV75845.1
XPK43141.1	XPK43141.1
XPK43147.1	XPK43147.1
XPK43149.1	XPK43149.1
XPK43150.1	XPK43150.1
XPK43151.1	XPK43151.1
XPK43151.1	XPK41935.1
XPK43151.1	XPK42061.1
XPK43154.1	XPK43154.1
XPK43154.1	XPK40378.1
XPK43154.1	XPK41938.1
XPK43154.1	XPK42321.1
XPK43154.1	XPK43358.1
XPK43154.1	XPK40253.1
XPK43154.1	XPK41642.1
XPK43154.1	XPK42064.1
XPK43154.1	XPK42770.1
XPK43155.1	XPK43155.1
XPK43155.1	XPK41643.1
XPK43155.1	XPK41939.1
XPK43155.1	XPK40254.1
XPK43155.1	XPK42771.1
XPK43155.1	XPK43359.1
XPK43155.1	XPK40379.1
XPK43155.1	XPK42065.1
XPK43155.1	XPK42322.1
XPK43156.1	XPK43156.1
XPK43156.1	XPK41634.1
XPK43156.1	XPK42066.1
XPK43156.1	XPK42313.1
XPK43157.1	XPK43157.1
XPK43159.1	XPK43159.1
XPK43159.1	XPK42070.1
XPK43159.1	XPK42323.1
XPK43159.1	XPK40255.1
XPK43159.1	XPK42315.1
XPK43159.1	XPK41636.1
XPK43161.1	XPK43161.1
XPK43163.1	XPK43163.1
XPK43163.1	XPK43366.1
XPK43163.1	XPK40387.1
XPK43163.1	XPK42074.1
XPK43163.1	XPK42778.1
XPK43170.1	XPK43170.1
XPK43170.1	XPK40448.1
XPK43170.1	XPK42081.1
XPK43170.1	XPK42448.1
XPK43170.1	XPK42583.1
XPK43170.1	XPK43669.1
XPK43170.1	XPK40959.1
XPK43171.1	XPK43171.1
XPK43171.1	XPK42584.1
XPK43171.1	XPK40449.1
XPK43172.1	XPK43172.1
XPK43173.1	XPK43173.1
XPK43173.1	XPK40962.1
XPK43180.1	XPK43180.1
XPK43188.1	XPK43188.1
XPK43197.1	XPK43197.1
XPK43204.1	XPK43204.1
XPK43204.1	XPK40994.1
XPK43204.1	XPK42116.1
XPK43204.1	XPK42617.1
XPK43210.1	XPK43210.1
XPK43210.1	XPK40489.1
XPK43210.1	XPK41001.1
XPK43210.1	XPK42122.1
XPK43210.1	XPK42625.1
XPK43210.1	XPK42488.1
XPK43212.1	XPK43212.1
XPK43214.1	XPK43214.1
XPK43215.1	XPK43215.1
XPK43215.1	XPK40495.1
XPK43215.1	XPK42630.1
XPK43215.1	XPK42495.1
XPK43215.1	XPK42127.1
XPK43215.1	XPK43716.1
XPK43217.1	XPK43217.1
XPK43218.1	XPK43218.1
XPK43220.1	XPK43220.1
XPK43224.1	XPK43224.1
XPK43225.1	XPK43225.1
XPK43226.1	XPK43226.1
XPK43227.1	XPK43227.1
XPK43231.1	XPK43231.1
XPK43231.1	XPK41270.1
XPK43231.1	XPK42144.1
XPK43231.1	XPK42512.1
XPK43231.1	XPK42646.1
XPK43231.1	XPK43733.1
XPK43234.1	XPK43234.1
XPK43235.1	XPK43235.1
XPK43235.1	XPK40513.1
XPK43235.1	XPK41025.1
XPK43235.1	XPK42147.1
XPK43235.1	XPK42515.1
XPK43235.1	XPK42649.1
XPK43235.1	XPK43477.1
XPK43235.1	XPK43736.1
XPK43235.1	QXV83029.1
XPK43235.1	QXV79510.1
XPK43235.1	QXV81814.1
XPK43235.1	QXV81978.1
XPK43235.1	QXV83365.1
XPK43235.1	QXV85069.1
XPK43235.1	XPK41102.1
XPK43235.1	XPK41274.1
XPK43235.1	XPK41712.1
XPK43235.1	XPK42940.1
XPK43235.1	QXV77418.1
XPK43235.1	QXV76185.1
XPK43235.1	QXV76526.1
XPK43235.1	QXV79398.1
XPK43235.1	QXV80580.1
XPK43235.1	QXV80722.1
XPK43235.1	QXV80816.1
XPK43235.1	QXV81647.1
XPK43235.1	QXV81880.1
XPK43235.1	QXV82301.1
XPK43235.1	QXV82478.1
XPK43235.1	QXV83690.1
XPK43235.1	QXV84041.1
XPK43235.1	AXN58158.1
XPK43235.1	AYD82725.1
XPK43235.1	NP_049736.1
XPK43235.1	QXV75232.1
XPK43235.1	QXV75514.1
XPK43235.1	QXV76094.1
XPK43235.1	QXV76447.1
XPK43235.1	QXV77065.1
XPK43235.1	QXV78337.1
XPK43235.1	QXV78674.1
XPK43235.1	QXV78954.1
XPK43235.1	QXV79233.1
XPK43235.1	QXV81548.1
XPK43235.1	QXV82215.1
XPK43235.1	QXV83267.1
XPK43235.1	QXV83609.1
XPK43235.1	QXV83942.1
XPK43235.1	QXV84969.1
XPK43235.1	QXV86078.1
XPK43235.1	NP_415087.1
XPK43235.1	XPK41957.1
XPK43235.1	NP_416072.1
XPK43235.1	XPK40173.1
XPK43235.1	XPK40271.1
XPK43235.1	XPK41559.1
XPK43235.1	XPK41834.1
XPK43235.1	XPK42234.1
XPK43235.1	XPK42671.1
XPK43235.1	XPK43045.1
XPK43235.1	XPK43256.1
XPK43235.1	YP_006484.1
XPK43236.1	XPK43236.1
XPK43239.1	XPK43239.1
XPK43241.1	XPK43241.1
XPK43241.1	XPK41030.1
XPK43248.1	XPK43248.1
XPK43248.1	XPK40162.1
XPK43248.1	XPK41826.1
XPK43248.1	XPK41551.1
XPK43248.1	XPK41949.1
XPK43248.1	XPK42226.1
XPK43248.1	XPK43037.1
XPK43248.1	XPK42662.1
XPK43251.1	XPK43251.1
XPK43251.1	XPK40266.1
XPK43251.1	XPK41829.1
XPK43251.1	XPK42665.1
XPK43251.1	NP_414824.1
XPK43254.1	XPK43254.1
XPK43254.1	QXV77227.1
XPK43254.1	XPK43657.1
XPK43254.1	XPK42437.1
XPK43254.1	XPK42669.1
XPK43254.1	XPK40269.1
XPK43254.1	XPK41210.1
XPK43254.1	XPK41476.1
XPK43254.1	XPK41955.1
XPK43254.1	XPK42232.1
XPK43254.1	XPK43043.1
XPK43255.1	XPK43255.1
XPK43255.1	XPK41833.1
XPK43255.1	XPK40270.1
XPK43255.1	XPK42233.1
XPK43255.1	XPK40172.1
XPK43255.1	XPK41558.1
XPK43255.1	XPK42670.1
XPK43255.1	XPK41956.1
XPK43255.1	XPK43044.1
XPK43260.1	XPK43260.1
XPK43260.1	XPK41961.1
XPK43564.1	XPK43564.1
XPK43564.1	XPK41117.1
XPK43564.1	XPK41378.1
XPK43564.1	XPK42340.1
XPK43570.1	XPK43570.1
XPK43570.1	XPK41123.1
XPK43570.1	XPK41384.1
XPK43570.1	XPK42346.1
XPK43570.1	QXV77714.1
XPK43570.1	QXV75571.1
XPK43570.1	QXV77487.1
XPK43570.1	QXV77922.1
XPK43570.1	QXV79807.1
XPK43570.1	QXV81143.1
XPK43570.1	QXV82541.1
XPK43570.1	QXV82761.1
XPK43570.1	QXV84099.1
XPK43570.1	QXV85531.1
XPK43570.1	QXV81366.1
XPK43570.1	QXV78149.1
XPK43570.1	QXV83755.1
XPK43570.1	QXV81710.1
XPK43576.1	XPK43576.1
XPK43576.1	XPK41129.1
XPK43576.1	XPK41390.1
XPK43576.1	XPK42352.1
XPK43579.1	XPK43579.1
XPK43579.1	XPK42355.1
XPK43579.1	XPK41132.1
XPK43583.1	XPK43583.1
XPK43583.1	XPK41136.1
XPK43583.1	XPK41397.1
XPK43583.1	XPK42359.1
XPK43583.1	QXV79628.1
XPK43583.1	QXV85091.1
XPK43583.1	QXV80375.1
XPK43585.1	XPK43585.1
XPK43589.1	XPK43589.1
XPK43590.1	XPK43590.1
XPK43592.1	XPK43592.1
XPK43592.1	XPK41145.1
XPK43592.1	XPK41406.1
XPK43592.1	XPK42368.1
XPK43593.1	XPK43593.1
XPK43593.1	QXV79588.1
XPK43593.1	XPK41146.1
XPK43593.1	XPK41407.1
XPK43593.1	XPK41760.1
XPK43593.1	XPK42369.1
XPK43595.1	XPK43595.1
XPK43595.1	XPK41148.1
XPK43595.1	XPK41409.1
XPK43595.1	XPK42371.1
XPK43601.1	XPK43601.1
XPK43601.1	XPK41154.1
XPK43601.1	XPK42378.1
XPK43601.1	XPK41417.1
XPK43604.1	XPK43604.1
XPK43604.1	XPK41157.1
XPK43604.1	XPK41420.1
XPK43604.1	XPK42381.1
XPK43606.1	XPK43606.1
XPK43606.1	XPK41159.1
XPK43606.1	XPK41422.1
XPK43606.1	XPK42383.1
XPK43607.1	XPK43607.1
XPK43609.1	XPK43609.1
XPK43610.1	XPK43610.1
XPK43610.1	XPK41163.1
XPK43610.1	XPK42387.1
XPK43610.1	XPK41426.1
XPK43611.1	XPK43611.1
XPK43611.1	XPK41164.1
XPK43611.1	XPK41427.1
XPK43611.1	XPK42388.1
XPK43612.1	XPK43612.1
XPK43613.1	XPK43613.1
XPK43613.1	XPK41429.1
XPK43613.1	XPK42390.1
XPK43613.1	XPK41166.1
XPK43614.1	XPK43614.1
XPK43615.1	XPK43615.1
XPK43615.1	XPK41168.1
XPK43615.1	XPK41431.1
XPK43615.1	XPK42392.1
XPK43615.1	NP_418766.4
XPK43618.1	XPK43618.1
XPK43618.1	XPK41434.1
XPK43618.1	XPK42395.1
XPK43622.1	XPK43622.1
XPK43622.1	XPK41438.1
XPK43622.1	XPK41175.1
XPK43622.1	XPK42399.1
XPK43623.1	XPK43623.1
XPK43623.1	XPK41176.1
XPK43623.1	XPK41439.1
XPK43623.1	XPK42400.1
XPK43625.1	XPK43625.1
XPK43625.1	XPK41441.1
XPK43625.1	XPK42402.1
XPK43625.1	XPK41178.1
XPK43626.1	XPK43626.1
XPK43626.1	XPK41443.1
XPK43626.1	XPK42404.1
XPK43626.1	XPK41180.1
XPK43627.1	XPK43627.1
XPK43627.1	XPK41181.1
XPK43627.1	XPK41444.1
XPK43627.1	XPK42405.1
XPK43628.1	XPK43628.1
XPK43628.1	XPK42406.1
XPK43628.1	XPK41182.1
XPK43628.1	XPK41446.1
XPK43630.1	XPK43630.1
XPK43632.1	XPK43632.1
XPK43632.1	XPK42408.1
XPK43632.1	XPK41185.1
XPK43633.1	XPK43633.1
XPK43633.1	XPK42410.1
XPK43634.1	XPK43634.1
XPK43634.1	XPK41450.1
XPK43634.1	XPK42411.1
XPK43636.1	XPK43636.1
XPK43636.1	XPK41189.1
XPK43636.1	XPK42413.1
XPK43636.1	XPK41452.1
XPK43638.1	XPK43638.1
XPK43641.1	XPK43641.1
XPK43642.1	XPK43642.1
XPK43643.1	XPK43643.1
XPK43645.1	XPK43645.1
XPK43646.1	XPK43646.1
XPK43646.1	XPK41464.1
XPK43648.1	XPK43648.1
XPK43648.1	XPK41466.1
XPK43649.1	XPK43649.1
XPK43650.1	XPK43650.1
XPK43650.1	XPK41203.1
XPK43650.1	XPK41468.1
XPK43650.1	XPK42428.1
XPK43652.1	XPK43652.1
XPK43654.1	XPK43654.1
XPK43654.1	XPK42433.1
XPK43654.1	XPK41473.1
XPK43654.1	XPK41207.1
XPK43655.1	XPK43655.1
XPK43655.1	XPK41208.1
XPK43659.1	XPK43659.1
XPK43659.1	XPK41478.1
XPK43660.1	XPK43660.1
XPK43661.1	XPK43661.1
XPK43661.1	XPK41214.1
XPK43661.1	XPK41480.1
XPK43661.1	XPK42441.1
XPK43662.1	XPK43662.1
XPK43662.1	XPK41481.1
XPK43662.1	XPK41215.1
XPK43662.1	XPK42442.1
NP_414801.1	NP_414801.1
NP_414805.1	NP_414805.1
NP_414813.1	NP_414813.1
NP_414814.1	NP_414814.1
NP_414817.1	NP_414817.1
NP_414820.1	NP_414820.1
NP_414821.1	NP_414821.1
NP_414822.1	NP_414822.1
NP_414828.1	NP_414828.1
NP_414828.1	NP_417323.2
NP_414828.1	NP_415558.1
NP_414828.1	NP_416461.1
NP_414828.1	NP_416697.1
NP_414828.1	NP_415068.1
NP_414828.1	NP_416721.1
NP_414828.1	NP_415739.1
NP_414828.1	NP_416424.1
NP_414828.1	NP_417969.1
NP_414828.1	NP_418125.1
NP_414828.1	NP_415153.1
NP_414828.1	NP_418548.1
NP_414828.1	NP_416125.2
NP_414828.1	NP_414933.1
NP_414828.1	NP_415515.1
NP_414828.1	NP_417864.1
NP_414828.1	NP_415648.1
NP_414828.1	NP_417497.1
NP_414828.1	NP_418537.1
NP_414828.1	NP_416478.2
NP_414828.1	NP_416583.1
NP_414828.1	NP_415103.1
NP_414828.1	NP_415222.1
NP_414828.1	NP_418348.1
NP_414828.1	NP_418815.1
NP_414828.1	NP_418818.1
NP_414828.1	NP_417977.1
NP_414828.1	NP_417964.1
NP_414828.1	NP_416870.1
NP_414828.1	NP_418785.1
NP_414828.1	NP_418786.4
NP_414828.1	NP_414812.1
NP_414829.1	NP_414829.1
NP_414832.2	NP_414832.2
NP_414832.2	NP_414907.2
NP_414832.2	NP_415072.2
NP_414832.2	NP_415546.2
NP_414832.2	NP_416592.2
NP_414832.2	NP_414894.2
NP_414832.2	NP_415921.2
NP_414832.2	NP_417338.3
NP_414832.2	NP_417516.3
NP_414832.2	NP_418692.2
NP_414832.2	YP_026163.2
NP_414835.2	NP_414835.2
NP_414837.2	NP_414837.2
NP_414837.2	NP_418609.4
NP_414837.2	NP_417705.2
NP_414837.2	NP_415323.1
NP_414837.2	NP_414863.1
NP_414837.2	NP_415327.2
NP_414837.2	NP_415630.1
NP_414841.1	NP_414841.1
NP_414842.4	NP_414842.4
NP_414844.1	NP_414844.1
NP_414844.1	NP_416458.1
NP_414845.1	NP_414845.1
NP_414847.3	NP_414847.3
NP_414847.3	NP_415317.4
NP_414847.3	NP_415367.1
NP_414847.3	NP_416166.3
NP_414847.3	NP_417730.1
NP_414847.3	NP_418398.3
NP_414847.3	NP_415629.4
NP_414847.3	NP_414997.1
NP_414847.3	NP_415533.1
NP_414847.3	NP_416135.1
NP_414847.3	NP_418558.2
NP_414847.3	NP_418098.4
NP_414847.3	NP_418672.4
NP_414848.1	NP_414848.1
NP_414848.1	NP_416700.1
NP_414848.1	NP_418498.1
NP_414848.1	NP_417861.1
NP_414849.1	NP_414849.1
NP_414852.1	NP_414852.1
NP_414857.1	NP_414857.1
NP_414857.1	NP_417350.1
NP_414857.1	NP_415054.1
NP_414857.1	NP_418394.3
NP_414860.1	NP_414860.1
NP_414861.2	NP_414861.2
NP_414867.1	NP_414867.1
NP_414867.1	NP_415248.1
NP_414867.1	NP_415803.2
NP_414868.1	NP_414868.1
NP_414873.1	NP_414873.1
NP_414873.1	NP_414668.1
NP_414874.1	NP_414874.1
NP_414878.1	NP_414878.1
NP_414878.1	YP_026199.1
NP_414881.1	NP_414881.1
NP_414881.1	NP_415913.1
NP_414881.1	NP_416533.1
NP_414881.1	NP_418222.1
NP_414881.1	NP_416191.1
NP_414881.1	NP_416368.1
NP_414884.2	NP_414884.2
NP_414888.4	NP_414888.4
NP_414897.1	NP_414897.1
NP_414897.1	NP_415541.1
NP_416513.1	NP_416513.1
NP_416513.1	YP_026197.1
NP_416514.4	NP_416514.4
NP_416514.4	NP_415165.1
NP_416514.4	NP_415360.1
NP_416515.1	NP_416515.1
NP_416516.1	NP_416516.1
NP_416516.1	NP_416440.1
NP_416516.1	NP_417927.1
NP_416520.1	NP_416520.1
NP_416520.1	NP_416544.1
NP_416520.1	NP_415389.2
NP_416520.1	NP_415280.3
NP_416520.1	NP_418632.1
NP_416520.1	QXV83945.1
NP_416520.1	QXV78340.1
NP_416520.1	QXV81551.1
NP_416520.1	NP_416807.1
NP_416522.1	NP_416522.1
NP_416523.1	NP_416523.1
NP_416523.1	YP_026260.1
NP_416524.1	NP_416524.1
NP_416524.1	NP_417147.1
NP_416524.1	NP_415816.1
NP_416524.1	NP_416260.1
NP_416524.1	NP_414778.1
NP_416524.1	NP_414846.1
NP_416524.1	NP_415903.4
NP_416524.1	NP_415961.1
NP_416524.1	NP_415933.1
NP_416524.1	NP_416042.2
NP_416524.1	NP_416950.1
NP_416524.1	NP_418045.4
NP_416526.4	NP_416526.4
NP_416527.1	NP_416527.1
NP_416527.1	NP_417819.1
NP_416527.1	NP_418445.1
NP_416530.1	NP_416530.1
NP_416531.4	NP_416531.4
NP_416531.4	NP_415119.1
NP_416531.4	NP_418232.2
NP_416532.1	NP_416532.1
NP_416532.1	YP_026254.1
NP_416532.1	NP_417524.1
NP_416532.1	NP_418057.1
NP_416532.1	NP_416410.1
NP_416532.1	YP_025302.1
NP_416532.1	NP_416060.1
NP_416532.1	NP_416677.1
NP_416532.1	NP_418743.1
NP_416539.1	NP_416539.1
NP_416550.1	NP_416550.1
NP_416550.1	NP_415587.1
NP_416550.1	NP_416491.3
NP_416550.1	NP_417449.1
NP_416550.1	NP_415044.4
NP_416550.1	NP_414548.1
NP_416550.1	NP_414870.1
NP_416550.1	NP_417276.1
NP_416550.1	NP_417322.1
NP_416550.1	NP_417996.1
NP_416550.1	YP_026203.3
NP_416550.1	YP_026221.1
NP_416550.1	NP_417220.1
NP_416550.1	NP_418686.1
NP_416550.1	NP_418741.1
NP_416550.1	YP_026217.1
NP_416550.1	NP_414935.1
NP_416550.1	NP_415154.1
NP_416550.1	NP_418716.1
NP_416550.1	NP_416866.1
NP_416550.1	YP_025307.1
NP_416550.1	NP_418468.3
NP_416551.1	NP_416551.1
NP_416560.1	NP_416560.1
NP_416560.1	NP_416853.1
NP_416560.1	NP_418079.1
NP_416560.1	NP_415167.1
NP_416560.1	NP_414631.1
NP_416560.1	NP_418241.1
NP_416562.1	NP_416562.1
NP_416562.1	NP_414992.1
NP_416562.1	NP_414876.1
NP_416562.1	NP_416558.1
NP_416562.1	NP_416537.1
NP_416563.1	NP_416563.1
NP_416563.1	NP_416559.1
NP_416563.1	NP_416757.1
NP_416563.1	NP_416852.1
NP_416563.1	NP_418072.1
NP_416563.1	NP_415438.1
NP_416563.1	NP_418075.2
NP_416563.1	QXV81394.1
NP_416563.1	QXV78177.1
NP_416563.1	QXV83785.1
NP_416563.1	QXV83947.1
NP_416563.1	QXV78342.1
NP_416563.1	QXV81553.1
NP_416563.1	NP_415752.1
NP_416563.1	NP_416543.1
NP_416563.1	NP_418236.1
NP_416563.1	NP_416546.1
NP_416564.4	NP_416564.4
NP_416564.4	NP_415501.1
NP_416565.1	NP_416565.1
NP_416565.1	NP_415502.4
NP_416571.1	NP_416571.1
NP_416572.1	NP_416572.1
NP_416574.1	NP_416574.1
NP_416575.1	NP_416575.1
NP_416576.1	NP_416576.1
NP_416577.1	NP_416577.1
NP_416577.1	QXV78185.1
NP_416577.1	QXV81402.1
NP_416577.1	QXV83793.1
NP_416579.1	NP_416579.1
NP_416579.1	NP_414995.1
NP_416579.1	NP_415107.1
NP_416579.1	NP_416580.1
NP_416579.1	NP_417732.1
NP_416579.1	NP_416965.1
NP_416579.1	NP_417971.1
NP_416584.4	NP_416584.4
NP_416585.1	NP_416585.1
NP_416585.1	NP_416553.1
NP_416585.1	NP_417315.1
NP_416585.1	NP_415708.1
NP_416585.1	NP_418477.1
NP_416585.1	NP_417840.1
NP_416586.1	NP_416586.1
NP_416586.1	NP_046785.1
NP_416589.2	NP_416589.2
NP_416589.2	NP_416417.1
NP_416590.1	NP_416590.1
NP_416590.1	NP_417105.1
NP_416590.1	NP_414634.1
NP_416590.1	NP_414915.1
NP_416590.1	NP_415373.1
NP_416590.1	NP_417422.1
NP_416602.1	NP_416602.1
NP_416605.2	NP_416605.2
NP_416607.1	NP_416607.1
NP_416607.1	NP_416153.1
NP_416607.1	NP_416913.1
NP_416607.1	NP_416286.4
NP_416607.1	NP_416237.3
NP_416607.1	NP_416599.2
NP_416607.1	NP_417606.1
NP_416607.1	NP_416603.1
NP_416607.1	NP_416606.1
NP_416607.1	NP_416673.1
NP_416607.1	NP_417983.2
NP_416607.1	NP_418319.2
NP_416607.1	NP_416665.1
NP_416607.1	NP_416671.1
NP_416607.1	NP_418208.1
NP_416607.1	NP_417833.1
NP_416608.1	NP_416608.1
NP_416608.1	NP_414891.4
NP_416610.4	NP_416610.4
NP_416615.1	NP_416615.1
NP_416616.4	NP_416616.4
NP_416617.1	NP_416617.1
QXV77408.1	QXV77408.1
QXV77413.1	QXV77413.1
QXV77419.1	QXV77419.1
QXV77420.1	QXV77420.1
QXV77420.1	QXV81239.1
QXV77420.1	QXV82303.1
QXV77420.1	QXV77012.1
QXV77420.1	QXV75178.1
QXV77420.1	XPK43158.1
QXV77420.1	XPK41941.1
QXV77420.1	XPK42068.1
QXV77421.1	QXV77421.1
QXV77422.1	QXV77422.1
QXV77427.1	QXV77427.1
QXV77430.1	QXV77430.1
QXV77431.1	QXV77431.1
QXV77434.1	QXV77434.1
QXV77438.1	QXV77438.1
QXV77441.1	QXV77441.1
QXV77442.1	QXV77442.1
QXV77443.1	QXV77443.1
QXV77444.1	QXV77444.1
QXV77445.1	QXV77445.1
QXV77446.1	QXV77446.1
QXV77448.1	QXV77448.1
QXV77448.1	QXV80600.1
QXV77448.1	QXV83719.1
QXV77448.1	QXV81665.1
QXV77448.1	QXV83704.1
QXV77449.1	QXV77449.1
QXV77450.1	QXV77450.1
QXV77451.1	QXV77451.1
QXV77454.1	QXV77454.1
QXV77455.1	QXV77455.1
QXV77456.1	QXV77456.1
QXV77457.1	QXV77457.1
QXV77458.1	QXV77458.1
QXV77458.1	QXV83728.1
QXV77460.1	QXV77460.1
QXV77460.1	QXV83730.1
QXV77462.1	QXV77462.1
QXV77463.1	QXV77463.1
QXV77463.1	QXV79446.1
QXV77463.1	QXV82340.1
QXV77463.1	QXV84077.1
QXV77466.1	QXV77466.1
QXV77505.1	QXV77505.1
QXV77529.1	QXV77529.1
QXV77529.1	QXV77755.1
QXV77529.1	QXV82802.1
QXV77529.1	QXV76628.1
QXV77536.1	QXV77536.1
QXV77536.1	QXV76635.1
QXV77536.1	QXV84148.1
QXV77536.1	QXV77762.1
QXV77536.1	QXV75618.1
QXV77536.1	QXV77971.1
QXV77536.1	QXV79855.1
QXV77536.1	QXV82809.1
QXV77536.1	QXV85579.1
QXV77536.1	QXV82589.1
QXV77536.1	QXV80968.1
QXV77536.1	QXV81191.1
QXV77553.1	QXV77553.1
QXV77553.1	QXV75635.1
QXV77560.1	QXV77560.1
QXV77560.1	QXV77997.1
QXV77560.1	QXV79880.1
QXV77560.1	QXV84171.1
QXV77560.1	QXV75641.1
QXV77560.1	QXV81214.1
QXV77560.1	QXV82831.1
QXV77560.1	QXV85605.1
QXV77560.1	QXV76658.1
QXV77560.1	QXV77784.1
QXV77567.1	QXV77567.1
QXV77569.1	QXV77569.1
QXV77569.1	QXV75650.1
QXV77569.1	QXV76669.1
QXV77569.1	QXV78007.1
QXV77569.1	QXV79891.1
QXV77569.1	QXV81225.1
QXV77569.1	QXV81002.1
QXV77569.1	QXV76827.1
QXV77569.1	QXV78423.1
QXV77569.1	QXV82624.1
QXV77569.1	QXV82842.1
QXV77569.1	QXV84182.1
QXV77581.1	QXV77581.1
QXV77582.1	QXV77582.1
QXV77590.1	QXV77590.1
QXV77594.1	QXV77594.1
QXV77594.1	QXV75675.1
QXV77594.1	QXV76694.1
QXV77594.1	QXV77819.1
QXV77594.1	QXV78032.1
QXV77594.1	QXV79915.1
QXV77594.1	QXV81026.1
QXV77594.1	QXV81249.1
QXV77594.1	QXV82649.1
QXV77594.1	QXV82867.1
QXV77594.1	QXV84205.1
QXV77594.1	QXV85639.1
QXV77595.1	QXV77595.1
QXV77600.1	QXV77600.1
QXV77601.1	QXV77601.1
QXV77602.1	QXV77602.1
QXV77603.1	QXV77603.1
QXV77606.1	QXV77606.1
QXV77606.1	QXV75688.1
QXV77606.1	QXV79927.1
QXV77606.1	QXV84218.1
QXV77618.1	QXV77618.1
QXV77620.1	QXV77620.1
QXV77626.1	QXV77626.1
QXV77632.1	QXV77632.1
QXV77634.1	QXV77634.1
QXV77646.1	QXV77646.1
QXV77649.1	QXV77649.1
QXV77652.1	QXV77652.1
QXV77652.1	QXV75732.1
QXV77652.1	QXV76753.1
QXV77652.1	QXV77860.1
QXV77652.1	QXV78089.1
QXV77652.1	QXV79970.1
QXV77652.1	QXV81082.1
QXV77652.1	QXV81305.1
QXV77652.1	QXV82700.1
QXV77652.1	QXV82926.1
QXV77652.1	QXV84262.1
QXV77652.1	QXV85699.1
QXV77652.1	NP_415370.1
QXV77652.1	QXV81756.1
QXV77652.1	QXV83944.1
QXV77652.1	QXV78339.1
QXV77652.1	QXV81550.1
QXV77652.1	NP_417159.1
QXV77652.1	NP_418067.1
QXV77652.1	QXV76039.1
QXV77652.1	AXN58111.1
QXV77652.1	AYD82669.1
QXV77652.1	NP_049686.1
QXV77652.1	QXV75184.1
QXV77652.1	QXV75462.1
QXV77652.1	QXV76398.1
QXV77652.1	QXV77018.1
QXV77652.1	QXV78626.1
QXV77652.1	QXV78899.1
QXV77652.1	QXV79176.1
QXV77652.1	QXV82166.1
QXV77652.1	QXV83553.1
QXV77652.1	QXV84926.1
QXV77652.1	QXV86023.1
QXV77652.1	AYD82680.1
QXV77652.1	AXN58122.1
QXV77652.1	NP_049698.1
QXV77652.1	QXV75195.1
QXV77652.1	QXV75474.1
QXV77652.1	QXV76052.1
QXV77652.1	QXV76408.1
QXV77652.1	QXV77029.1
QXV77652.1	QXV78636.1
QXV77652.1	QXV78911.1
QXV77652.1	QXV79188.1
QXV77652.1	QXV82176.1
QXV77652.1	QXV83228.1
QXV77652.1	QXV83565.1
QXV77652.1	QXV84938.1
QXV77652.1	QXV86034.1
QXV77652.1	NP_418228.2
QXV77652.1	NP_415495.1
QXV77652.1	QXV77328.1
QXV77652.1	QXV79738.1
QXV77652.1	QXV80134.1
QXV77652.1	QXV80307.1
QXV77652.1	QXV80486.1
QXV77652.1	QXV84415.1
QXV77652.1	QXV84683.1
QXV77652.1	QXV85199.1
QXV77652.1	QXV85373.1
QXV77652.1	YP_006865.1
QXV77652.1	XPK40319.1
QXV77652.1	XPK40213.1
QXV77652.1	XPK41597.1
QXV77652.1	XPK41882.1
QXV77652.1	XPK42005.1
QXV77652.1	XPK42272.1
QXV77652.1	XPK42716.1
QXV77652.1	XPK43096.1
QXV77652.1	XPK43299.1
QXV77662.1	QXV77662.1
QXV77662.1	QXV75742.1
QXV77662.1	QXV76763.1
QXV77662.1	QXV77870.1
QXV77662.1	QXV78099.1
QXV77662.1	QXV79980.1
QXV77662.1	QXV81092.1
QXV77662.1	QXV81315.1
QXV77662.1	QXV82710.1
QXV77662.1	QXV82936.1
QXV77662.1	QXV84272.1
QXV77662.1	QXV85709.1
QXV77666.1	QXV77666.1
QXV77666.1	QXV78103.1
QXV77666.1	QXV79984.1
QXV77666.1	QXV81096.1
QXV77666.1	QXV82714.1
QXV77666.1	QXV82940.1
QXV77666.1	QXV75746.1
QXV77666.1	QXV76767.1
QXV77666.1	QXV81319.1
QXV77666.1	QXV84276.1
QXV77666.1	QXV85713.1
QXV77686.1	QXV77686.1
QXV77687.1	QXV77687.1
QXV77688.1	QXV77688.1
QXV77690.1	QXV77690.1
QXV77692.1	QXV77692.1
QXV77693.1	QXV77693.1
QXV77695.1	QXV77695.1
QXV77700.1	QXV77700.1
QXV77700.1	QXV79793.1
QXV77700.1	QXV84085.1
QXV77711.1	QXV77711.1
QXV77734.1	QXV77734.1
QXV77734.1	QXV76607.1
QXV77734.1	QXV82781.1
QXV77734.1	QXV85551.1
QXV77734.1	AYD82838.1
QXV77734.1	QXV76295.1
QXV77734.1	QXV76923.1
QXV77734.1	QXV78795.1
QXV77734.1	QXV83448.1
QXV77734.1	QXV77943.1
QXV77734.1	QXV79827.1
QXV77734.1	QXV77507.1
QXV77734.1	QXV82561.1
QXV77734.1	QXV75591.1
QXV77734.1	QXV80941.1
QXV77734.1	QXV81163.1
QXV77734.1	QXV84119.1
QXV77750.1	QXV77750.1
QXV77750.1	QXV77959.1
QXV77750.1	QXV79843.1
QXV77750.1	QXV82797.1
QXV77750.1	QXV77524.1
QXV77750.1	QXV81179.1
QXV77750.1	QXV82577.1
QXV77750.1	QXV84136.1
QXV77750.1	QXV85567.1
QXV77750.1	QXV76623.1
QXV77750.1	QXV75606.1
QXV77750.1	QXV80956.1
QXV77751.1	QXV77751.1
QXV77751.1	QXV84137.1
QXV77751.1	QXV75607.1
QXV77751.1	QXV76624.1
QXV77751.1	QXV77960.1
QXV77751.1	QXV79844.1
QXV77751.1	QXV80957.1
QXV77751.1	QXV81180.1
QXV77751.1	QXV82578.1
QXV77751.1	QXV82798.1
QXV77751.1	QXV85568.1
QXV77751.1	QXV77525.1
QXV77765.1	QXV77765.1
QXV77765.1	QXV75621.1
QXV77765.1	QXV82593.1
QXV77765.1	QXV80972.1
QXV77765.1	QXV82812.1
QXV77765.1	QXV84152.1
QXV77765.1	QXV77975.1
QXV77765.1	QXV79858.1
QXV77765.1	QXV81195.1
QXV77765.1	QXV85583.1
QXV77765.1	QXV77540.1
QXV77772.1	QXV77772.1
QXV77776.1	QXV77776.1
QXV77776.1	QXV77551.1
QXV77776.1	QXV75633.1
QXV77776.1	QXV77988.1
QXV77776.1	QXV80983.1
QXV77776.1	QXV81206.1
QXV77776.1	QXV84163.1
QXV77776.1	QXV82604.1
QXV77776.1	QXV85596.1
QXV77776.1	QXV82823.1
QXV77776.1	QXV76650.1
QXV77780.1	QXV77780.1
QXV77786.1	QXV77786.1
QXV77786.1	QXV76660.1
QXV77786.1	QXV77562.1
QXV77786.1	QXV77999.1
QXV77786.1	QXV81216.1
QXV77786.1	QXV82615.1
QXV77786.1	QXV84173.1
QXV77786.1	QXV85607.1
QXV77786.1	QXV75643.1
QXV77786.1	QXV79882.1
QXV77786.1	QXV80993.1
QXV77786.1	QXV82833.1
QXV77791.1	QXV77791.1
QXV77793.1	QXV77793.1
QXV77794.1	QXV77794.1
QXV77794.1	QXV85616.1
QXV77801.1	QXV77801.1
QXV77809.1	QXV77809.1
QXV77809.1	QXV76685.1
QXV77809.1	QXV84197.1
QXV77809.1	QXV82857.1
QXV77809.1	QXV75665.1
QXV77809.1	QXV77584.1
QXV77809.1	QXV78022.1
QXV77809.1	QXV79906.1
QXV77809.1	QXV81017.1
QXV77809.1	QXV81240.1
QXV77809.1	QXV82639.1
QXV77809.1	QXV85630.1
QXV77809.1	QXV83869.1
QXV77809.1	QXV77432.1
QXV77809.1	QXV81475.1
QXV77809.1	QXV78260.1
QXV77809.1	QXV76542.1
QXV77809.1	QXV81659.1
QXV77809.1	QXV79419.1
QXV77809.1	QXV82316.1
QXV77809.1	QXV83707.1
QXV77809.1	QXV84060.1
QXV77817.1	QXV77817.1
QXV77817.1	QXV75673.1
QXV77817.1	QXV76692.1
QXV77817.1	QXV82865.1
QXV77817.1	QXV79913.1
QXV77817.1	QXV77592.1
QXV77817.1	QXV81024.1
QXV77817.1	QXV82647.1
QXV77817.1	QXV85637.1
QXV77817.1	QXV81247.1
QXV77817.1	QXV84203.1
QXV77817.1	QXV78030.1
QXV77820.1	QXV77820.1
QXV77825.1	QXV77825.1
QXV77827.1	QXV77827.1
QXV77828.1	QXV77828.1
QXV77828.1	QXV75685.1
QXV77828.1	QXV82659.1
QXV77828.1	QXV82877.1
QXV77829.1	QXV77829.1
QXV77829.1	QXV81036.1
QXV77831.1	QXV77831.1
QXV77833.1	QXV77833.1
QXV77843.1	QXV77843.1
QXV77856.1	QXV77856.1
QXV77871.1	QXV77871.1
QXV77871.1	QXV75743.1
QXV77871.1	QXV76764.1
QXV77871.1	QXV77663.1
QXV77871.1	QXV78100.1
QXV77871.1	QXV79981.1
QXV77871.1	QXV81093.1
QXV77871.1	QXV81316.1
QXV77871.1	QXV82711.1
QXV77871.1	QXV82937.1
QXV77871.1	QXV84273.1
QXV77871.1	QXV85710.1
QXV77874.1	QXV77874.1
QXV77881.1	QXV77881.1
QXV77881.1	QXV77673.1
QXV77881.1	QXV79991.1
QXV77881.1	QXV81103.1
QXV77881.1	QXV81326.1
QXV77881.1	QXV82721.1
QXV77881.1	QXV84283.1
QXV77881.1	QXV85720.1
QXV77881.1	QXV76775.1
QXV77881.1	QXV82947.1
QXV77881.1	QXV83967.1
QXV77881.1	QXV78362.1
QXV77881.1	QXV81573.1
QXV77883.1	QXV77883.1
QXV77883.1	QXV79860.1
QXV77883.1	QXV77977.1
QXV77883.1	QXV83972.1
QXV77883.1	QXV84284.1
QXV77883.1	QXV77674.1
QXV77883.1	QXV85586.1
QXV77894.1	QXV77894.1
QXV77895.1	QXV77895.1
QXV77896.1	QXV77896.1
QXV77897.1	QXV77897.1
QXV77897.1	QXV77689.1
QXV77897.1	QXV84299.1
QXV77897.1	QXV85735.1
QXV77897.1	QXV76790.1
QXV77897.1	QXV81341.1
QXV77897.1	QXV75767.1
QXV77898.1	QXV77898.1
QXV77901.1	QXV77901.1
QXV77904.1	QXV77904.1
QXV77919.1	QXV77919.1
QXV77958.1	QXV77958.1
QXV77958.1	QXV79842.1
QXV77958.1	QXV75605.1
QXV77958.1	QXV77749.1
QXV77958.1	QXV82576.1
QXV77958.1	QXV82796.1
QXV77958.1	QXV84135.1
QXV77958.1	QXV85566.1
QXV77958.1	QXV76622.1
QXV77958.1	QXV77523.1
QXV77958.1	QXV80955.1
QXV77958.1	QXV81178.1
QXV77964.1	QXV77964.1
QXV77964.1	QXV79848.1
QXV77964.1	QXV81184.1
QXV77964.1	QXV84141.1
QXV77964.1	QXV85572.1
QXV77972.1	QXV77972.1
QXV77990.1	QXV77990.1
QXV78004.1	QXV78004.1
QXV78005.1	QXV78005.1
QXV78006.1	QXV78006.1
QXV78009.1	QXV78009.1
QXV78014.1	QXV78014.1
QXV78019.1	QXV78019.1
QXV78020.1	QXV78020.1
QXV78023.1	QXV78023.1
QXV78025.1	QXV78025.1
QXV78025.1	QXV76688.1
QXV78025.1	QXV81020.1
QXV78025.1	QXV81243.1
QXV78025.1	QXV82642.1
QXV78025.1	QXV82860.1
QXV78025.1	QXV85633.1
QXV78025.1	QXV77587.1
QXV78025.1	QXV77812.1
QXV78033.1	QXV78033.1
QXV78039.1	QXV78039.1
QXV78040.1	QXV78040.1
QXV78041.1	QXV78041.1
QXV78042.1	QXV78042.1
QXV78042.1	QXV77604.1
QXV78056.1	QXV78056.1
QXV78058.1	QXV78058.1
QXV78060.1	QXV78060.1
QXV78060.1	QXV81054.1
QXV78060.1	QXV82678.1
QXV78064.1	QXV78064.1
QXV78070.1	QXV78070.1
QXV78072.1	QXV78072.1
QXV78073.1	QXV78073.1
QXV78073.1	QXV75717.1
QXV78073.1	QXV76736.1
QXV78073.1	QXV77635.1
QXV78073.1	QXV79955.1
QXV78073.1	QXV81067.1
QXV78073.1	QXV81290.1
QXV78073.1	QXV82684.1
QXV78073.1	QXV84247.1
QXV78073.1	QXV85680.1
QXV78073.1	QXV82909.1
QXV78083.1	QXV78083.1
QXV78083.1	QXV75727.1
QXV78083.1	QXV79965.1
QXV78083.1	QXV81077.1
QXV78083.1	QXV81300.1
QXV78083.1	QXV85690.1
QXV78083.1	QXV76746.1
QXV78083.1	QXV77645.1
QXV78083.1	QXV77855.1
QXV78083.1	QXV82694.1
QXV78083.1	QXV82919.1
QXV78083.1	QXV84257.1
QXV78084.1	QXV78084.1
QXV79310.1	QXV79310.1
QXV79310.1	QXV77253.1
QXV79310.1	QXV81951.1
QXV79310.1	QXV79483.1
QXV79310.1	QXV83001.1
QXV79310.1	QXV83338.1
QXV79310.1	QXV85042.1
QXV79310.1	XPK41072.1
QXV79310.1	XPK41683.1
QXV79310.1	XPK42909.1
QXV79310.1	YP_950500.1
QXV79310.1	QXV75827.1
QXV79312.1	QXV79312.1
QXV79312.1	QXV82399.1
QXV79312.1	QXV77158.1
QXV79312.1	QXV79571.1
QXV79312.1	QXV84518.1
QXV79312.1	QXV85476.1
QXV79312.1	QXV85799.1
QXV79313.1	QXV79313.1
QXV79313.1	XPK42364.1
QXV79313.1	XPK41141.1
QXV79313.1	XPK41402.1
QXV79313.1	XPK43588.1
QXV79315.1	QXV79315.1
QXV79316.1	QXV79316.1
QXV79316.1	QXV77163.1
QXV79318.1	QXV79318.1
QXV79319.1	QXV79319.1
QXV79320.1	QXV79320.1
QXV79320.1	QXV77170.1
QXV79321.1	QXV79321.1
QXV79321.1	QXV77171.1
QXV79322.1	QXV79322.1
QXV79322.1	QXV77172.1
QXV79323.1	QXV79323.1
QXV79324.1	QXV79324.1
QXV79324.1	QXV77174.1
QXV79325.1	QXV79325.1
QXV79328.1	QXV79328.1
QXV79328.1	QXV77178.1
QXV79330.1	QXV79330.1
QXV79331.1	QXV79331.1
QXV79332.1	QXV79332.1
QXV79332.1	QXV77182.1
QXV79334.1	QXV79334.1
QXV79334.1	QXV77184.1
QXV79336.1	QXV79336.1
QXV79336.1	QXV77186.1
QXV79338.1	QXV79338.1
QXV79338.1	QXV75655.1
QXV79340.1	QXV79340.1
QXV79340.1	QXV77188.1
QXV79341.1	QXV79341.1
QXV79341.1	QXV77189.1
QXV79342.1	QXV79342.1
QXV79343.1	QXV79343.1
QXV79344.1	QXV79344.1
QXV79345.1	QXV79345.1
QXV79346.1	QXV79346.1
QXV79346.1	QXV77195.1
QXV79347.1	QXV79347.1
QXV79347.1	QXV77196.1
QXV79349.1	QXV79349.1
QXV79349.1	QXV77198.1
QXV79351.1	QXV79351.1
QXV79351.1	QXV77200.1
QXV79352.1	QXV79352.1
QXV79354.1	QXV79354.1
QXV79355.1	QXV79355.1
QXV79355.1	QXV77204.1
QXV79355.1	QXV79604.1
QXV79355.1	QXV82434.1
QXV79355.1	QXV84553.1
QXV79355.1	QXV85507.1
QXV79355.1	QXV85834.1
QXV79357.1	QXV79357.1
QXV79366.1	QXV79366.1
QXV79366.1	QXV76491.1
QXV79366.1	QXV84008.1
QXV79366.1	QXV76143.1
QXV79366.1	QXV80774.1
QXV79366.1	QXV81839.1
QXV79366.1	XPK41222.1
QXV79366.1	QXV82262.1
QXV79366.1	QXV77384.1
QXV79366.1	QXV80545.1
QXV79366.1	QXV80684.1
QXV79366.1	QXV81613.1
QXV79366.1	QXV83654.1
QXV79366.1	QXV82446.1
QXV79380.1	QXV79380.1
QXV79380.1	QXV76506.1
QXV79380.1	QXV80700.1
QXV79380.1	QXV82461.1
QXV79380.1	QXV83329.1
QXV79380.1	QXV83669.1
QXV79380.1	QXV81857.1
QXV79380.1	QXV84023.1
QXV79380.1	QXV81942.1
QXV79380.1	QXV79474.1
QXV79382.1	QXV79382.1
QXV79384.1	QXV79384.1
QXV79385.1	QXV79385.1
QXV79385.1	QXV84026.1
QXV79385.1	QXV77400.1
QXV79385.1	QXV76167.1
QXV79385.1	QXV76509.1
QXV79385.1	QXV80564.1
QXV79385.1	QXV80798.1
QXV79385.1	QXV81862.1
QXV79385.1	QXV83672.1
QXV79385.1	QXV80704.1
QXV79385.1	QXV81632.1
QXV79385.1	QXV82282.1
QXV79385.1	QXV82464.1
QXV79395.1	QXV79395.1
QXV79399.1	QXV79399.1
QXV79402.1	QXV79402.1
QXV80917.1	QXV80917.1
QXV80917.1	QXV77484.1
QXV80917.1	QXV75568.1
QXV80917.1	QXV81140.1
QXV80927.1	QXV80927.1
QXV80927.1	QXV76593.1
QXV80927.1	QXV77929.1
QXV80942.1	QXV80942.1
QXV80948.1	QXV80948.1
QXV80948.1	QXV76614.1
QXV80948.1	QXV77741.1
QXV80948.1	QXV81171.1
QXV80948.1	QXV75598.1
QXV80948.1	QXV82788.1
QXV80948.1	QXV79834.1
QXV80948.1	QXV77515.1
QXV80948.1	QXV77950.1
QXV80948.1	QXV82569.1
QXV80948.1	QXV84127.1
QXV80949.1	QXV80949.1
QXV80949.1	QXV75599.1
QXV80949.1	QXV76615.1
QXV80949.1	QXV77516.1
QXV80949.1	QXV77951.1
QXV80949.1	QXV81172.1
QXV80949.1	QXV77742.1
QXV80949.1	QXV82570.1
QXV80961.1	QXV80961.1
QXV80985.1	QXV80985.1
QXV80991.1	QXV80991.1
QXV80998.1	QXV80998.1
QXV80999.1	QXV80999.1
QXV81001.1	QXV81001.1
XPK41231.1	XPK41231.1
XPK41233.1	XPK41233.1
XPK41235.1	XPK41235.1
XPK41235.1	NP_046779.1
XPK41242.1	XPK41242.1
XPK41242.1	XPK41798.1
XPK41242.1	XPK42988.1
XPK41242.1	XPK40567.1
XPK41242.1	XPK40657.1
XPK41242.1	XPK43410.1
XPK41242.1	XPK43506.1
XPK41242.1	YP_006527.1
XPK41243.1	XPK41243.1
XPK41244.1	XPK41244.1
XPK41246.1	XPK41246.1
XPK41247.1	XPK41247.1
XPK41249.1	XPK41249.1
XPK41250.1	XPK41250.1
XPK41253.1	XPK41253.1
XPK41258.1	XPK41258.1
XPK41258.1	XPK41345.1
XPK41259.1	XPK41259.1
XPK41261.1	XPK41261.1
XPK41262.1	XPK41262.1
XPK41263.1	XPK41263.1
XPK41264.1	XPK41264.1
XPK41265.1	XPK41265.1
XPK41266.1	XPK41266.1
XPK41267.1	XPK41267.1
XPK41268.1	XPK41268.1
XPK41269.1	XPK41269.1
XPK41271.1	XPK41271.1
XPK41276.1	XPK41276.1
XPK41277.1	XPK41277.1
XPK41277.1	XPK41717.1
XPK41277.1	YP_007112540.1
XPK41277.1	NP_040581.1
XPK41277.1	XPK41218.1
XPK41277.1	QXV85854.1
XPK41277.1	AYD82777.1
XPK41277.1	NP_049796.1
XPK41277.1	QXV75023.1
XPK41277.1	QXV75294.1
XPK41277.1	QXV75871.1
XPK41277.1	QXV76228.1
XPK41277.1	QXV76862.1
XPK41277.1	QXV78459.1
XPK41277.1	QXV78727.1
XPK41277.1	QXV79006.1
XPK41277.1	QXV81999.1
XPK41277.1	QXV83048.1
XPK41277.1	QXV83384.1
XPK41277.1	QXV84754.1
XPK41277.1	XPK40854.1
XPK41277.1	QXV80854.1
XPK41277.1	NP_042010.1
XPK41277.1	QXV76801.1
XPK41277.1	QXV78398.1
XPK41277.1	QXV80630.1
XPK41277.1	XPK40392.1
XPK41277.1	XPK40904.1
XPK41277.1	XPK42529.1
XPK41278.1	XPK41278.1
XPK41279.1	XPK41279.1
XPK41280.1	XPK41280.1
XPK41281.1	XPK41281.1
XPK41282.1	XPK41282.1
XPK41283.1	XPK41283.1
XPK41284.1	XPK41284.1
XPK41285.1	XPK41285.1
XPK41285.1	XPK42225.1
XPK41285.1	XPK40161.1
XPK41285.1	XPK40262.1
XPK41285.1	XPK41550.1
XPK41285.1	XPK41825.1
XPK41285.1	XPK41948.1
XPK41285.1	XPK42661.1
XPK41285.1	XPK43036.1
XPK41285.1	XPK43247.1
XPK41285.1	XPK42790.1
XPK41285.1	QXV75784.1
XPK41285.1	YP_950537.1
XPK41285.1	XPK40705.1
XPK41286.1	XPK41286.1
XPK41287.1	XPK41287.1
XPK41288.1	XPK41288.1
XPK41288.1	XPK43405.1
XPK41288.1	XPK40561.1
XPK41288.1	XPK40652.1
XPK41288.1	XPK42983.1
XPK41288.1	XPK43500.1
XPK41288.1	NP_040587.1
XPK41288.1	YP_007112546.1
XPK41288.1	NP_046760.1
XPK41288.1	QXV85745.1
XPK41288.1	QXV79517.1
XPK41288.1	QXV82347.1
XPK41288.1	QXV84465.1
XPK41288.1	QXV85427.1
XPK41288.1	QXV78434.1
XPK41288.1	QXV76837.1
XPK41288.1	XPK40892.1
XPK41288.1	XPK40433.1
XPK41288.1	QXV80668.1
XPK41288.1	QXV80893.1
XPK41288.1	XPK40944.1
XPK41288.1	XPK42569.1
XPK41288.1	NP_041997.1
XPK41288.1	NP_041998.1
XPK41288.1	XPK43674.1
XPK41288.1	XPK40453.1
XPK41288.1	XPK40964.1
XPK41288.1	XPK42086.1
XPK41288.1	XPK42453.1
XPK41288.1	XPK42588.1
XPK41288.1	XPK43175.1
XPK41288.1	QXV79365.1
XPK41288.1	QXV76490.1
XPK41288.1	QXV77383.1
XPK41288.1	QXV80683.1
XPK41288.1	QXV82261.1
XPK41288.1	QXV82445.1
XPK41288.1	QXV84007.1
XPK41288.1	QXV75787.1
XPK41288.1	XPK42793.1
XPK41288.1	YP_950534.1
XPK41288.1	QXV76142.1
XPK41288.1	QXV80773.1
XPK41288.1	QXV81838.1
XPK41288.1	QXV79270.1
XPK41288.1	QXV77118.1
XPK41288.1	QXV80544.1
XPK41288.1	QXV81612.1
XPK41288.1	QXV83653.1
XPK41288.1	XPK42338.1
XPK41288.1	XPK41115.1
XPK41288.1	XPK41376.1
XPK41288.1	XPK43562.1
XPK41288.1	QXV81699.1
XPK41288.1	QXV80908.1
XPK41288.1	QXV75559.1
XPK41288.1	QXV76574.1
XPK41288.1	QXV77475.1
XPK41288.1	QXV77702.1
XPK41288.1	QXV77910.1
XPK41288.1	QXV79795.1
XPK41288.1	QXV81131.1
XPK41288.1	QXV82529.1
XPK41288.1	QXV82749.1
XPK41288.1	QXV84087.1
XPK41288.1	QXV85519.1
XPK41288.1	QXV83743.1
XPK41288.1	QXV78137.1
XPK41288.1	QXV81354.1
XPK41288.1	XPK41951.1
XPK41288.1	XPK41828.1
XPK41288.1	XPK43039.1
XPK41288.1	XPK43250.1
XPK41288.1	XPK42228.1
XPK41288.1	XPK40164.1
XPK41288.1	XPK40265.1
XPK41288.1	XPK41553.1
XPK41288.1	XPK42664.1
XPK41288.1	XPK41657.1
XPK41288.1	QXV79457.1
XPK41288.1	QXV81925.1
XPK41288.1	QXV82975.1
XPK41288.1	QXV83312.1
XPK41288.1	QXV85016.1
XPK41288.1	XPK41044.1
XPK41288.1	XPK42882.1
XPK41288.1	XPK41753.1
XPK41289.1	XPK41289.1
XPK41291.1	XPK41291.1
XPK41292.1	XPK41292.1
XPK41296.1	XPK41296.1
XPK41296.1	XPK41295.1
XPK41298.1	XPK41298.1
XPK41300.1	XPK41300.1
XPK41301.1	XPK41301.1
XPK41302.1	XPK41302.1
XPK41303.1	XPK41303.1
XPK41303.1	NP_418441.1
XPK41303.1	XPK40715.1
XPK41304.1	XPK41304.1
XPK41305.1	XPK41305.1
XPK41306.1	XPK41306.1
XPK41307.1	XPK41307.1
XPK41309.1	XPK41309.1
XPK41310.1	XPK41310.1
XPK41310.1	YP_950539.1
XPK41310.1	QXV75781.1
XPK41310.1	XPK42787.1
XPK41312.1	XPK41312.1
XPK41313.1	XPK41313.1
XPK41315.1	XPK41315.1
XPK41316.1	XPK41316.1
XPK41319.1	XPK41319.1
XPK41320.1	XPK41320.1
XPK41321.1	XPK41321.1
XPK41321.1	XPK41260.1
XPK41321.1	QXV83682.1
XPK41321.1	QXV76515.1
XPK41321.1	QXV79391.1
XPK41321.1	QXV80570.1
XPK41321.1	QXV80715.1
XPK41321.1	QXV81638.1
XPK41321.1	QXV82294.1
XPK41321.1	QXV82470.1
XPK41321.1	QXV84034.1
XPK41321.1	QXV77410.1
XPK41321.1	QXV80804.1
XPK41321.1	QXV76174.1
XPK41321.1	QXV81869.1
XPK41322.1	XPK41322.1
XPK41323.1	XPK41323.1
XPK41323.1	XPK41790.1
XPK41323.1	QXV85809.1
XPK41323.1	QXV79579.1
XPK41323.1	QXV82407.1
XPK41323.1	QXV84525.1
XPK41323.1	QXV85485.1
XPK41323.1	QXV79326.1
XPK41323.1	QXV77176.1
XPK41323.1	XPK42628.1
XPK41323.1	XPK42493.1
XPK41323.1	XPK40493.1
XPK41323.1	XPK41005.1
XPK41323.1	XPK41089.1
XPK41323.1	QXV79499.1
XPK41323.1	QXV81968.1
XPK41323.1	QXV83017.1
XPK41323.1	QXV83354.1
XPK41323.1	QXV85058.1
XPK41323.1	XPK41701.1
XPK41323.1	XPK42927.1
XPK41323.1	XPK42125.1
XPK41323.1	XPK43213.1
XPK41323.1	XPK43714.1
XPK41325.1	XPK41325.1
XPK41325.1	YP_007112584.1
XPK41325.1	NP_040629.1
XPK41326.1	XPK41326.1
XPK41327.1	XPK41327.1
XPK41328.1	XPK41328.1
XPK41330.1	XPK41330.1
XPK41331.1	XPK41331.1
XPK41332.1	XPK41332.1
XPK41334.1	XPK41334.1
XPK41335.1	XPK41335.1
XPK41336.1	XPK41336.1
XPK41337.1	XPK41337.1
XPK41339.1	XPK41339.1
XPK41341.1	XPK41341.1
XPK41342.1	XPK41342.1
XPK41343.1	XPK41343.1
XPK41346.1	XPK41346.1
XPK41347.1	XPK41347.1
XPK41348.1	XPK41348.1
XPK41349.1	XPK41349.1
XPK41350.1	XPK41350.1
XPK41351.1	XPK41351.1
XPK41352.1	XPK41352.1
XPK41353.1	XPK41353.1
XPK41354.1	XPK41354.1
XPK41355.1	XPK41355.1
XPK41356.1	XPK41356.1
XPK41357.1	XPK41357.1
XPK41358.1	XPK41358.1
XPK41359.1	XPK41359.1
XPK41360.1	XPK41360.1
XPK41361.1	XPK41361.1
XPK41362.1	XPK41362.1
XPK41363.1	XPK41363.1
XPK41364.1	XPK41364.1
XPK41365.1	XPK41365.1
XPK41366.1	XPK41366.1
XPK41398.1	XPK41398.1
XPK41398.1	XPK41137.1
XPK41398.1	XPK42360.1
XPK41398.1	XPK43584.1
XPK41399.1	XPK41399.1
XPK41400.1	XPK41400.1
XPK41400.1	XPK41139.1
XPK41400.1	XPK42362.1
XPK41400.1	XPK43586.1
XPK41410.1	XPK41410.1
XPK41410.1	XPK41149.1
XPK41410.1	XPK42372.1
XPK41410.1	XPK43596.1
XPK41410.1	NP_414726.1
XPK41412.1	XPK41412.1
XPK41412.1	XPK41151.1
XPK41412.1	XPK42374.1
XPK41412.1	XPK43598.1
XPK41413.1	XPK41413.1
XPK41414.1	XPK41414.1
XPK41414.1	XPK42375.1
XPK41418.1	XPK41418.1
XPK41418.1	XPK41155.1
XPK41418.1	XPK42379.1
XPK41418.1	XPK43602.1
XPK41418.1	NP_417667.1
XPK41418.1	NP_417666.1
XPK41418.1	XPK42316.1
XPK41418.1	XPK41637.1
XPK41418.1	XPK42775.1
XPK41418.1	NP_417929.4
XPK41418.1	NP_418573.1
XPK41418.1	NP_418814.1
XPK41423.1	XPK41423.1
XPK41424.1	XPK41424.1
XPK41424.1	XPK41161.1
XPK41424.1	XPK42385.1
XPK41424.1	XPK43608.1
XPK41425.1	XPK41425.1
XPK41428.1	XPK41428.1
XPK41430.1	XPK41430.1
XPK41432.1	XPK41432.1
XPK41432.1	XPK42393.1
XPK41432.1	XPK43616.1
XPK41432.1	XPK41169.1
XPK41433.1	XPK41433.1
XPK41436.1	XPK41436.1
XPK41442.1	XPK41442.1
XPK41445.1	XPK41445.1
XPK41448.1	XPK41448.1
XPK41448.1	XPK41184.1
XPK41448.1	XPK43631.1
XPK41454.1	XPK41454.1
XPK41455.1	XPK41455.1
XPK41455.1	XPK41191.1
XPK41455.1	XPK42416.1
XPK41455.1	XPK43639.1
XPK41456.1	XPK41456.1
XPK41456.1	XPK42417.1
XPK41456.1	XPK43640.1
XPK41457.1	XPK41457.1
XPK41458.1	XPK41458.1
XPK41459.1	XPK41459.1
XPK41460.1	XPK41460.1
XPK41463.1	XPK41463.1
XPK41465.1	XPK41465.1
XPK41465.1	XPK41200.1
XPK41465.1	XPK42425.1
XPK41465.1	XPK43647.1
XPK41467.1	XPK41467.1
XPK41467.1	XPK41202.1
XPK41470.1	XPK41470.1
XPK41470.1	XPK41205.1
XPK41471.1	XPK41471.1
XPK41479.1	XPK41479.1
XPK41479.1	XPK41213.1
XPK41479.1	XPK42440.1
XPK41565.1	XPK41565.1
XPK41565.1	XPK41299.1
XPK41569.1	XPK41569.1
XPK41569.1	XPK42244.1
XPK41569.1	XPK43056.1
XPK41569.1	XPK40504.1
XPK41569.1	AXN58150.1
XPK41569.1	AYD82709.1
XPK41569.1	NP_049721.1
XPK41569.1	QXV76078.1
XPK41569.1	QXV76432.1
XPK41569.1	QXV82200.1
XPK41569.1	QXV86063.1
XPK41569.1	QXV77042.1
XPK41569.1	QXV78938.1
XPK41569.1	QXV84954.1
XPK41569.1	XPK41968.1
XPK41569.1	XPK42505.1
XPK41569.1	XPK43725.1
XPK41572.1	XPK41572.1
XPK41577.1	XPK41577.1
XPK41587.1	XPK41587.1
XPK41587.1	XPK40203.1
XPK41590.1	XPK41590.1
XPK41594.1	XPK41594.1
XPK41600.1	XPK41600.1
XPK41600.1	XPK40216.1
XPK41600.1	XPK40324.1
XPK41600.1	XPK41885.1
XPK41600.1	XPK42008.1
XPK41600.1	XPK42276.1
XPK41600.1	XPK42721.1
XPK41600.1	XPK43099.1
XPK41600.1	XPK43304.1
XPK41603.1	XPK41603.1
XPK41603.1	XPK42281.1
XPK41603.1	XPK40219.1
XPK41603.1	XPK42013.1
XPK41603.1	XPK43104.1
XPK41603.1	XPK43309.1
XPK41603.1	XPK40329.1
XPK41603.1	XPK42725.1
XPK41603.1	XPK41891.1
XPK41617.1	XPK41617.1
XPK41617.1	XPK42296.1
XPK41617.1	XPK40233.1
XPK41617.1	XPK42028.1
XPK41617.1	XPK43118.1
XPK41617.1	XPK43323.1
XPK41620.1	XPK41620.1
XPK41620.1	XPK42299.1
XPK41620.1	XPK43121.1
XPK41625.1	XPK41625.1
XPK41626.1	XPK41626.1
XPK41626.1	XPK43134.1
XPK41626.1	XPK40242.1
XPK41626.1	XPK41923.1
XPK41626.1	XPK42044.1
XPK41626.1	XPK42752.1
XPK41626.1	XPK42305.1
XPK41626.1	XPK40356.1
XPK41626.1	XPK43336.1
XPK41627.1	XPK41627.1
XPK41627.1	XPK42708.1
XPK41627.1	XPK42683.1
XPK41627.1	XPK40184.1
XPK41627.1	XPK40283.1
XPK41627.1	XPK41571.1
XPK41627.1	XPK41846.1
XPK41627.1	XPK41970.1
XPK41627.1	XPK42246.1
XPK41627.1	XPK43058.1
XPK41627.1	XPK43268.1
XPK41630.1	XPK41630.1
XPK41635.1	XPK41635.1
XPK41638.1	XPK41638.1
XPK41639.1	XPK41639.1
XPK41641.1	XPK41641.1
XPK41641.1	XPK40252.1
XPK41641.1	XPK42320.1
XPK41641.1	XPK42769.1
XPK41644.1	XPK41644.1
XPK41646.1	XPK41646.1
XPK41646.1	XPK43162.1
XPK41653.1	XPK41653.1
XPK41659.1	XPK41659.1
XPK41661.1	XPK41661.1
XPK41661.1	QXV83316.1
XPK41661.1	XPK41048.1
XPK41665.1	XPK41665.1
XPK41666.1	XPK41666.1
XPK41667.1	XPK41667.1
XPK41677.1	XPK41677.1
XPK41677.1	QXV85035.1
XPK41677.1	QXV79477.1
XPK41677.1	QXV82994.1
XPK41677.1	QXV83332.1
XPK41677.1	XPK41065.1
XPK41677.1	XPK42902.1
XPK41680.1	XPK41680.1
XPK41684.1	XPK41684.1
XPK41685.1	XPK41685.1
XPK41688.1	XPK41688.1
XPK41688.1	QXV79487.1
XPK41688.1	QXV81955.1
XPK41688.1	QXV83342.1
XPK41688.1	XPK41076.1
XPK41688.1	XPK42913.1
XPK41688.1	QXV83005.1
XPK41688.1	QXV85046.1
XPK41688.1	XPK41880.1
XPK41688.1	XPK40314.1
XPK41688.1	XPK42001.1
XPK41688.1	XPK42712.1
XPK41688.1	XPK43091.1
XPK41688.1	XPK43296.1
XPK41698.1	XPK41698.1
XPK41698.1	QXV81965.1
XPK41698.1	QXV83014.1
XPK41698.1	QXV83351.1
XPK41698.1	QXV79496.1
XPK41699.1	XPK41699.1
XPK41702.1	XPK41702.1
XPK41703.1	XPK41703.1
XPK41703.1	XPK41091.1
XPK41704.1	XPK41704.1
XPK41706.1	XPK41706.1
XPK41711.1	XPK41711.1
XPK41711.1	QXV83028.1
XPK41711.1	QXV79509.1
XPK41711.1	QXV83364.1
XPK41711.1	XPK42939.1
XPK41713.1	XPK41713.1
XPK41714.1	XPK41714.1
XPK41718.1	XPK41718.1
XPK41722.1	XPK41722.1
XPK41723.1	XPK41723.1
XPK41723.1	QXV79541.1
XPK41723.1	QXV85767.1
XPK41723.1	QXV82371.1
XPK41724.1	XPK41724.1
XPK41725.1	XPK41725.1
XPK41726.1	XPK41726.1
XPK41727.1	XPK41727.1
XPK41728.1	XPK41728.1
XPK41730.1	XPK41730.1
XPK41731.1	XPK41731.1
XPK41731.1	QXV76681.1
XPK41731.1	QXV75661.1
XPK41731.1	QXV77580.1
XPK41731.1	QXV77805.1
XPK41731.1	QXV78018.1
XPK41731.1	QXV79902.1
XPK41731.1	QXV81013.1
XPK41731.1	QXV81236.1
XPK41731.1	QXV82635.1
XPK41731.1	QXV82853.1
XPK41731.1	QXV84193.1
XPK41731.1	QXV85627.1
XPK41732.1	XPK41732.1
XPK41733.1	XPK41733.1
XPK41734.1	XPK41734.1
XPK41736.1	XPK41736.1
XPK41737.1	XPK41737.1
XPK41738.1	XPK41738.1
XPK41739.1	XPK41739.1
XPK41740.1	XPK41740.1
XPK41742.1	XPK41742.1
XPK41743.1	XPK41743.1
XPK41744.1	XPK41744.1
XPK41745.1	XPK41745.1
XPK41746.1	XPK41746.1
XPK41747.1	XPK41747.1
XPK41748.1	XPK41748.1
XPK41749.1	XPK41749.1
XPK41749.1	QXV80601.1
XPK41750.1	XPK41750.1
XPK41751.1	XPK41751.1
XPK41752.1	XPK41752.1
XPK41752.1	XPK43499.1
XPK41752.1	XPK40560.1
XPK41752.1	XPK40651.1
XPK41752.1	XPK42982.1
XPK41752.1	XPK43404.1
XPK41752.1	QXV76139.1
XPK41752.1	QXV81834.1
XPK41752.1	QXV82260.1
XPK41752.1	QXV80682.1
XPK41752.1	QXV84005.1
XPK41752.1	QXV79363.1
XPK41752.1	QXV76488.1
XPK41752.1	QXV80541.1
XPK41752.1	QXV80542.1
XPK41752.1	QXV80681.1
XPK41752.1	QXV77381.1
XPK41752.1	QXV82259.1
XPK41752.1	QXV80772.1
XPK41752.1	QXV81610.1
XPK41752.1	QXV82443.1
XPK41752.1	QXV83651.1
XPK41752.1	QXV81611.1
XPK41752.1	QXV77382.1
XPK41754.1	XPK41754.1
XPK41755.1	XPK41755.1
XPK41756.1	XPK41756.1
XPK41756.1	YP_007112548.1
XPK41756.1	NP_040589.1
XPK41756.1	QXV83747.1
XPK41756.1	QXV78141.1
XPK41756.1	QXV81358.1
XPK41756.1	XPK43514.1
XPK41756.1	XPK40574.1
XPK41756.1	XPK40665.1
XPK41756.1	XPK42995.1
XPK41756.1	XPK43417.1
XPK41756.1	XPK43565.1
XPK41756.1	XPK41118.1
XPK41756.1	XPK41379.1
XPK41756.1	XPK42341.1
XPK41756.1	XPK41224.1
XPK41756.1	QXV80686.1
XPK41756.1	QXV79368.1
XPK41756.1	QXV80547.1
XPK41756.1	QXV81615.1
XPK41756.1	QXV82264.1
XPK41756.1	QXV82448.1
XPK41756.1	QXV83656.1
XPK41756.1	QXV84010.1
XPK41756.1	XPK43680.1
XPK41756.1	XPK40460.1
XPK41756.1	XPK40971.1
XPK41756.1	XPK43181.1
XPK41756.1	QXV80776.1
XPK41756.1	QXV76145.1
XPK41756.1	QXV76493.1
XPK41756.1	QXV79460.1
XPK41756.1	QXV81841.1
XPK41756.1	QXV82978.1
XPK41756.1	QXV83315.1
XPK41756.1	QXV85019.1
XPK41756.1	XPK41660.1
XPK41756.1	XPK42885.1
XPK41756.1	XPK42594.1
XPK41756.1	XPK42092.1
XPK41756.1	XPK42460.1
XPK41756.1	QXV77386.1
XPK41756.1	QXV81928.1
XPK41756.1	XPK41047.1
XPK41756.1	QXV81702.1
XPK41756.1	QXV85750.1
XPK41756.1	QXV79522.1
XPK41756.1	QXV82352.1
XPK41756.1	QXV84470.1
XPK41756.1	QXV85432.1
XPK41762.1	XPK41762.1
XPK41764.1	XPK41764.1
XPK41764.1	XPK43187.1
XPK41764.1	XPK43523.1
XPK41764.1	XPK40673.1
XPK41764.1	XPK43426.1
XPK41764.1	XPK40582.1
XPK41765.1	XPK41765.1
XPK41765.1	QXV76499.1
XPK41765.1	QXV81848.1
XPK41765.1	QXV80783.1
XPK41765.1	XPK41056.1
XPK41765.1	QXV82985.1
XPK41765.1	YP_007112554.1
XPK41765.1	XPK41391.1
XPK41765.1	XPK41130.1
XPK41765.1	XPK42353.1
XPK41765.1	XPK43577.1
XPK41765.1	XPK42604.1
XPK41765.1	XPK43191.1
XPK41765.1	XPK40981.1
XPK41768.1	XPK41768.1
XPK41768.1	XPK43693.1
XPK41768.1	XPK40473.1
XPK41768.1	XPK40984.1
XPK41768.1	XPK42105.1
XPK41768.1	XPK42473.1
XPK41768.1	XPK42607.1
XPK41768.1	XPK43194.1
XPK41768.1	QXV79531.1
XPK41768.1	QXV75580.1
XPK41768.1	QXV76596.1
XPK41768.1	QXV77131.1
XPK41768.1	QXV77496.1
XPK41768.1	QXV77723.1
XPK41768.1	QXV77932.1
XPK41768.1	QXV79283.1
XPK41768.1	QXV79816.1
XPK41768.1	QXV80930.1
XPK41768.1	QXV81152.1
XPK41768.1	QXV82361.1
XPK41768.1	QXV82550.1
XPK41768.1	QXV82770.1
XPK41768.1	QXV84108.1
XPK41768.1	QXV84479.1
XPK41768.1	QXV85441.1
XPK41768.1	QXV85540.1
XPK41768.1	QXV85759.1
XPK41770.1	XPK41770.1
XPK41770.1	QXV80799.1
XPK41770.1	QXV76168.1
XPK41770.1	QXV81863.1
XPK41770.1	QXV82465.1
XPK41770.1	QXV83673.1
XPK41770.1	QXV84027.1
XPK41770.1	QXV77401.1
XPK41770.1	QXV80565.1
XPK41770.1	QXV81633.1
XPK41770.1	QXV79386.1
XPK41770.1	QXV76510.1
XPK41770.1	QXV80705.1
XPK41770.1	QXV82283.1
XPK41770.1	XPK43532.1
XPK41770.1	NP_418483.1
XPK41770.1	XPK40591.1
XPK41770.1	XPK40682.1
XPK41770.1	XPK40735.1
XPK41770.1	XPK41248.1
XPK41770.1	XPK43012.1
XPK41770.1	XPK43435.1
XPK41770.1	YP_006485.1
XPK41771.1	XPK41771.1
XPK41771.1	XPK40900.1
XPK41771.1	QXV83762.1
XPK41771.1	XPK40716.1
XPK41771.1	XPK42609.1
XPK41771.1	XPK40590.1
XPK41771.1	XPK40681.1
XPK41771.1	XPK40986.1
XPK41771.1	XPK42107.1
XPK41771.1	XPK42475.1
XPK41771.1	XPK43011.1
XPK41771.1	XPK43434.1
XPK41771.1	QXV81379.1
XPK41771.1	QXV78162.1
XPK41771.1	QXV83770.1
XPK41771.1	XPK42784.1
XPK41771.1	XPK43531.1
XPK41771.1	XPK40475.1
XPK41771.1	XPK43196.1
XPK41771.1	XPK43695.1
XPK41772.1	XPK41772.1
XPK41773.1	XPK41773.1
XPK41773.1	QXV85196.1
XPK41773.1	QXV77324.1
XPK41773.1	QXV79735.1
XPK41773.1	QXV80131.1
XPK41773.1	QXV80303.1
XPK41773.1	QXV80483.1
XPK41773.1	QXV84411.1
XPK41773.1	QXV84680.1
XPK41773.1	QXV85369.1
XPK41773.1	YP_006868.1
XPK41774.1	XPK41774.1
XPK41775.1	XPK41775.1
XPK41776.1	XPK41776.1
XPK41777.1	XPK41777.1
XPK41779.1	XPK41779.1
XPK41780.1	XPK41780.1
XPK41780.1	QXV85790.1
XPK41780.1	XPK43521.1
XPK41781.1	XPK41781.1
XPK41781.1	QXV81683.1
XPK41781.1	QXV80617.1
XPK41785.1	XPK41785.1
XPK41787.1	XPK41787.1
XPK41787.1	XPK40733.1
XPK41787.1	XPK41338.1
XPK41787.1	NP_416169.1
XPK41787.1	NP_418586.4
XPK41787.1	XPK41892.1
XPK41787.1	XPK40220.1
XPK41787.1	XPK40330.1
XPK41787.1	XPK41604.1
XPK41787.1	XPK42014.1
XPK41787.1	XPK42282.1
XPK41787.1	XPK42726.1
XPK41787.1	XPK43105.1
XPK41787.1	XPK43310.1
XPK41788.1	XPK41788.1
XPK41789.1	XPK41789.1
XPK41791.1	XPK41791.1
XPK41791.1	XPK41075.1
XPK41791.1	QXV83341.1
XPK41791.1	QXV85045.1
XPK41791.1	QXV79486.1
XPK41791.1	QXV81954.1
XPK41791.1	QXV83004.1
XPK41791.1	XPK40239.1
XPK41791.1	XPK41687.1
XPK41791.1	XPK42912.1
XPK41792.1	XPK41792.1
XPK41793.1	XPK41793.1
XPK41794.1	XPK41794.1
XPK41795.1	XPK41795.1
XPK41797.1	XPK41797.1
XPK41799.1	XPK41799.1
XPK41801.1	XPK41801.1
XPK41802.1	XPK41802.1
XPK41803.1	XPK41803.1
XPK41804.1	XPK41804.1
XPK41805.1	XPK41805.1
XPK41806.1	XPK41806.1
XPK41807.1	XPK41807.1
XPK41808.1	XPK41808.1
XPK41809.1	XPK41809.1
XPK41810.1	XPK41810.1
XPK41811.1	XPK41811.1
XPK41813.1	XPK41813.1
XPK41814.1	XPK41814.1
XPK41816.1	XPK41816.1
XPK41817.1	XPK41817.1
XPK41818.1	XPK41818.1
XPK41820.1	XPK41820.1
